invalid-hostname	1053400	ai
invalid-hostname	1240290	dev-eu-w-01-sgmm-0-0
invalid-hostname	1872158	tk
invalid-hostname	1969256	ws
invalid-hostname	1971080	www.amazon
invalid-hostname	1971087	www.com
invalid-hostname	1971089	www.de
invalid-hostname	1971094	www.ee
invalid-hostname	1971095	www.fr
invalid-hostname	1971100	www.goo
invalid-hostname	1971132	www.ki
invalid-hostname	1971133	www.la
invalid-hostname	1971134	www.microsoft
invalid-hostname	1971136	www.net
invalid-hostname	1971140	www.org
invalid-hostname	1971142	www.porn
invalid-hostname	1971143	www.ru
invalid-hostname	1971144	www.uk
invalid-hostname	1971145	www.uol
invalid-hostname	1971146	www.us
invalid-hostname	1971147	www.uz
invalid-hostname	1971148	www.xxx
invalid-hostname	2419347	https://www.com
invalid-hostname	2508258	http://ww.xn--15-.new-rutor.org
invalid-hostname	2663165	https://railcom-.pandape.computrabajo.com
invalid-hostname	3019349	www.uz
invalid-hostname	3026108	www.gr
invalid-hostname	3031105	www.info
invalid-hostname	3032660	www.google
invalid-hostname	3032776	www.la
invalid-hostname	3033231	www.coop
invalid-hostname	3043264	www.st
invalid-hostname	3048259	www.here
invalid-hostname	3048707	www.youtube
invalid-hostname	3052214	www.com
invalid-hostname	3061844	www.pr
invalid-hostname	3062821	www.amazon
invalid-hostname	3073059	www.gl
invalid-hostname	3079364	www.fr
invalid-hostname	3079761	www.kr
invalid-hostname	3081503	www.tr
invalid-hostname	3082454	www.br
invalid-hostname	3123333	www.th
invalid-hostname	3134722	www.cr
invalid-hostname	3180404	www.ch
invalid-hostname	3181813	www.org
invalid-hostname	3204739	www.sl
invalid-hostname	3243421	www.de
invalid-hostname	3254988	www.sk
invalid-hostname	3260835	www.by
invalid-hostname	3280564	www.id
invalid-hostname	3304565	www.ma
invalid-hostname	3312125	www.pe
invalid-hostname	3319459	www.sm
invalid-hostname	3350420	www.sj
invalid-hostname	3386293	www.xyz
invalid-hostname	3395163	www.red
invalid-hostname	3427218	www.best
invalid-hostname	3559801	www.pa
invalid-hostname	3566016	www.ren
invalid-hostname	3581353	www.me
invalid-hostname	3582261	www.gu
invalid-hostname	3588952	www.frontier
invalid-hostname	3597076	www.contact
invalid-hostname	3604151	www.se
invalid-hostname	3606974	www.city
invalid-hostname	3662730	www.pf
invalid-hostname	3708473	www.be
invalid-hostname	3791348	www.hr
invalid-hostname	3793689	www.sa
invalid-hostname	3813444	www.sg
invalid-hostname	3883765	www.art
invalid-hostname	3889109	www.kn
invalid-hostname	3902027	www.sn
invalid-hostname	3904450	www.pet
invalid-hostname	3959255	www.ee
invalid-hostname	3992964	www.sh
invalid-hostname	4013572	www.com
invalid-hostname	4019597	www.youtube
invalid-hostname	4042150	www.info
invalid-hostname	4051776	www.google
invalid-hostname	4136089	www.ru
invalid-hostname	4153803	www.hr
invalid-hostname	4165269	www.la
invalid-hostname	4165384	www.cn
invalid-hostname	4180499	www.you
invalid-hostname	4197281	www.de
invalid-hostname	4246771	www.amazon
invalid-hostname	4279816	www.ee
invalid-hostname	4294696	www.my
invalid-hostname	4309872	www.xxx
invalid-hostname	4319941	www.in
invalid-hostname	4320009	www.tv
invalid-hostname	4320790	www.sg
invalid-hostname	4360604	www.fi
invalid-hostname	4385367	www.uol
invalid-hostname	4397285	www.co
invalid-hostname	4425601	www.me
invalid-hostname	4428319	www.pa
invalid-hostname	4429770	www.to
invalid-hostname	4435720	www.ck
invalid-hostname	4452899	www.org
invalid-hostname	4471280	www.ma
invalid-hostname	4524927	www.im
invalid-hostname	4526185	www.net
invalid-hostname	4535877	www.uz
invalid-hostname	4559621	www.gr
invalid-hostname	4560154	www.ch
invalid-hostname	4567591	www.st
invalid-hostname	4574782	www.io
invalid-hostname	4582658	www.ca
invalid-hostname	4617994	www.sh
invalid-hostname	4625326	www.gt
invalid-hostname	4625555	www.gov
invalid-hostname	4635222	www.am
invalid-hostname	4638144	www.fr
invalid-hostname	4638549	www.by
invalid-hostname	4642208	www.se
invalid-hostname	4655311	www.online
invalid-hostname	4665349	www.new
invalid-hostname	4692046	www.be
invalid-hostname	4699202	www.re
invalid-hostname	4717393	www.va
invalid-hostname	4741401	www.no
invalid-hostname	4748769	www.li
invalid-hostname	4761440	www.ba
invalid-hostname	4770228	www.link
invalid-hostname	4774559	www.al
invalid-hostname	4799437	www.world
invalid-hostname	4804611	www.sa
invalid-hostname	4814745	www.bbc
invalid-hostname	4817429	www.ro
invalid-hostname	4819637	www.th
invalid-hostname	4835169	www.pr
invalid-hostname	4860421	www.sex
invalid-hostname	4868130	www.moscow
invalid-hostname	4868707	www.pl
invalid-hostname	4883008	www.it
invalid-hostname	4898080	www.health
invalid-hostname	4951689	www.fm
invalid-hostname	4955720	www.ac
invalid-hostname	4968417	www.flickr
invalid-hostname	4973688	www.es
invalid-hostname	4980355	www.yahoo
invalid-hostname	4984346	www.so
invalid-hostname	4997947	www.microsoft
invalid-hostname	5002882	www.site
invalid-hostname	5126832	www.gt
invalid-hostname	5235045	www.is
invalid-hostname	5271429	www.com
invalid-hostname	5476433	www.it
invalid-hostname	5667912	www.you
invalid-hostname	5740206	www.nab
invalid-hostname	5783662	www.ad
invalid-hostname	5874148	#NAME?
invalid-hostname	5885012	smaato_sdk_remote_config\.json.sdk-files.smaato.net
invalid-hostname	5890365	administrator.-container.supertms.com
invalid-hostname	5909128	#NAME?
invalid-hostname	5914899	#NAME?
invalid-hostname	5917027	administrator.---netoppofindmgmtkubernetes-repo-administrator.supertms.com
invalid-hostname	5928494	#NAME?
invalid-hostname	5940008	#NAME?
invalid-hostname	5947100	-------netadmin13profiles-10-------netadmin13profiles-18.lel.asia
invalid-hostname	5947108	wire.2.-------netadmin13profiles-10-------netadmin13profiles-18.lel.asia
invalid-hostname	5947109	2.-------netadmin13profiles-10-------netadmin13profiles-18.lel.asia
invalid-hostname	5949480	#NAME?
invalid-hostname	5951776	--east-3admin.---10-18-4-c.lel.asia
invalid-hostname	5953728	wire.--east-3admin.---10-18-4-c.lel.asia
invalid-hostname	5956352	#NAME?
invalid-hostname	5957337	#NAME?
invalid-hostname	5959195	#NAME?
invalid-hostname	5969647	#NAME?
invalid-hostname	5972008	2.-10-18-admin.lel.asia
invalid-hostname	5972232	-------addr-1wwwmisewww---netadmin8.lel.asia
invalid-hostname	5972913	2.-------addr-1wwwmisewww---netadmin8.lel.asia
invalid-hostname	5973556	wire.2.-------addr-1wwwmisewww---netadmin8.lel.asia
invalid-hostname	5976949	#NAME?
invalid-hostname	5979855	#NAME?
invalid-hostname	5979925	wire.c.-------------------------northeastaddradminwwwcymwww.lel.asia
invalid-hostname	5979926	c.-------------------------northeastaddradminwwwcymwww.lel.asia
invalid-hostname	5982855	wire.2.-10-18-admin.lel.asia
invalid-hostname	5984464	#NAME?
invalid-hostname	5986031	#NAME?
invalid-hostname	5987644	administrator.--0---netoppofindoppofindstage0apache.supertms.com
invalid-hostname	5987967	------1docs-18-adminbh-arppofindast-1---netadmin8.lel.asia
invalid-hostname	5989004	2.------1docs-18-adminbh-arppofindast-1---netadmin8.lel.asia
invalid-hostname	5989537	wire.2.------1docs-18-adminbh-arppofindast-1---netadmin8.lel.asia
invalid-hostname	5990658	#NAME?
invalid-hostname	5993927	#NAME?
invalid-hostname	5994012	glategoryfronicsadnswildcardproducts.wire.2.-------netadmin13profiles-10-------netadmin13profiles-18.lel.asia
invalid-hostname	5997353	--east-3adminreate.wire.--east-3admin.---10-18-4-c.lel.asia
invalid-hostname	6009853	administrator.--0---container-cert-administrator-dev-test.supertms.com
invalid-hostname	6012021	-------1-8-3-admin-18-admin8-3misewww.lel.asia
invalid-hostname	6012131	wire.c.-------1-8-3-admin-18-admin8-3misewww.lel.asia
invalid-hostname	6012136	c.-------1-8-3-admin-18-admin8-3misewww.lel.asia
invalid-hostname	6015025	administrator.---netoppofindk8s-dev-test.supertms.com
invalid-hostname	6018997	---10-18-northeast-1misewww.lel.asia
invalid-hostname	6020498	comssets.glategoryfronicsadnswildcardproducts.wire.2.-------netadmin13profiles-10-------netadmin13profiles-18.lel.asia
invalid-hostname	6020684	administrator.-containerapache.supertms.com
invalid-hostname	6021037	glategoryfronicsadnswildcardproducts.wire.2.-------addr-1wwwmisewww---netadmin8.lel.asia
invalid-hostname	6021795	c.---10-18-northeast-1misewww.lel.asia
invalid-hostname	6022120	-17.canva-apps.cn
invalid-hostname	6022851	0-0-0-ejemploapachehwadmin.administrator.---netoppofindmgmtkubernetes-repo-administrator.supertms.com
invalid-hostname	6024163	wire.c.---10-18-northeast-1misewww.lel.asia
invalid-hostname	6024211	#NAME?
invalid-hostname	6028575	administrator.-0-ejemplo-control.supertms.com
invalid-hostname	6031742	-------------------net6profileseastmap-idmisewww-3-3misewww.lel.asia
invalid-hostname	6031853	wire.c.-------------------net6profileseastmap-idmisewww-3-3misewww.lel.asia
invalid-hostname	6031861	c.-------------------net6profileseastmap-idmisewww-3-3misewww.lel.asia
invalid-hostname	6033398	glategoryfronicsadnswildcardproducts.wire.2.-10-18-admin.lel.asia
invalid-hostname	6036190	----north2037-3misewww.lel.asia
invalid-hostname	6036851	-----------------------------west-1www-3-3misewww-1-1east-1.lel.asia
invalid-hostname	6038521	c.----north2037-3misewww.lel.asia
invalid-hostname	6040975	wire.c.----north2037-3misewww.lel.asia
invalid-hostname	6041169	staticl54staticl5431zy2zy-promo.wire.c.-------------------------northeastaddradminwwwcymwww.lel.asia
invalid-hostname	6041379	----south-3adminwww.lel.asia
invalid-hostname	6044805	c.----south-3adminwww.lel.asia
invalid-hostname	6044998	#NAME?
invalid-hostname	6047070	administrator.-containerhe.supertms.com
invalid-hostname	6047762	wire.c.----south-3adminwww.lel.asia
invalid-hostname	6051622	-12.canva-apps.cn
invalid-hostname	6052485	c.-----------------------------west-1www-3-3misewww-1-1east-1.lel.asia
invalid-hostname	6053269	#NAME?
invalid-hostname	6056607	comssets.glategoryfronicsadnswildcardproducts.wire.2.-10-18-admin.lel.asia
invalid-hostname	6058016	create.wire.c.-------1-8-3-admin-18-admin8-3misewww.lel.asia
invalid-hostname	6059124	------------------bh-242-2adminast-1-3-algorand-9mise.lel.asia
invalid-hostname	6059252	wire.c.------------------bh-242-2adminast-1-3-algorand-9mise.lel.asia
invalid-hostname	6059270	c.------------------bh-242-2adminast-1-3-algorand-9mise.lel.asia
invalid-hostname	6060479	administrator.---0-0-documents-metrics.supertms.com
invalid-hostname	6062601	-26.myoas.net
invalid-hostname	6063004	#NAME?
invalid-hostname	6064192	#NAME?
invalid-hostname	6065052	create.wire.c.----south-3adminwww.lel.asia
invalid-hostname	6065212	#NAME?
invalid-hostname	6065253	create.wire.c.----north2037-3misewww.lel.asia
invalid-hostname	6065777	wire.c.-----------------------------west-1www-3-3misewww-1-1east-1.lel.asia
invalid-hostname	6068392	comssets.glategoryfronicsadnswildcardproducts.wire.2.-------addr-1wwwmisewww---netadmin8.lel.asia
invalid-hostname	6069636	c.--addr-adminwww.lel.asia
invalid-hostname	6069650	glategoryfronicsadnswildcardproducts.wire.2.------1docs-18-adminbh-arppofindast-1---netadmin8.lel.asia
invalid-hostname	6070344	#NAME?
invalid-hostname	6071986	kubernetes.administrator.--0---netoppofindoppofindstage0apache.supertms.com
invalid-hostname	6073870	#NAME?
invalid-hostname	6073930	wire.c.--------------------------eastwww-----reports8-admincymwww.lel.asia
invalid-hostname	6073951	c.--------------------------eastwww-----reports8-admincymwww.lel.asia
invalid-hostname	6074882	create.wire.c.-------------------net6profileseastmap-idmisewww-3-3misewww.lel.asia
invalid-hostname	6076493	create.wire.c.------------------bh-242-2adminast-1-3-algorand-9mise.lel.asia
invalid-hostname	6079334	wire.c.--addr-adminwww.lel.asia
invalid-hostname	6083615	clientistratorscorp.-container.supertms.com
invalid-hostname	6084821	-10-18.lel.asia
invalid-hostname	6085415	m4.wire.c.-----------------------------west-1www-3-3misewww-1-1east-1.lel.asia
invalid-hostname	6094962	stg.-26.myoas.net
invalid-hostname	6099996	akali-comssets.staticl54staticl5431zy2zy-promo.wire.c.-------------------------northeastaddradminwwwcymwww.lel.asia
invalid-hostname	6100778	#NAME?
invalid-hostname	6100889	#NAME?
invalid-hostname	6102345	administrator-paywall.-container.supertms.com
invalid-hostname	6106979	c.-----northeastwww.lel.asia
invalid-hostname	6109305	docsapi.-0-0-disabledapacheids.supertms.com
invalid-hostname	6109597	--10-181east.lel.asia
invalid-hostname	6109685	wire.c.-----northeastwww.lel.asia
invalid-hostname	6111344	kubernetes.administrator.-containerapache.supertms.com
invalid-hostname	6112122	net-huanqiuyulechengzhenqiandubo.stg.-26.myoas.net
invalid-hostname	6112948	redirectme.net-huanqiuyulechengzhenqiandubo.stg.-26.myoas.net
invalid-hostname	6113785	-----------------------0-github-admin2-3-3misewww.lel.asia
invalid-hostname	6113901	wire.c.-----------------------0-github-admin2-3-3misewww.lel.asia
invalid-hostname	6113930	c.-----------------------0-github-admin2-3-3misewww.lel.asia
invalid-hostname	6116920	create.wire.c.---10-18-northeast-1misewww.lel.asia
invalid-hostname	6118672	akali-comssets.create.wire.c.----south-3adminwww.lel.asia
invalid-hostname	6121490	#NAME?
invalid-hostname	6122595	c.--10-181east.lel.asia
invalid-hostname	6123396	#NAME?
invalid-hostname	6126240	create.wire.c.--addr-adminwww.lel.asia
invalid-hostname	6129681	create.m4.wire.c.-----------------------------west-1www-3-3misewww-1-1east-1.lel.asia
invalid-hostname	6131425	wire.c.--10-181east.lel.asia
invalid-hostname	6131539	-25.oppofind.com
invalid-hostname	6131564	administrator.---containerapi-administrator-cloud0.supertms.com
invalid-hostname	6132677	---0f4jmo51o2-9mise.lel.asia
invalid-hostname	6132840	16.-25.oppofind.com
invalid-hostname	6133457	comssets.glategoryfronicsadnswildcardproducts.wire.2.------1docs-18-adminbh-arppofindast-1---netadmin8.lel.asia
invalid-hostname	6134195	kubernetestps.-container.supertms.com
invalid-hostname	6134545	akali-comssets.create.wire.c.------------------bh-242-2adminast-1-3-algorand-9mise.lel.asia
invalid-hostname	6139246	docsapi.-container.supertms.com
invalid-hostname	6140533	#NAME?
invalid-hostname	6141373	create.wire.c.-----------------------0-github-admin2-3-3misewww.lel.asia
invalid-hostname	6141843	kubernetes.administrator.---netoppofindk8s-dev-test.supertms.com
invalid-hostname	6142614	c.---0f4jmo51o2-9mise.lel.asia
invalid-hostname	6142955	------------------centraladmin-1devwwwadminwww.lel.asia
invalid-hostname	6143029	wire.c.------------------centraladmin-1devwwwadminwww.lel.asia
invalid-hostname	6143070	c.------------------centraladmin-1devwwwadminwww.lel.asia
invalid-hostname	6143705	#NAME?
invalid-hostname	6149443	www.com
invalid-hostname	6152247	-----------------0bfxno1cym-1-31cym2-9mise-1deveast-idmisewww.lel.asia
invalid-hostname	6152354	wire.c.-----------------0bfxno1cym-1-31cym2-9mise-1deveast-idmisewww.lel.asia
invalid-hostname	6152389	c.-----------------0bfxno1cym-1-31cym2-9mise-1deveast-idmisewww.lel.asia
invalid-hostname	6154348	wire.c.---0f4jmo51o2-9mise.lel.asia
invalid-hostname	6157336	staticl5432zy-promo.comssets.glategoryfronicsadnswildcardproducts.wire.2.-10-18-admin.lel.asia
invalid-hostname	6157697	#NAME?
invalid-hostname	6160578	-keyid-98c9adda71fffe5adcdb482062ec07e5c5a97aca.microsoftaik.azure.net
invalid-hostname	6161911	-----------------2038entraladmin-18-3adminwww-1t15cvqch15h.lel.asia
invalid-hostname	6162434	administrator.-0-0-asanascorp.supertms.com
invalid-hostname	6162509	#NAME?
invalid-hostname	6164525	#NAME?
invalid-hostname	6165065	----addr-adminwwwentraladmin-1dev.lel.asia
invalid-hostname	6165448	akali-comssets.create.wire.c.----north2037-3misewww.lel.asia
invalid-hostname	6166207	#NAME?
invalid-hostname	6166557	create.wire.c.--10-181east.lel.asia
invalid-hostname	6168402	----east-admineast-3adminast-2admin.lel.asia
invalid-hostname	6168922	akali---east-3adminomssets.--east-3adminreate.wire.--east-3admin.---10-18-4-c.lel.asia
invalid-hostname	6169531	#NAME?
invalid-hostname	6169848	-------------------northeast-113profiles-1-1t15cvqch15h-3.lel.asia
invalid-hostname	6170699	-----------------10-collector-213-1ipv10-1dev-1dev-3.lel.asia
invalid-hostname	6170973	wire.c.-----------------10-collector-213-1ipv10-1dev-1dev-3.lel.asia
invalid-hostname	6171005	c.-----------------10-collector-213-1ipv10-1dev-1dev-3.lel.asia
invalid-hostname	6171781	c.----east-admineast-3adminast-2admin.lel.asia
invalid-hostname	6173923	staticl5432zy-promo.comssets.glategoryfronicsadnswildcardproducts.wire.2.-------netadmin13profiles-10-------netadmin13profiles-18.lel.asia
invalid-hostname	6174021	wire.c.----east-admineast-3adminast-2admin.lel.asia
invalid-hostname	6178021	#NAME?
invalid-hostname	6181095	--addr-adminwww.----addr-adminwwwentraladmin-1dev.lel.asia
invalid-hostname	6181871	administrator.---kubernetesadministrator.supertms.com
invalid-hostname	6181884	staticl54staticl5431zy2zy-promo.wire.c.-----northeastwww.lel.asia
invalid-hostname	6185529	#NAME?
invalid-hostname	6185644	#NAME?
invalid-hostname	6186106	#NAME?
invalid-hostname	6187805	#NAME?
invalid-hostname	6187978	staticl54staticl5431zy2zy-promo.wire.c.--------------------------eastwww-----reports8-admincymwww.lel.asia
invalid-hostname	6188856	#NAME?
invalid-hostname	6189909	#NAME?
invalid-hostname	6190372	#NAME?
invalid-hostname	6193046	#NAME?
invalid-hostname	6196163	brazil.wire.c.-----------------0bfxno1cym-1-31cym2-9mise-1deveast-idmisewww.lel.asia
invalid-hostname	6196474	c.-10-18-northeast-1.----west-1-admin.lel.asia
invalid-hostname	6197263	----netadmin13profiles-1.lel.asia
invalid-hostname	6198373	-----------------addr-dev1--map-thmisewww---netadmin8-1devwww.lel.asia
invalid-hostname	6198557	wire.c.-----------------addr-dev1--map-thmisewww---netadmin8-1devwww.lel.asia
invalid-hostname	6198591	c.-----------------addr-dev1--map-thmisewww---netadmin8-1devwww.lel.asia
invalid-hostname	6199637	wire.--addr-adminwww.----addr-adminwwwentraladmin-1dev.lel.asia
invalid-hostname	6199641	tomcat.administrator.--0---container-cert-administrator-dev-test.supertms.com
invalid-hostname	6199689	#NAME?
invalid-hostname	6199998	#NAME?
invalid-hostname	6201910	c.-10-18.lel.asia
invalid-hostname	6203242	wire.c.-10-18-northeast-1.----west-1-admin.lel.asia
invalid-hostname	6204082	#NAME?
invalid-hostname	6204624	create.wire.c.---0f4jmo51o2-9mise.lel.asia
invalid-hostname	6204776	#NAME?
invalid-hostname	6204908	#NAME?
invalid-hostname	6207406	brazil.wire.c.----east-admineast-3adminast-2admin.lel.asia
invalid-hostname	6207866	brazil.wire.c.-----------------10-collector-213-1ipv10-1dev-1dev-3.lel.asia
invalid-hostname	6208329	#NAME?
invalid-hostname	6208520	bh-3t16cvqch6h.akali-comssets.create.wire.c.----south-3adminwww.lel.asia
invalid-hostname	6211119	wire.c-upload.-----------------2038entraladmin-18-3adminwww-1t15cvqch15h.lel.asia
invalid-hostname	6211154	c-upload.-----------------2038entraladmin-18-3adminwww-1t15cvqch15h.lel.asia
invalid-hostname	6211341	#NAME?
invalid-hostname	6211409	#NAME?
invalid-hostname	6211670	#NAME?
invalid-hostname	6211785	#NAME?
invalid-hostname	6212333	c.----netadmin13profiles-1.lel.asia
invalid-hostname	6212475	akali-comssets.create.wire.c.---10-18-northeast-1misewww.lel.asia
invalid-hostname	6214248	#NAME?
invalid-hostname	6215375	#NAME?
invalid-hostname	6215552	#NAME?
invalid-hostname	6217811	#NAME?
invalid-hostname	6218959	#NAME?
invalid-hostname	6220229	#NAME?
invalid-hostname	6220575	wire.c.-10-18.lel.asia
invalid-hostname	6221553	#NAME?
invalid-hostname	6221698	#NAME?
invalid-hostname	6222061	akali-comssets.create.wire.c.-------1-8-3-admin-18-admin8-3misewww.lel.asia
invalid-hostname	6222137	----------------------------10-181-uploadsinprofiles-1-30-3.lel.asia
invalid-hostname	6223727	wire.c.----netadmin13profiles-1.lel.asia
invalid-hostname	6223809	wire.c.-------10-18-netadminwww-idmisewww.lel.asia
invalid-hostname	6223851	c.-------10-18-netadminwww-idmisewww.lel.asia
invalid-hostname	6225414	#NAME?
invalid-hostname	6225677	administrator.---0-0--0-0-adm0-node-devs-global-loadbalancer.supertms.com
invalid-hostname	6226251	c.--10-18-admin-addr1east-3-admin.lel.asia
invalid-hostname	6226269	#NAME?
invalid-hostname	6227206	#NAME?
invalid-hostname	6227616	#NAME?
invalid-hostname	6227759	---10-18-3bh-2yc.lel.asia
invalid-hostname	6229035	#NAME?
invalid-hostname	6230445	#NAME?
invalid-hostname	6232316	#NAME?
invalid-hostname	6233420	#NAME?
invalid-hostname	6234933	c.---10-18-3bh-2yc.lel.asia
invalid-hostname	6235917	#NAME?
invalid-hostname	6237491	create.brazil.wire.c.----east-admineast-3adminast-2admin.lel.asia
invalid-hostname	6237663	#NAME?
invalid-hostname	6237856	brazil.wire.--addr-adminwww.----addr-adminwwwentraladmin-1dev.lel.asia
invalid-hostname	6238036	#NAME?
invalid-hostname	6239846	brazil.wire.c.-10-18-northeast-1.----west-1-admin.lel.asia
invalid-hostname	6240182	create.brazil.wire.c.-----------------0bfxno1cym-1-31cym2-9mise-1deveast-idmisewww.lel.asia
invalid-hostname	6241182	#NAME?
invalid-hostname	6242760	-----------------0bfxno1cym2-wien-181east-1.lel.asia
invalid-hostname	6242959	c.-----------------0bfxno1cym2-wien-181east-1.lel.asia
invalid-hostname	6243651	01vpncloud-gitwiresandbox.-17.canva-apps.cn
invalid-hostname	6243728	#NAME?
invalid-hostname	6245004	#NAME?
invalid-hostname	6245099	wire.c.---10-18-3bh-2yc.lel.asia
invalid-hostname	6245690	#NAME?
invalid-hostname	6246554	---10-13profiles-adminmisewww.lel.asia
invalid-hostname	6247115	wire.c.-----------------0bfxno1cym2-wien-181east-1.lel.asia
invalid-hostname	6247506	#NAME?
invalid-hostname	6247668	#NAME?
invalid-hostname	6247669	#NAME?
invalid-hostname	6248084	#NAME?
invalid-hostname	6248900	wire.c.--10-18-admin-addr1east-3-admin.lel.asia
invalid-hostname	6249001	#NAME?
invalid-hostname	6250303	create.brazil.wire.c.-----------------10-collector-213-1ipv10-1dev-1dev-3.lel.asia
invalid-hostname	6251072	#NAME?
invalid-hostname	6251586	#NAME?
invalid-hostname	6251837	#NAME?
invalid-hostname	6252010	#NAME?
invalid-hostname	6252261	#NAME?
invalid-hostname	6253024	#NAME?
invalid-hostname	6254750	administrator.---0-0-administrator-promoghelopapachenetoppofind-loadbalancer.supertms.com
invalid-hostname	6254842	-----------------10-18east-1ipv10-1devwww-1-3-1-admin.lel.asia
invalid-hostname	6255178	wire.c.-----------------10-18east-1ipv10-1devwww-1-3-1-admin.lel.asia
invalid-hostname	6255227	c.-----------------10-18east-1ipv10-1devwww-1-3-1-admin.lel.asia
invalid-hostname	6256235	#NAME?
invalid-hostname	6256328	#NAME?
invalid-hostname	6257810	#NAME?
invalid-hostname	6258334	#NAME?
invalid-hostname	6258335	#NAME?
invalid-hostname	6260198	#NAME?
invalid-hostname	6260515	#NAME?
invalid-hostname	6261047	administrator.-administratorscorp.supertms.com
invalid-hostname	6261177	staticl54staticl5431zy2zy-promo.wire.c.------------------centraladmin-1devwwwadminwww.lel.asia
invalid-hostname	6261554	wire.c.--10-181-admin.lel.asia
invalid-hostname	6261616	c.--10-181-admin.lel.asia
invalid-hostname	6261637	#NAME?
invalid-hostname	6262715	administrator-hwcdnistrator.-container.supertms.com
invalid-hostname	6262884	c.---10-13profiles-adminmisewww.lel.asia
invalid-hostname	6263801	#NAME?
invalid-hostname	6264052	#NAME?
invalid-hostname	6264431	#NAME?
invalid-hostname	6264529	#NAME?
invalid-hostname	6265044	#NAME?
invalid-hostname	6265866	0--0-0-betanetoppofind-loadbalancer.---0-apiserveristratorapacheapache.supertms.com
invalid-hostname	6266469	c.----------------------------10-181-uploadsinprofiles-1-30-3.lel.asia
invalid-hostname	6267321	wire.c-12ec123706.-------------------northeast-113profiles-1-1t15cvqch15h-3.lel.asia
invalid-hostname	6267367	c-12ec123706.-------------------northeast-113profiles-1-1t15cvqch15h-3.lel.asia
invalid-hostname	6267578	administrator.----0-apidocs-cloudnetoppofind-loadbalancer-administrator.supertms.com
invalid-hostname	6267861	#NAME?
invalid-hostname	6267862	#NAME?
invalid-hostname	6267933	brazil.wire.c.--10-181-admin.lel.asia
invalid-hostname	6268994	akali-comssets.create.wire.c.-------------------net6profileseastmap-idmisewww-3-3misewww.lel.asia
invalid-hostname	6270468	create.wire.c-upload.-----------------2038entraladmin-18-3adminwww-1t15cvqch15h.lel.asia
invalid-hostname	6271881	akali-comssets.staticl54staticl5431zy2zy-promo.wire.c.-----northeastwww.lel.asia
invalid-hostname	6272266	#NAME?
invalid-hostname	6272761	akali-comssets.create.wire.c.--addr-adminwww.lel.asia
invalid-hostname	6273124	brazil.wire.c.-------10-18-netadminwww-idmisewww.lel.asia
invalid-hostname	6276247	#NAME?
invalid-hostname	6276441	wire.c.---10-13profiles-adminmisewww.lel.asia
invalid-hostname	6276534	-------------------------10-18-admin-1t15cvqch15hwww-1-3misewww.lel.asia
invalid-hostname	6276643	wire.c.-------------------------10-18-admin-1t15cvqch15hwww-1-3misewww.lel.asia
invalid-hostname	6276721	c.-------------------------10-18-admin-1t15cvqch15hwww-1-3misewww.lel.asia
invalid-hostname	6277269	#NAME?
invalid-hostname	6278185	#NAME?
invalid-hostname	6282133	create.brazil.wire.c.-10-18-northeast-1.----west-1-admin.lel.asia
invalid-hostname	6282846	#NAME?
invalid-hostname	6283507	netoppofindauth.---netoppofindmgmtkubernetes-repo-netoppofindauth.supertms.com
invalid-hostname	6283697	#NAME?
invalid-hostname	6283986	akali-comssets.create.wire.c.--10-181east.lel.asia
invalid-hostname	6284707	comssets.create.brazil.wire.c.----east-admineast-3adminast-2admin.lel.asia
invalid-hostname	6285064	create.wire.c.---10-18-3bh-2yc.lel.asia
invalid-hostname	6285757	#NAME?
invalid-hostname	6285758	#NAME?
invalid-hostname	6286153	#NAME?
invalid-hostname	6289984	--0bfxno1cym.lel.asia
invalid-hostname	6289985	#NAME?
invalid-hostname	6290203	#NAME?
invalid-hostname	6291725	#NAME?
invalid-hostname	6293083	#NAME?
invalid-hostname	6293382	#NAME?
invalid-hostname	6293893	#NAME?
invalid-hostname	6294429	akali-comssets.create.wire.c.---0f4jmo51o2-9mise.lel.asia
invalid-hostname	6295721	#NAME?
invalid-hostname	6295722	#NAME?
invalid-hostname	6295732	staticl5432zy-promo.comssets.glategoryfronicsadnswildcardproducts.wire.2.-------addr-1wwwmisewww---netadmin8.lel.asia
invalid-hostname	6296151	akali-comssets.create.m4.wire.c.-----------------------------west-1www-3-3misewww-1-1east-1.lel.asia
invalid-hostname	6296170	#NAME?
invalid-hostname	6296769	create.wire.c.-----------------10-18east-1ipv10-1devwww-1-3-1-admin.lel.asia
invalid-hostname	6296934	#NAME?
invalid-hostname	6297176	#NAME?
invalid-hostname	6297177	#NAME?
invalid-hostname	6297848	#NAME?
invalid-hostname	6298810	#NAME?
invalid-hostname	6298891	administrator.---0-0-0-chef-hwcdneloperapache-administratorcorp.supertms.com
invalid-hostname	6298921	#NAME?
invalid-hostname	6299240	wire.c.----------------------------10-181-uploadsinprofiles-1-30-3.lel.asia
invalid-hostname	6299932	#NAME?
invalid-hostname	6300501	#NAME?
invalid-hostname	6301236	kubernetestps.----0-0-0-ejemploadminapache-administrator.supertms.com
invalid-hostname	6301359	create.wire.c.-----------------addr-dev1--map-thmisewww---netadmin8-1devwww.lel.asia
invalid-hostname	6302663	#NAME?
invalid-hostname	6304483	create.brazil.wire.c.--10-181-admin.lel.asia
invalid-hostname	6306331	c.--0bfxno1cym.lel.asia
invalid-hostname	6306924	#NAME?
invalid-hostname	6307166	#NAME?
invalid-hostname	6307281	#NAME?
invalid-hostname	6307368	comssets.create.brazil.wire.c.-----------------0bfxno1cym-1-31cym2-9mise-1deveast-idmisewww.lel.asia
invalid-hostname	6307523	#NAME?
invalid-hostname	6308359	#NAME?
invalid-hostname	6308594	#NAME?
invalid-hostname	6308815	administrator.-0-0-authenticationeloperapache-administrator.supertms.com
invalid-hostname	6309178	create.wire.c.--10-18-admin-addr1east-3-admin.lel.asia
invalid-hostname	6309759	#NAME?
invalid-hostname	6311303	#NAME?
invalid-hostname	6311834	test-.stanza.co
invalid-hostname	6314052	#NAME?
invalid-hostname	6315007	create.brazil.wire.c.-------10-18-netadminwww-idmisewww.lel.asia
invalid-hostname	6315692	testingapache.-container.supertms.com
invalid-hostname	6316938	#NAME?
invalid-hostname	6317045	#NAME?
invalid-hostname	6317182	#NAME?
invalid-hostname	6317453	#NAME?
invalid-hostname	6317948	-----------------------06-dev1comssets42umyhoj8n-1-3www-3east-3.lel.asia
invalid-hostname	6317960	wire.c.-----------------------06-dev1comssets42umyhoj8n-1-3www-3east-3.lel.asia
invalid-hostname	6318041	c.-----------------------06-dev1comssets42umyhoj8n-1-3www-3east-3.lel.asia
invalid-hostname	6319377	#NAME?
invalid-hostname	6320726	#NAME?
invalid-hostname	6321108	#NAME?
invalid-hostname	6321109	#NAME?
invalid-hostname	6321229	#NAME?
invalid-hostname	6324995	#NAME?
invalid-hostname	6325250	--addr-adminwwwreate.brazil.wire.--addr-adminwww.----addr-adminwwwentraladmin-1dev.lel.asia
invalid-hostname	6325501	#NAME?
invalid-hostname	6326237	#NAME?
invalid-hostname	6326562	brazil.wire.c.-----------------0bfxno1cym2-wien-181east-1.lel.asia
invalid-hostname	6327707	#NAME?
invalid-hostname	6329189	lms-lk.staticl54staticl5431zy2zy-promo.wire.c.------------------centraladmin-1devwwwadminwww.lel.asia
invalid-hostname	6329803	#NAME?
invalid-hostname	6329932	#NAME?
invalid-hostname	6330965	#NAME?
invalid-hostname	6331474	--------southeast-1t15cvqch15h.lel.asia
invalid-hostname	6333374	#NAME?
invalid-hostname	6333674	------------------premiseeast-1-3misewww.lel.asia
invalid-hostname	6334100	wire.c.------------------premiseeast-1-3misewww.lel.asia
invalid-hostname	6334198	c.------------------premiseeast-1-3misewww.lel.asia
invalid-hostname	6334613	wire.c.------------------------east-1-admin0--east-1-admin8-3www-1www.lel.asia
invalid-hostname	6334698	c.------------------------east-1-admin0--east-1-admin8-3www-1www.lel.asia
invalid-hostname	6334725	------------------------east-1-admin0--east-1-admin8-3www-1www.lel.asia
invalid-hostname	6334964	#NAME?
invalid-hostname	6335558	comssets.create.brazil.wire.c.-10-18-northeast-1.----west-1-admin.lel.asia
invalid-hostname	6337806	#NAME?
invalid-hostname	6338244	#NAME?
invalid-hostname	6338817	#NAME?
invalid-hostname	6338818	#NAME?
invalid-hostname	6339495	#NAME?
invalid-hostname	6339615	#NAME?
invalid-hostname	6340670	administrator.--0---firewallinistratorscorpistratorapacheids0apache.supertms.com
invalid-hostname	6340710	wire.c.--0bfxno1cym.lel.asia
invalid-hostname	6341132	2.---netadmin0---netadmin8.lel.asia
invalid-hostname	6341694	#NAME?
invalid-hostname	6341975	brazil.wire.c.---10-13profiles-adminmisewww.lel.asia
invalid-hostname	6343001	0-0-documentationistrator.---0-0-ejemplo-0-ejemploapache-stagingevents-administrator.supertms.com
invalid-hostname	6343115	brazil.wire.c-12ec123706.-------------------northeast-113profiles-1-1t15cvqch15h-3.lel.asia
invalid-hostname	6344057	#NAME?
invalid-hostname	6344571	comssets.create.brazil.wire.c.-----------------10-collector-213-1ipv10-1dev-1dev-3.lel.asia
invalid-hostname	6345311	administrator.---0-ejemplo-profiles-repo-administrator.supertms.com
invalid-hostname	6345374	#NAME?
invalid-hostname	6346112	#NAME?
invalid-hostname	6346800	administrator.--0---container-cert-administrator-billingfw-test.supertms.com
invalid-hostname	6347358	#NAME?
invalid-hostname	6348066	#NAME?
invalid-hostname	6348665	#NAME?
invalid-hostname	6349432	#NAME?
invalid-hostname	6350467	#NAME?
invalid-hostname	6350612	#NAME?
invalid-hostname	6351207	#NAME?
invalid-hostname	6351208	#NAME?
invalid-hostname	6351481	#NAME?
invalid-hostname	6352107	#NAME?
invalid-hostname	6352716	#NAME?
invalid-hostname	6353960	administrator.---0-0-administrator-0-0-apacapachenetoppofind-loadbalancerhe.supertms.com
invalid-hostname	6354459	#NAME?
invalid-hostname	6354544	create-ap-east.wire.c.----netadmin13profiles-1.lel.asia
invalid-hostname	6354593	#NAME?
invalid-hostname	6354727	2.-10-18.lel.asia
invalid-hostname	6355443	brazil.wire.c.-----------------------06-dev1comssets42umyhoj8n-1-3www-3east-3.lel.asia
invalid-hostname	6356170	comssets.create.brazil.wire.c.-------10-18-netadminwww-idmisewww.lel.asia
invalid-hostname	6356219	#NAME?
invalid-hostname	6356666	#NAME?
invalid-hostname	6356730	marketingapachenetoppofind.---0-0--containerapache-repo-administratorapacheapachepromo.supertms.com
invalid-hostname	6356828	#NAME?
invalid-hostname	6358330	wire.2.---netadmin0---netadmin8.lel.asia
invalid-hostname	6358619	#NAME?
invalid-hostname	6359392	#NAME?
invalid-hostname	6360859	akali-comssets.create.wire.c.-----------------------0-github-admin2-3-3misewww.lel.asia
invalid-hostname	6361028	#NAME?
invalid-hostname	6361492	#NAME?
invalid-hostname	6362074	#NAME?
invalid-hostname	6363060	#NAME?
invalid-hostname	6363061	#NAME?
invalid-hostname	6363062	#NAME?
invalid-hostname	6364485	---------------------------west-1www-3wwwwww13profiles-1www.lel.asia
invalid-hostname	6364612	#NAME?
invalid-hostname	6364622	wire.c.---------------------------west-1www-3wwwwww13profiles-1www.lel.asia
invalid-hostname	6364709	c.---------------------------west-1www-3wwwwww13profiles-1www.lel.asia
invalid-hostname	6364749	#NAME?
invalid-hostname	6364892	#NAME?
invalid-hostname	6365171	bh-arppofind.staticl5432zy-promo.comssets.glategoryfronicsadnswildcardproducts.wire.2.-------netadmin13profiles-10-------netadmin13profiles-18.lel.asia
invalid-hostname	6365203	#NAME?
invalid-hostname	6365337	administrator.--0--0----0-ejemplo-cloudapacheidssapache-repo-administrator.supertms.com
invalid-hostname	6366697	comssets.create.brazil.wire.c.--10-181-admin.lel.asia
invalid-hostname	6367514	-------northeast-3.lel.asia
invalid-hostname	6368252	wire.c.-------northeast-3.lel.asia
invalid-hostname	6368365	c.-------northeast-3.lel.asia
invalid-hostname	6368393	#NAME?
invalid-hostname	6369974	-1vpnold-gitwiresandbox.-12.canva-apps.cn
invalid-hostname	6369975	#NAME?
invalid-hostname	6370515	glategoryfronicsadnswildcardproducts.-1vpnold-gitwiresandbox.-12.canva-apps.cn
invalid-hostname	6370587	#NAME?
invalid-hostname	6371061	comssets.glategoryfronicsadnswildcardproducts.-1vpnold-gitwiresandbox.-12.canva-apps.cn
invalid-hostname	6371463	-3azuredevs-65tpp0l-bh-secure-cse-video-private-a-dnssubsets.comssets.glategoryfronicsadnswildcardproducts.-1vpnold-gitwiresandbox.-12.canva-apps.cn
invalid-hostname	6371697	idc-lorien.-3azuredevs-65tpp0l-bh-secure-cse-video-private-a-dnssubsets.comssets.glategoryfronicsadnswildcardproducts.-1vpnold-gitwiresandbox.-12.canva-apps.cn
invalid-hostname	6371929	#NAME?
invalid-hostname	6372389	webproxy.idc-lorien.-3azuredevs-65tpp0l-bh-secure-cse-video-private-a-dnssubsets.comssets.glategoryfronicsadnswildcardproducts.-1vpnold-gitwiresandbox.-12.canva-apps.cn
invalid-hostname	6372564	staticl54staticl5431zy2zy-promo.wire.c.-------------------------10-18-admin-1t15cvqch15hwww-1-3misewww.lel.asia
invalid-hostname	6373751	-------------------------1-8-3-admin-18-admin8-3misewwwcym-1.lel.asia
invalid-hostname	6375209	administrator.--0---netoppofind0-ejemplo-teststage0apache.supertms.com
invalid-hostname	6375423	#NAME?
invalid-hostname	6375740	#NAME?
invalid-hostname	6376052	#NAME?
invalid-hostname	6376232	*.hcaptcha.com
invalid-hostname	6377631	bh-arppofind.akali-comssets.create.wire.c.-------1-8-3-admin-18-admin8-3misewww.lel.asia
invalid-hostname	6377993	#NAME?
invalid-hostname	6378323	#NAME?
invalid-hostname	6378651	#NAME?
invalid-hostname	6378812	#NAME?
invalid-hostname	6378931	alpha.---0-0-disabled0-0-azureapache-marketingids-rpcapache.supertms.com
invalid-hostname	6379482	#NAME?
invalid-hostname	6379640	#NAME?
invalid-hostname	6380472	0-0-administratorsapacheadmin.-container.supertms.com
invalid-hostname	6380473	0--netoppofindcdn--0-0-dashboardapache0-controlapache.---0-0-dashboardapache0-control.supertms.com
invalid-hostname	6380646	#NAME?
invalid-hostname	6380647	#NAME?
invalid-hostname	6381643	#NAME?
invalid-hostname	6382126	akali-comssets.create.wire.c.---10-18-3bh-2yc.lel.asia
invalid-hostname	6382278	administrator.---0--0--2021-developinistrator.supertms.com
invalid-hostname	6382303	#NAME?
invalid-hostname	6382644	wvutsr9jpw6qr.16.-25.oppofind.com
invalid-hostname	6382957	#NAME?
invalid-hostname	6382987	stage.---0--0-cms-firewallnetoppofindstagejenkins0-ejemplo.supertms.com
invalid-hostname	6383321	wire.c.-------------------------1-8-3-admin-18-admin8-3misewwwcym-1.lel.asia
invalid-hostname	6383416	c.-------------------------1-8-3-admin-18-admin8-3misewwwcym-1.lel.asia
invalid-hostname	6383726	administrator.---0--0-0-accounting-firewallinistratorscorpistratorcdn.supertms.com
invalid-hostname	6383752	#NAME?
invalid-hostname	6383880	administrator.---0-ejemplo-mirror-control.supertms.com
invalid-hostname	6385209	#NAME?
invalid-hostname	6385383	#NAME?
invalid-hostname	6386221	wire.2.-10-18.lel.asia
invalid-hostname	6386868	#NAME?
invalid-hostname	6387052	#NAME?
invalid-hostname	6387725	------------------------southeast-1cym-1www-1-3-1-admin-1devwww.lel.asia
invalid-hostname	6388041	0-0-documentationistrator.--0---0-0-0-ejemploadmin-payjenkins-0-0-0-ejemploadminapache.supertms.com
invalid-hostname	6388052	wire.c.------------------------southeast-1cym-1www-1-3-1-admin-1devwww.lel.asia
invalid-hostname	6388168	c.------------------------southeast-1cym-1www-1-3-1-admin-1devwww.lel.asia
invalid-hostname	6388666	akali---2-wien-1.create.wire.c.-----------------10-18east-1ipv10-1devwww-1-3-1-admin.lel.asia
invalid-hostname	6389412	#NAME?
invalid-hostname	6390051	administrator.---administratorapache-restricted-administrator-ssl-0-documents.supertms.com
invalid-hostname	6392467	#NAME?
invalid-hostname	6393188	#NAME?
invalid-hostname	6393352	#NAME?
invalid-hostname	6393521	#NAME?
invalid-hostname	6394598	wire.c.------------------0bfxno1cym2-wien-181east-1profiles-1.lel.asia
invalid-hostname	6394715	c.------------------0bfxno1cym2-wien-181east-1profiles-1.lel.asia
invalid-hostname	6394761	#NAME?
invalid-hostname	6394762	------------------0bfxno1cym2-wien-181east-1profiles-1.lel.asia
invalid-hostname	6395607	#NAME?
invalid-hostname	6395940	#NAME?
invalid-hostname	6396277	#NAME?
invalid-hostname	6396420	administrator.---0-0-asanascorp-restricted-w3eloperapache-administrator.supertms.com
invalid-hostname	6396577	create.wire.c.--0bfxno1cym.lel.asia
invalid-hostname	6396670	#NAME?
invalid-hostname	6396671	#NAME?
invalid-hostname	6396841	#NAME?
invalid-hostname	6398051	#NAME?
invalid-hostname	6398736	#NAME?
invalid-hostname	6400511	administrator.---0-0-administrator-nfnetoppofind-loadbalancerapache.supertms.com
invalid-hostname	6401095	#NAME?
invalid-hostname	6401805	#NAME?
invalid-hostname	6402158	--0---0-0-0--0-0-0apache-smtpidscorpapache-control.supertms.com
invalid-hostname	6402677	#NAME?
invalid-hostname	6403755	#NAME?
invalid-hostname	6403933	#NAME?
invalid-hostname	6404257	#NAME?
invalid-hostname	6404363	create.brazil.wire.c-12ec123706.-------------------northeast-113profiles-1-1t15cvqch15h-3.lel.asia
invalid-hostname	6404743	administrator.-0-0-assetsapache-documents-administrator.supertms.com
invalid-hostname	6405145	#NAME?
invalid-hostname	6405526	#NAME?
invalid-hostname	6405919	#NAME?
invalid-hostname	6405920	#NAME?
invalid-hostname	6405956	stage.---0-0-developnetoppofindstageasana-administrator-bitbucket.supertms.com
invalid-hostname	6406381	bh-arppofind.akali-comssets.staticl54staticl5431zy2zy-promo.wire.c.-----northeastwww.lel.asia
invalid-hostname	6407152	#NAME?
invalid-hostname	6408647	#NAME?
invalid-hostname	6409044	#NAME?
invalid-hostname	6409435	#NAME?
invalid-hostname	6411312	#NAME?
invalid-hostname	6411522	#NAME?
invalid-hostname	6411670	administrator.-container-apache.supertms.com
invalid-hostname	6412187	create.brazil.wire.c.---10-13profiles-adminmisewww.lel.asia
invalid-hostname	6412613	accapachesjenkins0.---netoppofindk8s-dev-test.supertms.com
invalid-hostname	6413204	#NAME?
invalid-hostname	6413377	------------------------northeast-admin-3misewww.lel.asia
invalid-hostname	6415262	#NAME?
invalid-hostname	6415831	vpncloud-gitwiresandbox.-12.canva-apps.cn
invalid-hostname	6416126	glategoryfronicsadnswildcardproducts.vpncloud-gitwiresandbox.-12.canva-apps.cn
invalid-hostname	6416349	create.brazil.wire.c.-----------------0bfxno1cym2-wien-181east-1.lel.asia
invalid-hostname	6416350	create.brazil.wire.c.-----------------------06-dev1comssets42umyhoj8n-1-3www-3east-3.lel.asia
invalid-hostname	6416352	comssets.create.brazil.wire.c.-----------------------06-dev1comssets42umyhoj8n-1-3www-3east-3.lel.asia
invalid-hostname	6416824	#NAME?
invalid-hostname	6418165	#NAME?
invalid-hostname	6418349	#NAME?
invalid-hostname	6418528	--0--0--0-0-apiadminapacheistrator-cms-firewall-0.supertms.com
invalid-hostname	6419263	comssets.glategoryfronicsadnswildcardproducts.vpncloud-gitwiresandbox.-12.canva-apps.cn
invalid-hostname	6419480	azuredevs-65tpp8l-bh-secure-cse-video-private-a-dnssubsets.comssets.glategoryfronicsadnswildcardproducts.vpncloud-gitwiresandbox.-12.canva-apps.cn
invalid-hostname	6419540	01vpncloud-gitwiresandbox-2.-17.canva-apps.cn
invalid-hostname	6419645	idc-lorien.azuredevs-65tpp8l-bh-secure-cse-video-private-a-dnssubsets.comssets.glategoryfronicsadnswildcardproducts.vpncloud-gitwiresandbox.-12.canva-apps.cn
invalid-hostname	6419654	glategoryfronicsadnswildcardproducts.01vpncloud-gitwiresandbox-2.-17.canva-apps.cn
invalid-hostname	6419876	comssets.glategoryfronicsadnswildcardproducts.01vpncloud-gitwiresandbox-2.-17.canva-apps.cn
invalid-hostname	6420221	idc-lorien.azuredevs-65tpp0l-bh-secure-cse-video-private-a-dnssubsets.comssets.glategoryfronicsadnswildcardproducts.01vpncloud-gitwiresandbox-2.-17.canva-apps.cn
invalid-hostname	6420267	azuredevs-65tpp0l-bh-secure-cse-video-private-a-dnssubsets.comssets.glategoryfronicsadnswildcardproducts.01vpncloud-gitwiresandbox-2.-17.canva-apps.cn
invalid-hostname	6420318	webproxy.idc-lorien.azuredevs-65tpp8l-bh-secure-cse-video-private-a-dnssubsets.comssets.glategoryfronicsadnswildcardproducts.vpncloud-gitwiresandbox.-12.canva-apps.cn
invalid-hostname	6420319	webproxy.idc-lorien.azuredevs-65tpp0l-bh-secure-cse-video-private-a-dnssubsets.comssets.glategoryfronicsadnswildcardproducts.01vpncloud-gitwiresandbox-2.-17.canva-apps.cn
invalid-hostname	6421624	administrator.-0-cms-firewall.supertms.com
invalid-hostname	6421873	#NAME?
invalid-hostname	6422096	*.googleapis.com
invalid-hostname	6423061	administrator.--0---netoppofindoppofind0-0-develop-trainistratorapache.supertms.com
invalid-hostname	6423298	#NAME?
invalid-hostname	6423705	#NAME?
invalid-hostname	6425325	wire.c-upload.--------southeast-1t15cvqch15h.lel.asia
invalid-hostname	6425438	c-upload.--------southeast-1t15cvqch15h.lel.asia
invalid-hostname	6426271	#NAME?
invalid-hostname	6427477	ejemploountapache.---containerapi-ejemploountapache-cloud0.supertms.com
invalid-hostname	6427730	administrator.--0---0-0-disabled0-ejemplo-ebsids-administrator.supertms.com
invalid-hostname	6427807	#NAME?
invalid-hostname	6427837	staticl54staticl5431zy2zy-promo.wire.c.------------------------east-1-admin0--east-1-admin8-3www-1www.lel.asia
invalid-hostname	6428239	#NAME?
invalid-hostname	6428694	staticl54staticl5431zy2zy-promo.wire.c.------------------premiseeast-1-3misewww.lel.asia
invalid-hostname	6428862	#NAME?
invalid-hostname	6429506	netoppofindfilenetoppofindstagejenkins0.---netoppofindk8s-dev-test.supertms.com
invalid-hostname	6429648	#NAME?
invalid-hostname	6429869	#NAME?
invalid-hostname	6430366	#NAME?
invalid-hostname	6430563	#NAME?
invalid-hostname	6431908	#NAME?
invalid-hostname	6433239	2glategoryfronicsadnswildcardproducts.01vpncloud-gitwiresandbox.-17.canva-apps.cn
invalid-hostname	6433697	#NAME?
invalid-hostname	6433698	#NAME?
invalid-hostname	6434053	comssets.2glategoryfronicsadnswildcardproducts.01vpncloud-gitwiresandbox.-17.canva-apps.cn
invalid-hostname	6434480	azuredevs-65tpp0l-bh-secure-cse-video-private-a-dnssubsets.comssets.2glategoryfronicsadnswildcardproducts.01vpncloud-gitwiresandbox.-17.canva-apps.cn
invalid-hostname	6434661	idc-lorien.azuredevs-65tpp0l-bh-secure-cse-video-private-a-dnssubsets.comssets.2glategoryfronicsadnswildcardproducts.01vpncloud-gitwiresandbox.-17.canva-apps.cn
invalid-hostname	6434746	#NAME?
invalid-hostname	6434761	webproxy.idc-lorien.azuredevs-65tpp0l-bh-secure-cse-video-private-a-dnssubsets.comssets.2glategoryfronicsadnswildcardproducts.01vpncloud-gitwiresandbox.-17.canva-apps.cn
invalid-hostname	6434980	#NAME?
invalid-hostname	6436018	administrator.---0-0-apacheinistrator-administrator.supertms.com
invalid-hostname	6436162	glategoryfronicsadnswildcardproducts.01vpncloud-gitwiresandbox-1.-17.canva-apps.cn
invalid-hostname	6436211	brazil.wire.c.-------northeast-3.lel.asia
invalid-hostname	6436275	01vpncloud-gitwiresandbox-1.-17.canva-apps.cn
invalid-hostname	6436297	webproxy.idc-lorien.azuredevs-65tpp0l-bh-secure-cse-video-private-a-dnssubsets.comssets.glategoryfronicsadnswildcardproducts.01vpncloud-gitwiresandbox-1.-17.canva-apps.cn
invalid-hostname	6436376	idc-lorien.azuredevs-65tpp0l-bh-secure-cse-video-private-a-dnssubsets.comssets.glategoryfronicsadnswildcardproducts.01vpncloud-gitwiresandbox-1.-17.canva-apps.cn
invalid-hostname	6436413	comssets.glategoryfronicsadnswildcardproducts.01vpncloud-gitwiresandbox-1.-17.canva-apps.cn
invalid-hostname	6436423	azuredevs-65tpp0l-bh-secure-cse-video-private-a-dnssubsets.comssets.glategoryfronicsadnswildcardproducts.01vpncloud-gitwiresandbox-1.-17.canva-apps.cn
invalid-hostname	6436699	#NAME?
invalid-hostname	6437536	#NAME?
invalid-hostname	6437537	#NAME?
invalid-hostname	6437538	#NAME?
invalid-hostname	6437957	#NAME?
invalid-hostname	6437996	stage.---0-0-brandapache.supertms.com
invalid-hostname	6438883	#NAME?
invalid-hostname	6439027	administratorscorpingapacheidsistrator.---netoppofindk8s-dev-test.supertms.com
invalid-hostname	6439297	#NAME?
invalid-hostname	6439298	#NAME?
invalid-hostname	6439537	#NAME?
invalid-hostname	6439538	#NAME?
invalid-hostname	6439753	-----------------16uthentic-1deveast-3www-31cym13profiles-1.lel.asia
invalid-hostname	6439976	wire.c.-----------------16uthentic-1deveast-3www-31cym13profiles-1.lel.asia
invalid-hostname	6440121	c.-----------------16uthentic-1deveast-3www-31cym13profiles-1.lel.asia
invalid-hostname	6441686	03vpnold-gitwiresandbox.-12.canva-apps.cn
invalid-hostname	6442150	#NAME?
invalid-hostname	6442493	glategoryfronicsadnswildcardproducts6.03vpnold-gitwiresandbox.-12.canva-apps.cn
invalid-hostname	6443023	create.wire.c.-10-18.lel.asia
invalid-hostname	6443026	comssets.glategoryfronicsadnswildcardproducts6.03vpnold-gitwiresandbox.-12.canva-apps.cn
invalid-hostname	6443277	azuredevs-65tpp0l-bh-secure-cse-video-private-a-dnssubsets.comssets.glategoryfronicsadnswildcardproducts6.03vpnold-gitwiresandbox.-12.canva-apps.cn
invalid-hostname	6443319	#NAME?
invalid-hostname	6443631	idc-lorien.azuredevs-65tpp0l-bh-secure-cse-video-private-a-dnssubsets.comssets.glategoryfronicsadnswildcardproducts6.03vpnold-gitwiresandbox.-12.canva-apps.cn
invalid-hostname	6443987	webproxy.idc-lorien.azuredevs-65tpp0l-bh-secure-cse-video-private-a-dnssubsets.comssets.glategoryfronicsadnswildcardproducts6.03vpnold-gitwiresandbox.-12.canva-apps.cn
invalid-hostname	6444621	#NAME?
invalid-hostname	6445755	#NAME?
invalid-hostname	6445958	#NAME?
invalid-hostname	6446046	netoppofindstage-fw.---netoppofindstage-repo-administrator-ssl-0-documents.supertms.com
invalid-hostname	6446164	#NAME?
invalid-hostname	6446633	---0--0-0-apache-emeaapaches-0.supertms.com
invalid-hostname	6447269	administrator.-0-0-0-ejemplo-global-loadbalancer.supertms.com
invalid-hostname	6447349	vipoppofindstage.---netoppofindk8s-dev-test.supertms.com
invalid-hostname	6448020	---0-0-authenticationeloperapache-0-0-0apache-v3istrator.supertms.com
invalid-hostname	6448897	#NAME?
invalid-hostname	6449343	#NAME?
invalid-hostname	6450247	#NAME?
invalid-hostname	6450854	#NAME?
invalid-hostname	6451079	#NAME?
invalid-hostname	6451535	#NAME?
invalid-hostname	6452234	#NAME?
invalid-hostname	6452844	#NAME?
invalid-hostname	6453084	#NAME?
invalid-hostname	6453304	#NAME?
invalid-hostname	6453543	#NAME?
invalid-hostname	6453778	---002-dev1-3www.lel.asia
invalid-hostname	6453831	repodevsejemploapplications.---container-administratorscorpcorpinistrator-ejemploadmin.supertms.com
invalid-hostname	6454662	administrator.--0----0-0-asanascorp-control-ejemplo-netoppofindpromo.supertms.com
invalid-hostname	6455393	#NAME?
invalid-hostname	6456291	administrator.---0-0-adm0--administrator-docsapiheistrator0.supertms.com
invalid-hostname	6456343	#NAME?
invalid-hostname	6456917	netoppofindmetricsinternalistrator.---0-0-auth-apache.supertms.com
invalid-hostname	6457015	administrator.---0-0-assetsadministrator-ejemplo-documents-administratorhe.supertms.com
invalid-hostname	6457066	#NAME?
invalid-hostname	6457950	administrator.---netoppofindstage-extrneteslegacy-dev-test.supertms.com
invalid-hostname	6458231	#NAME?
invalid-hostname	6458691	0-0-bvs74pngk4meneh76gpg19pmapache.---0-netoppofindconfluence-latinamericaapacheidsapache.supertms.com
invalid-hostname	6458692	#NAME?
invalid-hostname	6458882	administrator.---0-0-azure-web-ssl-administrator.supertms.com
invalid-hostname	6460111	#NAME?
invalid-hostname	6461917	administrator.---0-0-idcjoyapacheidshe.supertms.com
invalid-hostname	6461968	#NAME?
invalid-hostname	6462679	administrator.---0-0-0-corp-loadbalancerscorp.supertms.com
invalid-hostname	6462738	#NAME?
invalid-hostname	6463635	brazil.wire.c.-------------------------1-8-3-admin-18-admin8-3misewwwcym-1.lel.asia
invalid-hostname	6464910	xggd&f|x&gzo.itotolink.net
invalid-hostname	6465723	create.wire.c-upload.--------southeast-1t15cvqch15h.lel.asia
invalid-hostname	6466003	#NAME?
invalid-hostname	6467736	administrator.---0-ejemplo-raw-dev-test.supertms.com
invalid-hostname	6468079	#NAME?
invalid-hostname	6468805	#NAME?
invalid-hostname	6470247	0-0-apacelop.---0-0-developstage-administratorbillingistratorapache.supertms.com
invalid-hostname	6470530	----dev1--premuploadsewww-3misewww.lel.asia
invalid-hostname	6470531	#NAME?
invalid-hostname	6470999	#NAME?
invalid-hostname	6472502	#NAME?
invalid-hostname	6472676	bh---10-181-manage-wire.akali-comssets.create.wire.c.------------------bh-242-2adminast-1-3-algorand-9mise.lel.asia
invalid-hostname	6473257	#NAME?
invalid-hostname	6473508	#NAME?
invalid-hostname	6474167	akali-comssets.create.wire.c.--10-18-admin-addr1east-3-admin.lel.asia
invalid-hostname	6474894	control.---0-0-ejemplo-engineering-control.supertms.com
invalid-hostname	6474971	----0bfxno1cym-10----0bfxno1cym-18.lel.asia
invalid-hostname	6475484	#NAME?
invalid-hostname	6475485	------13s15oah1asgwww13profiles-1.lel.asia
invalid-hostname	6475908	administrator.---0-netoppofindusapacheids.supertms.com
invalid-hostname	6476930	akali-comssets.staticl54staticl5431zy2zy-promo.wire.c.------------------------east-1-admin0--east-1-admin8-3www-1www.lel.asia
invalid-hostname	6476983	#NAME?
invalid-hostname	6477229	#NAME?
invalid-hostname	6477230	--------------------------10-14av7bekq39awww-1www-c-3admin.lel.asia
invalid-hostname	6477439	administrator.--0---netoppofindoppofindassetsv30apache.supertms.com
invalid-hostname	6478223	#NAME?
invalid-hostname	6478248	wire.c.--------------------------10-14av7bekq39awww-1www-c-3admin.lel.asia
invalid-hostname	6478410	c.--------------------------10-14av7bekq39awww-1www-c-3admin.lel.asia
invalid-hostname	6478483	#NAME?
invalid-hostname	6479990	wire.c.------13s15oah1asgwww13profiles-1.lel.asia
invalid-hostname	6480159	c.------13s15oah1asgwww13profiles-1.lel.asia
invalid-hostname	6482858	betaactiveidsistrator.--0---container-cert-betaactiveidsistrator-dev-test.supertms.com
invalid-hostname	6483496	#NAME?
invalid-hostname	6483697	administrator.---0--0-0-accountapache-elasticbeanstalk.supertms.com
invalid-hostname	6485295	#NAME?
invalid-hostname	6485560	--addr-adminwwwomssets.--addr-adminwwwreate.brazil.wire.--addr-adminwww.----addr-adminwwwentraladmin-1dev.lel.asia
invalid-hostname	6485565	www.uz
invalid-hostname	6485797	#NAME?
invalid-hostname	6486822	#NAME?
invalid-hostname	6487508	create.brazil.wire.c.-------northeast-3.lel.asia
invalid-hostname	6487909	stage.--0---0-apidocsjenkins0-net.supertms.com
invalid-hostname	6489256	-152.canva-apps.cn
invalid-hostname	6489794	#NAME?
invalid-hostname	6489812	vpnold-gitwiresandbox.-152.canva-apps.cn
invalid-hostname	6489950	comssets.create.brazil.wire.c-12ec123706.-------------------northeast-113profiles-1-1t15cvqch15h-3.lel.asia
invalid-hostname	6490532	#NAME?
invalid-hostname	6490788	#NAME?
invalid-hostname	6490789	#NAME?
invalid-hostname	6491029	administrator.---0--containernetoppofindnetoppofindstagenode.supertms.com
invalid-hostname	6491336	---0-0-0--0-0-0apache-smtpidsscorp-global-loadbalancer.supertms.com
invalid-hostname	6491548	administrator.---0-0-certapacheapacheistrator-account.supertms.com
invalid-hostname	6491592	#NAME?
invalid-hostname	6491762	glategoryfronicsadnswildcardproducts53.vpnold-gitwiresandbox.-152.canva-apps.cn
invalid-hostname	6492444	#NAME?
invalid-hostname	6492445	#NAME?
invalid-hostname	6492543	merchant.administrator.-container.supertms.com
invalid-hostname	6492620	comssets.glategoryfronicsadnswildcardproducts53.vpnold-gitwiresandbox.-152.canva-apps.cn
invalid-hostname	6493172	azuredevs-65tpp0l-bh-secure-cse-video-private-a-dnssubsets.comssets.glategoryfronicsadnswildcardproducts53.vpnold-gitwiresandbox.-152.canva-apps.cn
invalid-hostname	6493504	#NAME?
invalid-hostname	6493529	webproxy.idc-lorien.azuredevs-65tpp0l-bh-secure-cse-video-private-a-dnssubsets.comssets.glategoryfronicsadnswildcardproducts53.vpnold-gitwiresandbox.-152.canva-apps.cn
invalid-hostname	6493642	idc-lorien.azuredevs-65tpp0l-bh-secure-cse-video-private-a-dnssubsets.comssets.glategoryfronicsadnswildcardproducts53.vpnold-gitwiresandbox.-152.canva-apps.cn
invalid-hostname	6493916	bvs3amngk4meisciamc0apiapachenetoppofindistrator.--0---netoppofindoppofindstage0apache.supertms.com
invalid-hostname	6494686	administrator.-netoppofindoppofindstage0.supertms.com
invalid-hostname	6494747	#NAME?
invalid-hostname	6494943	administrator.---0-0-controller-administrator.supertms.com
invalid-hostname	6495012	#NAME?
invalid-hostname	6495293	#NAME?
invalid-hostname	6495453	comssets.create.brazil.wire.c.---10-13profiles-adminmisewww.lel.asia
invalid-hostname	6495545	#NAME?
invalid-hostname	6497593	#NAME?
invalid-hostname	6497594	------------------1-8-3-admin-18-admin8wwweast-1-3misewww.lel.asia
invalid-hostname	6497899	#NAME?
invalid-hostname	6498164	#NAME?
invalid-hostname	6498434	wire.c.------------------1-8-3-admin-18-admin8wwweast-1-3misewww.lel.asia
invalid-hostname	6498603	c.----dev1--premuploadsewww-3misewww.lel.asia
invalid-hostname	6498604	c.------------------1-8-3-admin-18-admin8wwweast-1-3misewww.lel.asia
invalid-hostname	6499789	#NAME?
invalid-hostname	6499790	#NAME?
invalid-hostname	6500093	wire.c.-------------------northeastwww-181-brazilmisewww-1-3-1-admin.lel.asia
invalid-hostname	6500094	wire.c-upload.----eastwww.lel.asia
invalid-hostname	6500268	c.-------------------northeastwww-181-brazilmisewww-1-3-1-admin.lel.asia
invalid-hostname	6500269	c-upload.----eastwww.lel.asia
invalid-hostname	6500905	#NAME?
invalid-hostname	6501103	akali-comssets.staticl54staticl5431zy2zy-promo.wire.c.-------------------------10-18-admin-1t15cvqch15hwww-1-3misewww.lel.asia
invalid-hostname	6502330	#NAME?
invalid-hostname	6502812	administrator.----0-0-corp-bvs74pngk4meneh76gpg19pm0-market-administrators.supertms.com
invalid-hostname	6503061	bh-arppofind.akali-comssets.create.wire.c.---0f4jmo51o2-9mise.lel.asia
invalid-hostname	6503083	administrator.---0-0-chdapache-azurecorpler.supertms.com
invalid-hostname	6503371	2.----0bfxno1cym-10----0bfxno1cym-18.lel.asia
invalid-hostname	6503691	#NAME?
invalid-hostname	6503925	apiserver-mgmtistrator.---netoppofindk8s-dev-test.supertms.com
invalid-hostname	6504279	#NAME?
invalid-hostname	6505166	#NAME?
invalid-hostname	6505443	#NAME?
invalid-hostname	6505444	*.rf15.chase.com
invalid-hostname	6505725	0--0-0-betanetoppofind-loadbalancer.---0-ejemplo-authorization.supertms.com
invalid-hostname	6506018	#NAME?
invalid-hostname	6506019	#NAME?
invalid-hostname	6506226	administrator.--0---0-kubernetes-docsapiscorp-devistrator.supertms.com
invalid-hostname	6506284	#NAME?
invalid-hostname	6506788	administrator.---0-0-apiserver-firewallscorplerapache.supertms.com
invalid-hostname	6506858	#NAME?
invalid-hostname	6507721	#NAME?
invalid-hostname	6509097	#NAME?
invalid-hostname	6509378	#NAME?
invalid-hostname	6509765	netoppofindpromojenkins0.---0-0-accountnetoppofind-loadbalancer-historyhe-devops.supertms.com
invalid-hostname	6509983	ssl-images-amazon.com,m.media-amazon.com,images-cn.ssl-images-amazon.cn,s.amazon-adsystem.com,amazonshopbop.d2.sc.omtrdc.net
invalid-hostname	6509984	ssl-images-amazon.cn,s.amazon-adsystem.com,amazonshopbop.d2.sc.omtrdc.net
invalid-hostname	6510050	media-amazon.com,images-cn.ssl-images-amazon.cn,s.amazon-adsystem.com,amazonshopbop.d2.sc.omtrdc.net
invalid-hostname	6510075	images-na.ssl-images-amazon.com,m.media-amazon.com,images-cn.ssl-images-amazon.cn,s.amazon-adsystem.com,amazonshopbop.d2.sc.omtrdc.net
invalid-hostname	6510124	com,m.media-amazon.com,images-cn.ssl-images-amazon.cn,s.amazon-adsystem.com,amazonshopbop.d2.sc.omtrdc.net
invalid-hostname	6510125	com,images-cn.ssl-images-amazon.cn,s.amazon-adsystem.com,amazonshopbop.d2.sc.omtrdc.net
invalid-hostname	6510126	com,amazonshopbop.d2.sc.omtrdc.net
invalid-hostname	6510130	cn,s.amazon-adsystem.com,amazonshopbop.d2.sc.omtrdc.net
invalid-hostname	6510167	amazon-adsystem.com,amazonshopbop.d2.sc.omtrdc.net
invalid-hostname	6510214	#NAME?
invalid-hostname	6510215	----------------------------west-1www-3-3---netadmin8ast-2admin.lel.asia
invalid-hostname	6510519	wire.c.----------------------------west-1www-3-3---netadmin8ast-2admin.lel.asia
invalid-hostname	6510696	c.----------------------------west-1www-3-3---netadmin8ast-2admin.lel.asia
invalid-hostname	6511833	administrator.---0-0-development-jenkins00.supertms.com
invalid-hostname	6512137	#NAME?
invalid-hostname	6512138	-----------------addr-1wwwmisewww-3map-idmisewwwwww-1www.lel.asia
invalid-hostname	6512160	wire.c.-----------------addr-1wwwmisewww-3map-idmisewwwwww-1www.lel.asia
invalid-hostname	6512315	c.-----------------addr-1wwwmisewww-3map-idmisewwwwww-1www.lel.asia
invalid-hostname	6512398	#NAME?
invalid-hostname	6512399	#NAME?
invalid-hostname	6512991	#NAME?
invalid-hostname	6513296	#NAME?
invalid-hostname	6513594	#NAME?
invalid-hostname	6513825	akali-comssets.create-ap-east.wire.c.----netadmin13profiles-1.lel.asia
invalid-hostname	6513878	#NAME?
invalid-hostname	6514134	#NAME?
invalid-hostname	6514433	#NAME?
invalid-hostname	6515307	staticl54staticl5431zy2zy-promo.wire.c.---------------------------west-1www-3wwwwww13profiles-1www.lel.asia
invalid-hostname	6515849	#NAME?
invalid-hostname	6516531	kubernetes.0--0-0-betanetoppofind-loadbalancer.---0-apiserveristratorapacheapache.supertms.com
invalid-hostname	6516708	#NAME?
invalid-hostname	6517543	#NAME?
invalid-hostname	6517674	kubernetes.administrator.---0-0-0-chef-hwcdneloperapache-administratorcorp.supertms.com
invalid-hostname	6518463	#NAME?
invalid-hostname	6519044	-103wire.canva-apps.cn
invalid-hostname	6522483	#NAME?
invalid-hostname	6522961	alpha.---0-0-controllerapacheapache-toolbaristrator-netapacheapache.supertms.com
invalid-hostname	6523014	#NAME?
invalid-hostname	6523015	--------------------------104prdeast-train13profiles-1.lel.asia
invalid-hostname	6523316	wire.c.--------------------------104prdeast-train13profiles-1.lel.asia
invalid-hostname	6523505	c.--------------------------104prdeast-train13profiles-1.lel.asia
invalid-hostname	6524776	#NAME?
invalid-hostname	6525244	glategoryfronicsadnswildcardproducts4.-103wire.canva-apps.cn
invalid-hostname	6525269	devscomssets.glategoryfronicsadnswildcardproducts4.-103wire.canva-apps.cn
invalid-hostname	6525373	#NAME?
invalid-hostname	6525974	webproxy.idc-lorien03.cnprod-euw.devscomssets.glategoryfronicsadnswildcardproducts4.-103wire.canva-apps.cn
invalid-hostname	6526089	idc-lorien03.cnprod-euw.devscomssets.glategoryfronicsadnswildcardproducts4.-103wire.canva-apps.cn
invalid-hostname	6526139	cnprod-euw.devscomssets.glategoryfronicsadnswildcardproducts4.-103wire.canva-apps.cn
invalid-hostname	6527102	#NAME?
invalid-hostname	6528886	#NAME?
invalid-hostname	6529674	administrator.---restrictedistrator-metrics.supertms.com
invalid-hostname	6529960	akali-comssets-422umyhoj8n.create.wire.c.-----------------addr-dev1--map-thmisewww---netadmin8-1devwww.lel.asia
invalid-hostname	6530019	#NAME?
invalid-hostname	6530323	0-0-0--0-0-apache-europewestapache-loadbalancer.---0-0-disabledapacheidsnetoppofind.supertms.com
invalid-hostname	6530324	#NAME?
invalid-hostname	6531134	bh-arppofind.comssets.create.brazil.wire.c.----east-admineast-3adminast-2admin.lel.asia
invalid-hostname	6531155	administrator.---netoppofindstage-repo-administrator-cloudfrontistratorscorp.supertms.com
invalid-hostname	6531549	0-akali-comsselms-bds-promo.wire.c.------------------------southeast-1cym-1www-1-3-1-admin-1devwww.lel.asia
invalid-hostname	6531550	#NAME?
invalid-hostname	6531788	administrator.---0-0-admin-apac-idcjoyscorpistrator-control.supertms.com
invalid-hostname	6532193	#NAME?
invalid-hostname	6533134	wire.2.----0bfxno1cym-10----0bfxno1cym-18.lel.asia
invalid-hostname	6533443	---------------------10-181eac0-alphat15cvqch15h-1t15cvqch15h.lel.asia
invalid-hostname	6533730	#NAME?
invalid-hostname	6534928	#NAME?
invalid-hostname	6534929	#NAME?
invalid-hostname	6535827	#NAME?
invalid-hostname	6536801	#NAME?
invalid-hostname	6537152	0-0-asana-emeaistrator.---0-0-ejemplo-0-ejemplohe.supertms.com
invalid-hostname	6537153	#NAME?
invalid-hostname	6538069	#NAME?
invalid-hostname	6538272	bh-arppofind.akali-comssets.create.wire.c.--addr-adminwww.lel.asia
invalid-hostname	6539009	#NAME?
invalid-hostname	6539629	#NAME?
invalid-hostname	6539878	administrator.-authorization-administrator.supertms.com
invalid-hostname	6540846	#NAME?
invalid-hostname	6540847	#NAME?
invalid-hostname	6541159	#NAME?
invalid-hostname	6541704	administrator.-0-0-administrator-developapachenetoppofind-loadbalancer.supertms.com
invalid-hostname	6542291	administrator.--0-----0-0-accapacheapacheids0apache.supertms.com
invalid-hostname	6542347	#NAME?
invalid-hostname	6542659	#NAME?
invalid-hostname	6542660	#NAME?
invalid-hostname	6543043	wire.c.----dev1--premuploadsewww-3misewww.lel.asia
invalid-hostname	6543303	#NAME?
invalid-hostname	6543799	create.wire.c-upload.----eastwww.lel.asia
invalid-hostname	6543890	#NAME?
invalid-hostname	6543891	#NAME?
invalid-hostname	6545111	#NAME?
invalid-hostname	6545112	#NAME?
invalid-hostname	6545323	brazil.wire.c.----------------------------west-1www-3-3---netadmin8ast-2admin.lel.asia
invalid-hostname	6546042	#NAME?
invalid-hostname	6546338	#NAME?
invalid-hostname	6546691	staticl5432zy-promo.comssets.glategoryfronicsadnswildcardproducts.wire.2.------1docs-18-adminbh-arppofindast-1---netadmin8.lel.asia
invalid-hostname	6547172	administrator.---admin-customerinistratorstage-administratorinternal0-ssl.supertms.com
invalid-hostname	6547219	#NAME?
invalid-hostname	6547449	bh-arppofind.akali-comssets.create.wire.c.---10-18-3bh-2yc.lel.asia
invalid-hostname	6547837	0-0-0-ejemploapachenetoppofind-loadbalancersapacheistrator.---0-ejemplo-oidapacheidsapacheids-0-ejemplo-tps.supertms.com
invalid-hostname	6548752	#NAME?
invalid-hostname	6549378	#NAME?
invalid-hostname	6549677	01vpncloud-gitwiresandbox-3.-17.canva-apps.cn
invalid-hostname	6550150	glategoryfronicsadnswildcardproducts.01vpncloud-gitwiresandbox-3.-17.canva-apps.cn
invalid-hostname	6550553	comssets.glategoryfronicsadnswildcardproducts.01vpncloud-gitwiresandbox-3.-17.canva-apps.cn
invalid-hostname	6550574	azuredevs-65tpp0l-bh-secure-cse-video-private-a-dnssubsets.comssets.glategoryfronicsadnswildcardproducts.01vpncloud-gitwiresandbox-3.-17.canva-apps.cn
invalid-hostname	6550659	-----0bfxno1myym0-----0bfxno1myym8.lel.asia
invalid-hostname	6551012	webproxy.idc-lorien.azuredevs-65tpp0l-bh-secure-cse-video-private-a-dnssubsets.comssets.glategoryfronicsadnswildcardproducts.01vpncloud-gitwiresandbox-3.-17.canva-apps.cn
invalid-hostname	6551110	idc-lorien.azuredevs-65tpp0l-bh-secure-cse-video-private-a-dnssubsets.comssets.glategoryfronicsadnswildcardproducts.01vpncloud-gitwiresandbox-3.-17.canva-apps.cn
invalid-hostname	6551858	apiciapacheingapache.---0-0-authenticationeloperapache-administrator-0-cgi.supertms.com
invalid-hostname	6552148	apiserverprodapache.administrator.---0-0-administrator-promoghelopapachenetoppofind-loadbalancer.supertms.com
invalid-hostname	6553254	netoppofind-krcm.---0-0-developstage-0-ejemplo-restricted-administratorapache.supertms.com
invalid-hostname	6554025	administrator.---0-0-application-servicecorp.supertms.com
invalid-hostname	6554388	#NAME?
invalid-hostname	6554933	administrator.---netoppofindk8s-dev-0--0-0-appsapache-chefapache.supertms.com
invalid-hostname	6556157	create.brazil.wire.c.-------------------------1-8-3-admin-18-admin8-3misewwwcym-1.lel.asia
invalid-hostname	6556569	#NAME?
invalid-hostname	6556861	administrator.--0---authenticate0apache.supertms.com
invalid-hostname	6556931	------------------------addr-1-admin-3-idmisewwweast-1www-1.lel.asia
invalid-hostname	6557239	#NAME?
invalid-hostname	6557554	#NAME?
invalid-hostname	6558078	docsapi.--0---0--0-0-active-redirapachecontrollerrnetesapacheids.supertms.com
invalid-hostname	6558874	#NAME?
invalid-hostname	6559812	administrator.-administratorapache.supertms.com
invalid-hostname	6560508	#NAME?
invalid-hostname	6561747	create-ap-east.wire.c.------------------0bfxno1cym2-wien-181east-1profiles-1.lel.asia
invalid-hostname	6562158	#NAME?
invalid-hostname	6562179	wire.c.------------------------northeast-admin-3misewww.lel.asia
invalid-hostname	6562374	c.------------------------northeast-admin-3misewww.lel.asia
invalid-hostname	6564114	#NAME?
invalid-hostname	6564477	0-0-0-appsapacheelopmentapacheadmin.----0-ejemplo-0-train.supertms.com
invalid-hostname	6565036	bh-arppofind.staticl5432zy-promo.comssets.glategoryfronicsadnswildcardproducts.wire.2.------1docs-18-adminbh-arppofindast-1---netadmin8.lel.asia
invalid-hostname	6565096	#NAME?
invalid-hostname	6565344	accapacheids.---0-0-confluence-stgchef.supertms.com
invalid-hostname	6566408	#NAME?
invalid-hostname	6566768	#NAME?
invalid-hostname	6567098	#NAME?
invalid-hostname	6567099	#NAME?
invalid-hostname	6567427	#NAME?
invalid-hostname	6567428	#NAME?
invalid-hostname	6567429	#NAME?
invalid-hostname	6567430	#NAME?
invalid-hostname	6568059	#NAME?
invalid-hostname	6568629	administrator.---0--container0-0-apiserver-raw-ejemploapache.supertms.com
invalid-hostname	6568701	#NAME?
invalid-hostname	6568732	wire.c.------------------------addr-1-admin-3-idmisewwweast-1www-1.lel.asia
invalid-hostname	6568957	c.------------------------addr-1-admin-3-idmisewwweast-1www-1.lel.asia
invalid-hostname	6569148	netoppofindprivate0apachenetoppofindstagecloudfrontprodistrator.---0-ejemplo-market-administratornetoppofind-loadbalancer.supertms.com
invalid-hostname	6569351	#NAME?
invalid-hostname	6569643	administrator.---0-0-dashboard-appsistrator-training-accounting.supertms.com
invalid-hostname	6569711	#NAME?
invalid-hostname	6569712	#NAME?
invalid-hostname	6570030	wire.c-upload.---002-dev1-3www.lel.asia
invalid-hostname	6570249	c-upload.---002-dev1-3www.lel.asia
invalid-hostname	6570347	#NAME?
invalid-hostname	6570558	create.wire.c.--------------------------10-14av7bekq39awww-1www-c-3admin.lel.asia
invalid-hostname	6571290	#NAME?
invalid-hostname	6571860	bh-arppofind.akali---east-3adminomssets.--east-3adminreate.wire.--east-3admin.---10-18-4-c.lel.asia
invalid-hostname	6571950	#NAME?
invalid-hostname	6572316	0-0-documentationistrator.---0-0-authenticationeloperapache-containerapache0apiapache.supertms.com
invalid-hostname	6572548	create.wire.c.-----------------addr-1wwwmisewww-3map-idmisewwwwww-1www.lel.asia
invalid-hostname	6572549	create.wire.c.------------------1-8-3-admin-18-admin8wwweast-1-3misewww.lel.asia
invalid-hostname	6572662	#NAME?
invalid-hostname	6574051	#NAME?
invalid-hostname	6574388	#NAME?
invalid-hostname	6575365	#NAME?
invalid-hostname	6575701	#NAME?
invalid-hostname	6576703	#NAME?
invalid-hostname	6578098	#NAME?
invalid-hostname	6578303	developerscm.---netoppofindk8s-dev-test.supertms.com
invalid-hostname	6578433	#NAME?
invalid-hostname	6578434	#NAME?
invalid-hostname	6579078	0--0--bvs74pngk4meneh76gpg19pm-apiciapacheapaches.---0-0-0--0-0-application-skate-reset.supertms.com
invalid-hostname	6579079	#NAME?
invalid-hostname	6579080	#NAME?
invalid-hostname	6579319	comssets.create.brazil.wire.c.-----------------0bfxno1cym2-wien-181east-1.lel.asia
invalid-hostname	6579792	#NAME?
invalid-hostname	6580092	2.-----0bfxno1myym0-----0bfxno1myym8.lel.asia
invalid-hostname	6580872	#NAME?
invalid-hostname	6582165	bh-arppofind.lms-lk.staticl54staticl5431zy2zy-promo.wire.c.------------------centraladmin-1devwwwadminwww.lel.asia
invalid-hostname	6582875	#NAME?
invalid-hostname	6583129	control.---0--0-0-0-ejemploadmin-toolbar-smtp-authenticateapi-live.supertms.com
invalid-hostname	6583239	#NAME?
invalid-hostname	6583511	administrator.---netoppofindk8s-dev--0--emailapacheskinsistratorhe.supertms.com
invalid-hostname	6584939	administrator.---bvs3amngk4meisciamc0apiapache-metrics.supertms.com
invalid-hostname	6585002	#NAME?
invalid-hostname	6585351	#NAME?
invalid-hostname	6585643	administrator.---0-0-controlapacheapache.supertms.com
invalid-hostname	6585727	--------------------------east-32-9mise2-wien-181-1cym-181.lel.asia
invalid-hostname	6586067	#NAME?
invalid-hostname	6586068	#NAME?
invalid-hostname	6586069	-----------------1toolbar-18-admin-18ast-1ipv10-1devt15cvqch15h.lel.asia
invalid-hostname	6586695	akali-comssets.create.wire.c-upload.-----------------2038entraladmin-18-3adminwww-1t15cvqch15h.lel.asia
invalid-hostname	6586815	wire.c.--------------------------east-32-9mise2-wien-181-1cym-181.lel.asia
invalid-hostname	6587034	c.--------------------------east-32-9mise2-wien-181-1cym-181.lel.asia
invalid-hostname	6587524	#NAME?
invalid-hostname	6588179	administrator.--0--0--administratoristrator0sapache-repo-administrator.supertms.com
invalid-hostname	6588263	#NAME?
invalid-hostname	6588863	administrator.---netoppofindpromos-administrator-cloudfrontistratorscorp.supertms.com
invalid-hostname	6588927	#NAME?
invalid-hostname	6589692	#NAME?
invalid-hostname	6589693	#NAME?
invalid-hostname	6590814	#NAME?
invalid-hostname	6591140	#NAME?
invalid-hostname	6593648	#NAME?
invalid-hostname	6594376	---0-0-0--0-0-0apache-smtpids.supertms.com
invalid-hostname	6594968	kubernetes.0-0-documentationistrator.---0-0-ejemplo-0-ejemploapache-stagingevents-administrator.supertms.com
invalid-hostname	6595146	#NAME?
invalid-hostname	6595537	--------------------------3admineast-1-idmisewwwmap-idmisewww-3.lel.asia
invalid-hostname	6595580	wire.c.--------------------------3admineast-1-idmisewwwmap-idmisewww-3.lel.asia
invalid-hostname	6595807	c.--------------------------3admineast-1-idmisewwwmap-idmisewww-3.lel.asia
invalid-hostname	6595990	stage.--0---0-0-activeadmin-authorization-net.supertms.com
invalid-hostname	6596664	#NAME?
invalid-hostname	6597711	#NAME?
invalid-hostname	6598716	administrator.--0---0-0-0-s3apachenetoppofind-loadbalancerapacheapache.supertms.com
invalid-hostname	6598784	#NAME?
invalid-hostname	6599161	#NAME?
invalid-hostname	6599868	#NAME?
invalid-hostname	6600199	administrator.----0--0-0-administratoradminapacheids.supertms.com
invalid-hostname	6600526	akali-comssets.create.wire.c.-10-18.lel.asia
invalid-hostname	6600595	#NAME?
invalid-hostname	6601660	#NAME?
invalid-hostname	6602273	akali-comssets.staticl54staticl5431zy2zy-promo.wire.c.--------------------------eastwww-----reports8-admincymwww.lel.asia
invalid-hostname	6602276	administrator.---0-ejemplo-billing-developapachenetoppofind-loadbalancer.supertms.com
invalid-hostname	6603026	administrator.--0----0-ejemplo-teamapachecorpler0-ejemplo-netoppofindpromo.supertms.com
invalid-hostname	6603099	#NAME?
invalid-hostname	6603826	#NAME?
invalid-hostname	6604199	#NAME?
invalid-hostname	6604978	#NAME?
invalid-hostname	6605284	\194\160pool.ntp.org
invalid-hostname	6605681	0-0-0-netoppofindstagecloudfrontprod.administrator.---netoppofindmgmtkubernetes-repo-administrator.supertms.com
invalid-hostname	6605682	#NAME?
invalid-hostname	6606113	wire.2.-----0bfxno1myym0-----0bfxno1myym8.lel.asia
invalid-hostname	6606817	0-0-bvs74pngk4meneh76gpg19pmapache.--0---0--0-0-administratoradminapache.supertms.com
invalid-hostname	6607213	#NAME?
invalid-hostname	6607750	netoppofindstage-customer.---0-0-cloudappapachesapacherepository.supertms.com
invalid-hostname	6607856	devsnetoppofind.---0-0-bdjobs-mgmtapachenetoppofind-loadbalanceristratorscorp.supertms.com
invalid-hostname	6608137	netoppofindstage-customer.---adm00heapacheidsnetoppofindstagejenkins0-ejemplo.supertms.com
invalid-hostname	6608375	#NAME?
invalid-hostname	6608775	#NAME?
invalid-hostname	6609486	#NAME?
invalid-hostname	6609786	administrator.---chefprodadmin-administrator-cloud0.supertms.com
invalid-hostname	6610246	#NAME?
invalid-hostname	6611017	#NAME?
invalid-hostname	6611018	------181eanorthmap-idmisewww-4-c.lel.asia
invalid-hostname	6611265	create-ap-east.wire.c.------13s15oah1asgwww13profiles-1.lel.asia
invalid-hostname	6611421	#NAME?
invalid-hostname	6611766	administrator.---0--netoppofindstage-ebs0.supertms.com
invalid-hostname	6612200	#NAME?
invalid-hostname	6612521	administrator.---0--containernetoppofindstagejenkins0-ejemploountcorpler.supertms.com
invalid-hostname	6613268	administrator.---0-appapachenetoppofindapache-documents-administrator.supertms.com
invalid-hostname	6613334	#NAME?
invalid-hostname	6613683	administrator.--0---administratorscorpadministrator-cgi.supertms.com
invalid-hostname	6613749	#NAME?
invalid-hostname	6613750	#NAME?
invalid-hostname	6614179	------------------------reports1--premisewww-1-wien-181.lel.asia
invalid-hostname	6614210	wire.c.------------------------reports1--premisewww-1-wien-181.lel.asia
invalid-hostname	6614447	c.------------------------reports1--premisewww-1-wien-181.lel.asia
invalid-hostname	6614552	#NAME?
invalid-hostname	6615693	#NAME?
invalid-hostname	6617114	docsapi.---0-0-apache-redirectmeapacheids-profile.supertms.com
invalid-hostname	6617271	#NAME?
invalid-hostname	6617666	#NAME?
invalid-hostname	6617667	#NAME?
invalid-hostname	6619989	#NAME?
invalid-hostname	6620366	0--0-0-administratorsapacheapachepromoistrator.---0-0-assetskubernetesadministrator-documents-administrator.supertms.com
invalid-hostname	6621181	-1vpnold-gitwiresandbox.-17.canva-apps.cn
invalid-hostname	6621531	#NAME?
invalid-hostname	6621816	bh-arppofind.akali---2-wien-1.create.wire.c.-----------------10-18east-1ipv10-1devwww-1-3-1-admin.lel.asia
invalid-hostname	6622272	#NAME?
invalid-hostname	6622659	#NAME?
invalid-hostname	6622660	#NAME?
invalid-hostname	6622661	#NAME?
invalid-hostname	6623035	0-0-documentationistrator.---admin-administratornetoppofind-loadbalancerapache.supertms.com
invalid-hostname	6623036	#NAME?
invalid-hostname	6623398	#NAME?
invalid-hostname	6623812	0--0-0-0-mailistrator.--0---0-ejemplo-smtp-toolbarapache-administrator-authenticate.supertms.com
invalid-hostname	6624178	#NAME?
invalid-hostname	6624832	create.wire.c-upload.---002-dev1-3www.lel.asia
invalid-hostname	6625264	create-ap-east.wire.c.-----------------16uthentic-1deveast-3www-31cym13profiles-1.lel.asia
invalid-hostname	6625325	administrator.---netoppofindstage-netoppofindsandbox-metrics.supertms.com
invalid-hostname	6626494	create.wire.c.-------------------northeastwww-181-brazilmisewww-1-3-1-admin.lel.asia
invalid-hostname	6628634	#NAME?
invalid-hostname	6628635	#NAME?
invalid-hostname	6628862	glategoryfronicsadnswildcardproducts.-1vpnold-gitwiresandbox.-17.canva-apps.cn
invalid-hostname	6629486	#NAME?
invalid-hostname	6629765	comssets.glategoryfronicsadnswildcardproducts.-1vpnold-gitwiresandbox.-17.canva-apps.cn
invalid-hostname	6630162	azuredevs-65tpp0l-bh-secure-cse-video-private-a-dnssubsets.comssets.glategoryfronicsadnswildcardproducts.-1vpnold-gitwiresandbox.-17.canva-apps.cn
invalid-hostname	6630279	#NAME?
invalid-hostname	6630459	idc-lorien.azuredevs-65tpp0l-bh-secure-cse-video-private-a-dnssubsets.comssets.glategoryfronicsadnswildcardproducts.-1vpnold-gitwiresandbox.-17.canva-apps.cn
invalid-hostname	6630663	0--0-0-accounting-assetsapacheistrator.---0-0-netoppofindstage-authenticationinistrator0.supertms.com
invalid-hostname	6630704	webproxy.idc-lorien.azuredevs-65tpp0l-bh-secure-cse-video-private-a-dnssubsets.comssets.glategoryfronicsadnswildcardproducts.-1vpnold-gitwiresandbox.-17.canva-apps.cn
invalid-hostname	6631103	#NAME?
invalid-hostname	6631532	#NAME?
invalid-hostname	6631608	testingapache.---0-0-developstage-administratorcorpapache.supertms.com
invalid-hostname	6631867	administrator.----0-0-corpapacheapachenetoppofind0.supertms.com
invalid-hostname	6631944	-------1-8-3-admin-18-admin8-36umyhoj8n-bray.lel.asia
invalid-hostname	6632696	administrator.---0-0-apachelatinuploadistrator.supertms.com
invalid-hostname	6633160	#NAME?
invalid-hostname	6633589	wire.c.------------------------002-dev1-3wwwwww-3www.lel.asia
invalid-hostname	6633839	c.------------------------002-dev1-3wwwwww-3www.lel.asia
invalid-hostname	6633955	#NAME?
invalid-hostname	6633956	------------------------002-dev1-3wwwwww-3www.lel.asia
invalid-hostname	6634582	glategoryfronicsadnswildcardproducts.wire.2.---netadmin0---netadmin8.lel.asia
invalid-hostname	6634757	---northeast-30---northeast-38--northeast-3.lel.asia
invalid-hostname	6635561	0-0-chdapacheapachepromoistrator.---0-0-disabled0-0-chef-loadbalancerapacheids.supertms.com
invalid-hostname	6635562	#NAME?
invalid-hostname	6635563	#NAME?
invalid-hostname	6636258	administrator.---administratorapache-pay19pmed-administrator-ssl-0-documents.supertms.com
invalid-hostname	6636640	administrator.---0-0-chefapachenetoppofind-loadbalancer.supertms.com
invalid-hostname	6637470	akali-comssets.create.wire.c-upload.----eastwww.lel.asia
invalid-hostname	6637709	netoppofindmetricsinternalistrator.---0--containernetoppofindstageaccountingapache0-ejemplo.supertms.com
invalid-hostname	6637965	#NAME?
invalid-hostname	6637966	#NAME?
invalid-hostname	6638369	#NAME?
invalid-hostname	6638892	tomcat.administrator.--0---container-cert-administrator-billingfw-test.supertms.com
invalid-hostname	6639681	#NAME?
invalid-hostname	6639682	#NAME?
invalid-hostname	6639683	#NAME?
invalid-hostname	6641223	create.wire.c.----dev1--premuploadsewww-3misewww.lel.asia
invalid-hostname	6641293	administrator.---accountistratorrepository.supertms.com
invalid-hostname	6641364	#NAME?
invalid-hostname	6641839	#NAME?
invalid-hostname	6642313	#NAME?
invalid-hostname	6642750	#NAME?
invalid-hostname	6643463	bh-arppofind.akali-comssets.create.wire.c.--10-181east.lel.asia
invalid-hostname	6643882	administrator.---0-0-apache-ebsapacheapacheeloperapache-administrator.supertms.com
invalid-hostname	6643975	------10-18east-traincymeast-3-admin.lel.asia
invalid-hostname	6644386	#NAME?
invalid-hostname	6645119	administrator.---netoppofindk8s-dev-administratoristratorscorpler.supertms.com
invalid-hostname	6645201	#NAME?
invalid-hostname	6646025	0-0-ejemplo-live-ejemploadmin.---0-0-apachelatin.supertms.com
invalid-hostname	6646465	#NAME?
invalid-hostname	6646466	#NAME?
invalid-hostname	6646505	vpnold-gitwiresandbox.-12.canva-apps.cn
invalid-hostname	6646860	#NAME?
invalid-hostname	6647308	#NAME?
invalid-hostname	6648202	wire.c-upload.---------------------10-181eac0-alphat15cvqch15h-1t15cvqch15h.lel.asia
invalid-hostname	6648509	c-upload.---------------------10-181eac0-alphat15cvqch15h-1t15cvqch15h.lel.asia
invalid-hostname	6649866	0-0-bvs3amngk4meisciamc0apiapache-loadbalancer.-container.supertms.com
invalid-hostname	6650600	administrator.--0---netoppofindoppofindstage0control.supertms.com
invalid-hostname	6651530	#NAME?
invalid-hostname	6651531	#NAME?
invalid-hostname	6651735	glategoryfronicsadnswildcardproducts.vpnold-gitwiresandbox.-12.canva-apps.cn
invalid-hostname	6651913	#NAME?
invalid-hostname	6652304	4glategoryfronicsadnswildcardproducts.01vpncloud-gitwiresandbox.-17.canva-apps.cn
invalid-hostname	6652695	administrator.---0-0-idcjoyapacheidsistrator-document-administrator.supertms.com
invalid-hostname	6653162	0-0-administratorsapacheapachepromoistrator.--0---0-0-developstage-apache0istrator-kubernetes-apache.supertms.com
invalid-hostname	6653383	idc-lorien.azuredevs-65tpp0l-bh-secure-cse-video-private-a-dnssubsets.comssets.4glategoryfronicsadnswildcardproducts.01vpncloud-gitwiresandbox.-17.canva-apps.cn
invalid-hostname	6653450	comssets.4glategoryfronicsadnswildcardproducts.01vpncloud-gitwiresandbox.-17.canva-apps.cn
invalid-hostname	6653475	azuredevs-65tpp0l-bh-secure-cse-video-private-a-dnssubsets.comssets.4glategoryfronicsadnswildcardproducts.01vpncloud-gitwiresandbox.-17.canva-apps.cn
invalid-hostname	6653918	administrator.---containerapi-administrator--administrator-net.supertms.com
invalid-hostname	6654031	webproxy.idc-lorien.azuredevs-65tpp0l-bh-secure-cse-video-private-a-dnssubsets.comssets.4glategoryfronicsadnswildcardproducts.01vpncloud-gitwiresandbox.-17.canva-apps.cn
invalid-hostname	6654345	administrator.---0--0-0-apac-0-apacapache.supertms.com
invalid-hostname	6654880	#NAME?
invalid-hostname	6656075	administrator.---0-0-adm0-administrator0.supertms.com
invalid-hostname	6656156	0-0-bvs74pngk4meneh76gpg19pmapache.--0---0-0-docs-lab.supertms.com
invalid-hostname	6656527	administrator.---netoppofindcloud0-repo-administrator-cloudfrontistratorscorp.supertms.com
invalid-hostname	6656601	#NAME?
invalid-hostname	6657019	-southeast-1.wire.2.-10-18-admin.lel.asia
invalid-hostname	6657020	#NAME?
invalid-hostname	6657456	#NAME?
invalid-hostname	6657893	#NAME?
invalid-hostname	6657894	#NAME?
invalid-hostname	6658285	#NAME?
invalid-hostname	6659106	administrator.--0-0-disabledapacheids.supertms.com
invalid-hostname	6659107	administrator.---0-ejemplo-testing-global-loadbalancer.supertms.com
invalid-hostname	6659178	#NAME?
invalid-hostname	6659637	#NAME?
invalid-hostname	6660495	#NAME?
invalid-hostname	6660932	#NAME?
invalid-hostname	6660961	wire.c.---------------west-1www-3-3misewww.lel.asia
invalid-hostname	6661227	c.---------------west-1www-3-3misewww.lel.asia
invalid-hostname	6661340	#NAME?
invalid-hostname	6661341	---------------west-1www-3-3misewww.lel.asia
invalid-hostname	6662237	---0-0-authenticationeloperapache-0-0-0apache-v3istratorapache.supertms.com
invalid-hostname	6662546	control.---0-0-adm0-netoppofindswagger0istratorstage.supertms.com
invalid-hostname	6662599	administrator.---oidistrator-dev-test.supertms.com
invalid-hostname	6662691	#NAME?
invalid-hostname	6663044	administrator.---0-apiserveristratorapacheapachenetoppofind.supertms.com
invalid-hostname	6663045	administrator.---0-0-chef-loadbalancerapache-repo-administrator-team.supertms.com
invalid-hostname	6663304	merchant.marketingapachenetoppofind.---0-0--containerapache-repo-administratorapacheapachepromo.supertms.com
invalid-hostname	6663803	kubernetes.administrator.--0---firewallinistratorscorpistratorapacheids0apache.supertms.com
invalid-hostname	6664907	#NAME?
invalid-hostname	6666284	#NAME?
invalid-hostname	6666750	--east-3admin.lel.asia
invalid-hostname	6666751	#NAME?
invalid-hostname	6666752	#NAME?
invalid-hostname	6667204	#NAME?
invalid-hostname	6667551	administrator.--0-----0-ejemplo-market-administrators.supertms.com
invalid-hostname	6668107	#NAME?
invalid-hostname	6668396	comssets.create.brazil.wire.c.-------northeast-3.lel.asia
invalid-hostname	6668537	0-ejemplo-auth-wwwapache.---0--0-0-0-ejemploadminapacheapacheids.supertms.com
invalid-hostname	6668538	#NAME?
invalid-hostname	6669018	#NAME?
invalid-hostname	6669485	#NAME?
invalid-hostname	6669486	--------------------------southeast-1cym-1-admin2-9mise-3.lel.asia
invalid-hostname	6669999	wire.c.--------------------------southeast-1cym-1-admin2-9mise-3.lel.asia
invalid-hostname	6670287	c.--------------------------southeast-1cym-1-admin2-9mise-3.lel.asia
invalid-hostname	6670301	bh-arppofind.akali-comssets.create.wire.c.----north2037-3misewww.lel.asia
invalid-hostname	6670428	-157.canva-apps.cn
invalid-hostname	6670429	#NAME?
invalid-hostname	6670474	vpnold-gitwiresandbox.-157.canva-apps.cn
invalid-hostname	6672646	#NAME?
invalid-hostname	6672840	kubernetes.0-0-documentationistrator.--0---0-0-0-ejemploadmin-payjenkins-0-0-0-ejemploadminapache.supertms.com
invalid-hostname	6673001	administrator.---0--0-0-disabledapacheidsapacheidsapache.supertms.com
invalid-hostname	6673002	administrator-paywall.--0---0-0-adminscorpapache-control-controladmin-administrator.supertms.com
invalid-hostname	6673442	brazil.wire.c.--------------------------3admineast-1-idmisewwwmap-idmisewww-3.lel.asia
invalid-hostname	6673573	-10-181.lel.asia
invalid-hostname	6673574	#NAME?
invalid-hostname	6673575	#NAME?
invalid-hostname	6674240	merchant.administrator.---0--0-0-accounting-firewallinistratorscorpistratorcdn.supertms.com
invalid-hostname	6674532	#NAME?
invalid-hostname	6674965	#NAME?
invalid-hostname	6675373	administrator.--0---container-cert-administrator-dev-uploadsapache.supertms.com
invalid-hostname	6676130	merchant.0--netoppofindcdn--0-0-dashboardapache0-controlapache.---0-0-dashboardapache0-control.supertms.com
invalid-hostname	6676698	dockerbvs74pngk4meneh76gpg19pmistrator.---0-0-assetskubernetesadministrator-documents-administrator.supertms.com
invalid-hostname	6676773	administrator.---admadministratorrnetes-administratorcorp-mgmt.supertms.com
invalid-hostname	6677217	administrator.--0---containeristrator-history.supertms.com
invalid-hostname	6677519	kubernetes0istrator.---0-0-0-controllerappnetoppofindstagejenkins0-ejemplo.supertms.com
invalid-hostname	6677571	gav7bekq30aategoryfronicsadnswiav7bekq30adcardproducts.wire.2.-10-18.lel.asia
invalid-hostname	6677785	#NAME?
invalid-hostname	6677786	#NAME?
invalid-hostname	6678124	c.-10-18-admin.lel.asia
invalid-hostname	6679348	kubernetesportal.administrator.-containerhe.supertms.com
invalid-hostname	6679580	#NAME?
invalid-hostname	6679581	#NAME?
invalid-hostname	6679912	c.-------1-8-3-admin-18-admin8-36umyhoj8n-bray.lel.asia
invalid-hostname	6680125	stage.-container.supertms.com
invalid-hostname	6680389	administrator.----0-0-disabled0-0-azureapacheids.supertms.com
invalid-hostname	6680794	create.wire.c.------------------------reports1--premisewww-1-wien-181.lel.asia
invalid-hostname	6680829	assetsghwall.---0--0-0-billingfwscorp.supertms.com
invalid-hostname	6680936	#NAME?
invalid-hostname	6681391	#NAME?
invalid-hostname	6681854	#NAME?
invalid-hostname	6683377	0-0-bvs3amngk4meisciamc0api0-ejemplo-netoppofind-loadbalancer.---administratornetoppofindcdn-toolbar-administrator.supertms.com
invalid-hostname	6683378	#NAME?
invalid-hostname	6683379	#NAME?
invalid-hostname	6683838	#NAME?
invalid-hostname	6684229	akali-comssets.staticl54staticl5431zy2zy-promo.wire.c.------------------premiseeast-1-3misewww.lel.asia
invalid-hostname	6684316	#NAME?
invalid-hostname	6684636	create.brazil.wire.c.----------------------------west-1www-3-3---netadmin8ast-2admin.lel.asia
invalid-hostname	6684995	kubernetes.administrator.---0-0-administrator-nfnetoppofind-loadbalancerapache.supertms.com
invalid-hostname	6685248	#NAME?
invalid-hostname	6685249	#NAME?
invalid-hostname	6686105	#NAME?
invalid-hostname	6686305	netoppofindstage-acc.---0-0-dashboardcorpdashboardapache-administrator.supertms.com
invalid-hostname	6687060	#NAME?
invalid-hostname	6687585	#NAME?
invalid-hostname	6688031	#NAME?
invalid-hostname	6688986	#NAME?
invalid-hostname	6689857	administrator.---0-0-disabledcorperapacheapache.supertms.com
invalid-hostname	6689951	#NAME?
invalid-hostname	6690358	administrator.--0---0-0-authapache-firewall-authorization.supertms.com
invalid-hostname	6691302	administrator.---0-0-0-apidocsadministrator0administrator-cgi.supertms.com
invalid-hostname	6691303	administrator.----0--container0-ejemplo-edge-dev-document-administrator.supertms.com
invalid-hostname	6691398	#NAME?
invalid-hostname	6691399	#NAME?
invalid-hostname	6691835	#NAME?
invalid-hostname	6692342	#NAME?
invalid-hostname	6693812	#NAME?
invalid-hostname	6694216	akali-comssets.create.wire.c-upload.--------southeast-1t15cvqch15h.lel.asia
invalid-hostname	6694223	administrator.---0-0--0-ejemplo-cloud-repo-administrator-metrics.supertms.com
invalid-hostname	6695241	#NAME?
invalid-hostname	6695733	#NAME?
invalid-hostname	6696224	0-ejemplo-pass.---0-0-chefapachenetoppofind-loadbalancer-0-0-apacapi.supertms.com
invalid-hostname	6696736	#NAME?
invalid-hostname	6697155	administrator.---netoppofindk8s--administrator-0-ejemploinistratorcorp-test.supertms.com
invalid-hostname	6698754	0-0-accountingapache.administrator.----0-apidocs-cloudnetoppofind-loadbalancer-administrator.supertms.com
invalid-hostname	6699217	#NAME?
invalid-hostname	6700234	#NAME?
invalid-hostname	6700304	testingapache.---container-devops.supertms.com
invalid-hostname	6700524	docsapi.---0--container0-ejemplo-edge-control-profile.supertms.com
invalid-hostname	6700695	#NAME?
invalid-hostname	6701110	administrator.---0-0-cdncorp-devopsapacheids.supertms.com
invalid-hostname	6701748	#NAME?
invalid-hostname	6702245	#NAME?
invalid-hostname	6703187	akali-comssets.create.wire.c.--0bfxno1cym.lel.asia
invalid-hostname	6703292	#NAME?
invalid-hostname	6703293	#NAME?
invalid-hostname	6704836	#NAME?
invalid-hostname	6705137	glategoryfronicsadnswildcardproducts.wire.2.----0bfxno1cym-10----0bfxno1cym-18.lel.asia
invalid-hostname	6705366	#NAME?
invalid-hostname	6705859	0-0-appadminapachenetoppofind-loadbalanceristrator.---0-ejemplo-docsapi0.supertms.com
invalid-hostname	6705860	#NAME?
invalid-hostname	6706207	create.wire.c.------------------------northeast-admin-3misewww.lel.asia
invalid-hostname	6706390	#NAME?
invalid-hostname	6707375	#NAME?
invalid-hostname	6707376	#NAME?
invalid-hostname	6707898	#NAME?
invalid-hostname	6708301	bh-arppofind.akali-comssets.create.wire.c.-------------------net6profileseastmap-idmisewww-3-3misewww.lel.asia
invalid-hostname	6708321	administrator.---0--0-0-bitbucket-auth-wwwapacheapache-repositorycorp.supertms.com
invalid-hostname	6708814	c.--east-3admin.lel.asia
invalid-hostname	6708951	#NAME?
invalid-hostname	6709492	#NAME?
invalid-hostname	6709956	#NAME?
invalid-hostname	6711067	webproxy.idc-c-enquete.bh-arppofind.staticl5432zy-promo.comssets.glategoryfronicsadnswildcardproducts.wire.2.-------netadmin13profiles-10-------netadmin13profiles-18.lel.asia
invalid-hostname	6711264	idc-c-enquete.bh-arppofind.staticl5432zy-promo.comssets.glategoryfronicsadnswildcardproducts.wire.2.-------netadmin13profiles-10-------netadmin13profiles-18.lel.asia
invalid-hostname	6711511	#NAME?
invalid-hostname	6712009	#NAME?
invalid-hostname	6712185	netoppofind0-0-dashboard-partneristrator.---netoppofindk8s-dev-test.supertms.com
invalid-hostname	6713509	0-0-cgiapacheadministrator.---0-ejemplo-vip-repo-administrator-apache.supertms.com
invalid-hostname	6713510	#NAME?
invalid-hostname	6714007	#NAME?
invalid-hostname	6714426	administrator.---0--0-0-bitbucket-apiserverapacheapache.supertms.com
invalid-hostname	6714509	#NAME?
invalid-hostname	6715053	#NAME?
invalid-hostname	6715996	administrator.----0-0-idcjoyapacheidsistratorscorp.supertms.com
invalid-hostname	6716087	#NAME?
invalid-hostname	6716088	#NAME?
invalid-hostname	6717090	#NAME?
invalid-hostname	6717091	#NAME?
invalid-hostname	6717582	#NAME?
invalid-hostname	6717932	create.wire.c-upload.---------------------10-181eac0-alphat15cvqch15h-1t15cvqch15h.lel.asia
invalid-hostname	6718482	bh-arppofind.akali-comssets.create.wire.c.---10-18-northeast-1misewww.lel.asia
invalid-hostname	6718513	administrator.--0--0--2021-developinistrator.supertms.com
invalid-hostname	6718603	#NAME?
invalid-hostname	6719602	#NAME?
invalid-hostname	6720701	#NAME?
invalid-hostname	6721208	-----------------------0f4jmo51o10-31cym-c631121cymwww1-wire.lel.asia
invalid-hostname	6722650	administrator.--0---administrator-bucketapacheids-control.supertms.com
invalid-hostname	6722651	administrator.---0-0-ejemplocorp-stage.supertms.com
invalid-hostname	6722740	#NAME?
invalid-hostname	6723188	akali-comssets.create-ap-east.wire.c.------13s15oah1asgwww13profiles-1.lel.asia
invalid-hostname	6723603	edgenetoppofind.---0--0-0-apiserver-signed-cloudapache-dev.supertms.com
invalid-hostname	6724783	administrator.-netoppofindstage-repo-administrator.supertms.com
invalid-hostname	6724869	0-0-administratorsapacheadmin.--0---0-0-ejemploadmin-documents-administrator.supertms.com
invalid-hostname	6724870	#NAME?
invalid-hostname	6725278	administrator.---0-0-authapistage-administrator.supertms.com
invalid-hostname	6725362	#NAME?
invalid-hostname	6725404	wire.c.-------1-8-3-admin-18-admin8-36umyhoj8n-bray.lel.asia
invalid-hostname	6725889	#NAME?
invalid-hostname	6725890	#NAME?
invalid-hostname	6726444	#NAME?
invalid-hostname	6727402	akali-comssets.create.wire.c.-----------------addr-1wwwmisewww-3map-idmisewwwwww-1www.lel.asia
invalid-hostname	6727407	administrator.--0----0-0-chef-ejemploount.supertms.com
invalid-hostname	6727693	netoppofindproxy.---0-0-corpapache.supertms.com
invalid-hostname	6727738	kubernetes.administrator.--0---netoppofind0-ejemplo-teststage0apache.supertms.com
invalid-hostname	6728020	#NAME?
invalid-hostname	6728435	administrator.---0--0-0-0-ejemplo-cms-firewall-apache-authenticate.supertms.com
invalid-hostname	6728988	administrator.---administrator-nautilusscorp-repo-administrator.supertms.com
invalid-hostname	6729063	#NAME?
invalid-hostname	6729621	#NAME?
invalid-hostname	6730172	#NAME?
invalid-hostname	6730266	testingapache.--0---0-0-disabledcorp-accountprofile-administrator.supertms.com
invalid-hostname	6730700	#NAME?
invalid-hostname	6731470	kubernetes.administrator.--0--0----0-ejemplo-cloudapacheidssapache-repo-administrator.supertms.com
invalid-hostname	6732178	administrator.---0--0-0-adm0-data-ejemplouploadistrator.supertms.com
invalid-hostname	6732279	#NAME?
invalid-hostname	6732280	#NAME?
invalid-hostname	6732321	wire.c.--east-3admin.lel.asia
invalid-hostname	6733284	#NAME?
invalid-hostname	6734293	#NAME?
invalid-hostname	6734625	docsapi.---containerevents.supertms.com
invalid-hostname	6734626	docsapi.----0-cms-firewallapiapache-edge0apacheids.supertms.com
invalid-hostname	6734860	#NAME?
invalid-hostname	6735457	wire.c.------------------reports-1-1ast-3-adminwwwcym2-wien-181www.lel.asia
invalid-hostname	6735813	c.------------------reports-1-1ast-3-adminwwwcym2-wien-181www.lel.asia
invalid-hostname	6735964	#NAME?
invalid-hostname	6735965	------------------reports-1-1ast-3-adminwwwcym2-wien-181www.lel.asia
invalid-hostname	6736647	redirectmestage.---0-0-docsapachescorperapacheapache.supertms.com
invalid-hostname	6737169	promo.---0-0-develop0-ejemplo-restricted-administrator-redirectme0.supertms.com
invalid-hostname	6738122	#NAME?
invalid-hostname	6738657	#NAME?
invalid-hostname	6739227	#NAME?
invalid-hostname	6739749	#NAME?
invalid-hostname	6739750	#NAME?
invalid-hostname	6740301	#NAME?
invalid-hostname	6740302	#NAME?
invalid-hostname	6740772	administrator.---0-0-0-ejemplo-ebsadminapacheids.supertms.com
invalid-hostname	6740773	administrator.---0--0-0-developerapache-ejemplo.supertms.com
invalid-hostname	6740856	#NAME?
invalid-hostname	6741809	administrator.---0-docsapinetoppofindapacheapacheids.supertms.com
invalid-hostname	6741918	#NAME?
invalid-hostname	6742353	administratorscorpistrator.---0-0-client-administrator-cloudscorpistrator.supertms.com
invalid-hostname	6743530	0-0-0-ejemploapachehwadmin.netoppofindauth.---netoppofindmgmtkubernetes-repo-netoppofindauth.supertms.com
invalid-hostname	6743531	#NAME?
invalid-hostname	6744624	#NAME?
invalid-hostname	6745139	#NAME?
invalid-hostname	6746134	docsapi.---0-cms-netoppofindstage-cvscms.supertms.com
invalid-hostname	6746343	#NAME?
invalid-hostname	6746551	netoppofindstage-repo-beta-loadbalancer.---0-0-assetsapache-externalinistrators-administrator.supertms.com
invalid-hostname	6746784	administrator.---0--0-0-appadmin-apiserverapache.supertms.com
invalid-hostname	6747400	#NAME?
invalid-hostname	6747847	administrator.---0-0-developstage-administratorcorp-apache.supertms.com
invalid-hostname	6747933	#NAME?
invalid-hostname	6748453	0-lorienemailomssets.wire.c.---10-18-northeast-1misewww.lel.asia
invalid-hostname	6749535	#NAME?
invalid-hostname	6750617	0-0-0--0-0-appadminnetoppofind-loadbalancerapacheadmin.---0-0-kubernetescmselopstage-administrator.supertms.com
invalid-hostname	6750618	#NAME?
invalid-hostname	6750662	wire.2.------10-18east-traincymeast-3-admin.lel.asia
invalid-hostname	6750957	dgxlt-utlzxkt_-.egfyou.plgf.k7w.in
invalid-hostname	6751110	2.------10-18east-traincymeast-3-admin.lel.asia
invalid-hostname	6751727	#NAME?
invalid-hostname	6751771	wire.--east-3admin.------181eanorthmap-idmisewww-4-c.lel.asia
invalid-hostname	6751802	trut-egflxdtk-lzqzoe.qmxkttrut.ftz_-.dgxlt-utlzxkt_-.egfyou.plgf.k7w.in
invalid-hostname	6751904	qmxkttrut.ftz_-.dgxlt-utlzxkt_-.egfyou.plgf.k7w.in
invalid-hostname	6752052	ftz_-.dgxlt-utlzxkt_-.egfyou.plgf.k7w.in
invalid-hostname	6752279	--east-3admin.------181eanorthmap-idmisewww-4-c.lel.asia
invalid-hostname	6752897	#NAME?
invalid-hostname	6753408	#NAME?
invalid-hostname	6754440	administrator.--0---netoppofindoppofindstage0lab-service.supertms.com
invalid-hostname	6754441	administrator.---activeadminadmin.supertms.com
invalid-hostname	6755020	administrator.---0-appapache-administrator.supertms.com
invalid-hostname	6755119	0--0--bvs74pngk4meneh76gpg19pm-apiciapacheapaches.----0-netoppofindmarket-assets-global-loadbalancer-devsapache.supertms.com
invalid-hostname	6755120	#NAME?
invalid-hostname	6755121	#NAME?
invalid-hostname	6755504	comssets.glategoryfronicsadnswildcardproducts.wire.2.---netadmin0---netadmin8.lel.asia
invalid-hostname	6756325	#NAME?
invalid-hostname	6757298	comssets.create.brazil.wire.c.-------------------------1-8-3-admin-18-admin8-3misewwwcym-1.lel.asia
invalid-hostname	6757375	administrator.-0--nautilus0.supertms.com
invalid-hostname	6757979	administrator-test.---0-0--containerapache-repo-administratorhe.supertms.com
invalid-hostname	6758138	wire.c.----northeast.lel.asia
invalid-hostname	6758511	c.----northeast.lel.asia
invalid-hostname	6758521	bh-arppofind.staticl5432zy-promo.comssets.glategoryfronicsadnswildcardproducts.wire.2.-10-18-admin.lel.asia
invalid-hostname	6759184	0-0-netoppofindoppofindstage-kubernetesapacheadmin.---0-0-developnetoppofindstageasana-administrator.supertms.com
invalid-hostname	6759185	#NAME?
invalid-hostname	6760219	administrator.---0-0-apache-scm-cms-control-help.supertms.com
invalid-hostname	6760798	akali-comssets.0-akali-comsselms-bds-promo.wire.c.------------------------southeast-1cym-1www-1-3-1-admin-1devwww.lel.asia
invalid-hostname	6760880	0-0-0-ejemplo-netoppofindadmin.---administrator-api-repo-administrator-ssl-controlapacheids.supertms.com
invalid-hostname	6761343	administrator.---0-0-0-ejemplo-applicationapache-documents-administrator.supertms.com
invalid-hostname	6761443	#NAME?
invalid-hostname	6762579	#NAME?
invalid-hostname	6763004	administrator.--0-----0-0-elasticbeanstalk-administrator-redirectme0.supertms.com
invalid-hostname	6763113	#NAME?
invalid-hostname	6763114	#NAME?
invalid-hostname	6763164	wire.c.---156-c.lel.asia
invalid-hostname	6763581	c.---156-c.lel.asia
invalid-hostname	6763601	av10bekq39a-4.comssets.create.brazil.wire.c.---10-13profiles-adminmisewww.lel.asia
invalid-hostname	6763746	---0appapachesprofile-administratorapiscorp.supertms.com
invalid-hostname	6764333	#NAME?
invalid-hostname	6764334	#NAME?
invalid-hostname	6764903	#NAME?
invalid-hostname	6765516	#NAME?
invalid-hostname	6766324	netoppofindpromo-certapacheapache-ejemplo.---0-0-assets0-0-administratorsapache-0-documents-administrator.supertms.com
invalid-hostname	6766659	#NAME?
invalid-hostname	6767416	promo.--0---netoppofind0-0-controlprod-machinestage.supertms.com
invalid-hostname	6767838	#NAME?
invalid-hostname	6768352	2.---netlabl5432zy0---netlabl5432zy8.lel.asia
invalid-hostname	6768402	#NAME?
invalid-hostname	6768403	#NAME?
invalid-hostname	6768404	#NAME?
invalid-hostname	6768898	administrator.---0-0-containerapi-loadbalancer.supertms.com
invalid-hostname	6769008	#NAME?
invalid-hostname	6769219	northamerica-w3alphndstage.kubernetestps.----0-0-0-ejemploadminapache-administrator.supertms.com
invalid-hostname	6769562	#NAME?
invalid-hostname	6769934	docsapi.---0-0-disabled0-0-azureapache-marketingids-rpc.supertms.com
invalid-hostname	6770618	administrator.---0-0-corpapacheapacheapache.supertms.com
invalid-hostname	6770706	#NAME?
invalid-hostname	6771875	#NAME?
invalid-hostname	6772478	---10-18-admin-32umyhoj15nast-3-adminwww-admin.lel.asia
invalid-hostname	6772862	create.wire.c.---------------west-1www-3-3misewww.lel.asia
invalid-hostname	6773438	docsapi.---0-0-docsapachescorp-marketingclientapacheids.supertms.com
invalid-hostname	6773694	0-0-0-ejemploapachehwadministrator.----0-0-cloudappadminadministrator-0-toolbar.supertms.com
invalid-hostname	6774192	administrator.--0----0--0--stage-appapache20remote-control0administrator-cgi.supertms.com
invalid-hostname	6774306	--addr-1.lel.asia
invalid-hostname	6774307	#NAME?
invalid-hostname	6774308	#NAME?
invalid-hostname	6774309	#NAME?
invalid-hostname	6775573	0-0-dashboardadminapache-loadbalancer.---0-0-authorizationcorps.supertms.com
invalid-hostname	6775574	0--0-0-authenticationeloperapache-administrator.---0-0-authenticationeloperapache-administrator-disabled.supertms.com
invalid-hostname	6775575	#NAME?
invalid-hostname	6776150	#NAME?
invalid-hostname	6776531	create.wire.c.----northeast.lel.asia
invalid-hostname	6776587	azurecorpistrator.--0---0-0-assetsapache-documents-appselastiche-v3-authenticate.supertms.com
invalid-hostname	6776715	#NAME?
invalid-hostname	6777274	#NAME?
invalid-hostname	6778548	#NAME?
invalid-hostname	6779007	bh-cmnlistmailjinx.comssets.create.brazil.wire.c.-10-18-northeast-1.----west-1-admin.lel.asia
invalid-hostname	6779038	administrator.----0-0-appsapache-toolbar-administrator.supertms.com
invalid-hostname	6779637	administrator.---0-0-develop0-0-azure-global-administrator.supertms.com
invalid-hostname	6779756	#NAME?
invalid-hostname	6779757	#NAME?
invalid-hostname	6780280	administratorscm.-containerapache.supertms.com
invalid-hostname	6780391	#NAME?
invalid-hostname	6782200	0-0-billings.administrator.---0-0--0-0-adm0-node-devs-global-loadbalancer.supertms.com
invalid-hostname	6782201	#NAME?
invalid-hostname	6782202	#NAME?
invalid-hostname	6782203	#NAME?
invalid-hostname	6782204	#NAME?
invalid-hostname	6782253	wire.c.---002-dev1-181-brazilmisewww.lel.asia
invalid-hostname	6782626	c.---002-dev1-181-brazilmisewww.lel.asia
invalid-hostname	6782789	#NAME?
invalid-hostname	6783379	#NAME?
invalid-hostname	6784608	#NAME?
invalid-hostname	6785918	#NAME?
invalid-hostname	6786020	stage.--0---0--0-0-backendistratorscorp-administrator-net.supertms.com
invalid-hostname	6786457	#NAME?
invalid-hostname	6787043	#NAME?
invalid-hostname	6787044	#NAME?
invalid-hostname	6787670	#NAME?
invalid-hostname	6788180	administrator.---netoppofindstage-dev-test.supertms.com
invalid-hostname	6788911	0--0-0-appselasticheapacheingapache.---0-0-chdapache-v3-stagestage--0-0-chdapache-v3.supertms.com
invalid-hostname	6788957	wire.c.--addr-1.lel.asia
invalid-hostname	6789113	pass.wire.c.---002-dev1-181-brazilmisewww.lel.asia
invalid-hostname	6789355	c.--addr-1.lel.asia
invalid-hostname	6789519	010t16cvqch6h-12ec123692blogs.staticl54staticl5431zy2zy-promo.wire.c.---------------------------west-1www-3wwwwww13profiles-1www.lel.asia
invalid-hostname	6789521	0-0-administrators0-0-adm0istrator0-adm0admin.---0-ejemplo-azureapache-administrator-administrator.supertms.com
invalid-hostname	6790411	mgmtprofile.---0-activescorp.supertms.com
invalid-hostname	6791458	#NAME?
invalid-hostname	6792591	administrator.---accountadmin-administratoristratorscorpeurope.supertms.com
invalid-hostname	6792733	#NAME?
invalid-hostname	6793161	chefapachenetoppofind.administrator.--0---container-cert-administrator-dev-test.supertms.com
invalid-hostname	6793238	administrator.---activebucketnetoppofindstage-repo-administrator-global-raw.supertms.com
invalid-hostname	6793367	-------------------------northstaticl5signed32zy-124-3wwwwww-1.lel.asia
invalid-hostname	6793591	netoppofindstageraw.--0--0--2021-netoppofindstage-test-nautilusstage-profiles.supertms.com
invalid-hostname	6793866	administrator-netoppofindstagenode.---0-ejemplo-machine.supertms.com
invalid-hostname	6793989	#NAME?
invalid-hostname	6793990	#NAME?
invalid-hostname	6794043	wire.c.-------------------------northstaticl5signed32zy-124-3wwwwww-1.lel.asia
invalid-hostname	6794449	c.-------------------------northstaticl5signed32zy-124-3wwwwww-1.lel.asia
invalid-hostname	6794508	administrator.---netoppofindmgmtdevelopment-repo-administrator.supertms.com
invalid-hostname	6796555	#NAME?
invalid-hostname	6796823	kubernetes.vipoppofindstage.---netoppofindk8s-dev-test.supertms.com
invalid-hostname	6797046	administrator.---accountadministrator0administrator-cgi.supertms.com
invalid-hostname	6797186	#NAME?
invalid-hostname	6797187	-----------------------0bfxno1cym2-wien-181-3misewww-1devwww.lel.asia
invalid-hostname	6797188	%{d}._spf.vali.email
invalid-hostname	6798112	kubernetes.accapachesjenkins0.---netoppofindk8s-dev-test.supertms.com
invalid-hostname	6798314	administrator.---0-0-0-ejemplo-global-loadbalancersapache.supertms.com
invalid-hostname	6798491	wire.c.-----------------------0bfxno1cym2-wien-181-3misewww-1devwww.lel.asia
invalid-hostname	6798492	wire.c-upload.-----------------1toolbar-18-admin-18ast-1ipv10-1devt15cvqch15h.lel.asia
invalid-hostname	6798908	c.-----------------------0bfxno1cym2-wien-181-3misewww-1devwww.lel.asia
invalid-hostname	6798909	c-upload.-----------------1toolbar-18-admin-18ast-1ipv10-1devt15cvqch15h.lel.asia
invalid-hostname	6798962	administrator.--0---0-administratoristratorscorpapacheids-cgi.supertms.com
invalid-hostname	6799102	#NAME?
invalid-hostname	6800247	akali-comssets.create.wire.c-upload.---002-dev1-3www.lel.asia
invalid-hostname	6800255	administrator.alpha.---0-0-disabled0-0-azureapache-marketingids-rpcapache.supertms.com
invalid-hostname	6800256	administrator.--0--0---0-0-idcjoyapacheidsnetoppofindstagejenkins0-ejemplo.supertms.com
invalid-hostname	6800257	administrator.---0-0-controladminapacheapacheids.supertms.com
invalid-hostname	6800793	create-ap-east.wire.c.------------------------addr-1-admin-3-idmisewwweast-1www-1.lel.asia
invalid-hostname	6800890	_ip.%{h}._ehlo.%{d}._spf.vali.email
invalid-hostname	6800891	_ehlo.%{d}._spf.vali.email
invalid-hostname	6801007	%{h}._ehlo.%{d}._spf.vali.email
invalid-hostname	6801640	#NAME?
invalid-hostname	6801641	%{i}._ip.%{h}._ehlo.%{d}._spf.vali.email
invalid-hostname	6802916	#NAME?
invalid-hostname	6803335	docsapi.---0-0-accountingapache-0-toolbarapacheids.supertms.com
invalid-hostname	6803452	administrator.--0-0-assetsapache-documents-administrator.supertms.com
invalid-hostname	6803573	#NAME?
invalid-hostname	6803574	#NAME?
invalid-hostname	6803575	#NAME?
invalid-hostname	6803992	brazil.pass.wire.c.---002-dev1-181-brazilmisewww.lel.asia
invalid-hostname	6804716	akali-comssets.create.wire.c.------------------------reports1--premisewww-1-wien-181.lel.asia
invalid-hostname	6805517	#NAME?
invalid-hostname	6807305	administrator.---0-ejemplo-git-dev-test.supertms.com
invalid-hostname	6807445	#NAME?
invalid-hostname	6807446	#NAME?
invalid-hostname	6808081	#NAME?
invalid-hostname	6808473	glategoryfronicsadnswildcardproducts.wire.2.-----0bfxno1myym0-----0bfxno1myym8.lel.asia
invalid-hostname	6808660	administrator.---0--0-0-accounting-firewallinistratorapache.supertms.com
invalid-hostname	6808780	#NAME?
invalid-hostname	6808781	#NAME?
invalid-hostname	6809324	administrator.---0-0-0-ejemplo-global-netoppofindstageorginistrator0.supertms.com
invalid-hostname	6809992	administrator.---0-0-brand-help-apache.supertms.com
invalid-hostname	6810117	#NAME?
invalid-hostname	6810792	#NAME?
invalid-hostname	6811434	#NAME?
invalid-hostname	6811944	administrator.--0---0-jenkins0-ejemploprod-control.supertms.com
invalid-hostname	6811945	administrator.---0-0--0--containerapache-apiserverapacheapacheids.supertms.com
invalid-hostname	6812365	kubernetescloud.administrator.-container.supertms.com
invalid-hostname	6812723	#NAME?
invalid-hostname	6812991	metric-----0-0-corpapacheapachenetoppofind0.administrator.----0-0-corpapacheapachenetoppofind0.supertms.com
invalid-hostname	6813387	#NAME?
invalid-hostname	6813925	administrator.---0-ejemplo-0--0-0-accountistrator-loadbalancer-control.supertms.com
invalid-hostname	6813926	administrator.---0-0-adminscorp-elasticbeanstalk0he.supertms.com
invalid-hostname	6814172	uvn.net,time.apple.com
invalid-hostname	6814173	utg.uvn.net,time.apple.com
invalid-hostname	6814330	net,time.apple.com
invalid-hostname	6814340	mia-ntp.utg.uvn.net,time.apple.com
invalid-hostname	6815443	#NAME?
invalid-hostname	6816593	comssets.gav7bekq30aategoryfronicsadnswiav7bekq30adcardproducts.wire.2.-10-18.lel.asia
invalid-hostname	6816853	#NAME?
invalid-hostname	6817386	administrator.----0-0-bvs74pngk4meneh76gpg19pm-market-administrator-service.supertms.com
invalid-hostname	6817540	#NAME?
invalid-hostname	6818140	administrator.---0-0-developactiveadmin-administratoristrator.supertms.com
invalid-hostname	6818298	------10-181eaststaticl5432zy-promoold-3misewww.lel.asia
invalid-hostname	6818800	alphastage.administrator.---netoppofindmgmtkubernetes-repo-administrator.supertms.com
invalid-hostname	6818995	wire.c.------10-181eaststaticl5432zy-promoold-3misewww.lel.asia
invalid-hostname	6819234	kubernetes.administratorscorpingapacheidsistrator.---netoppofindk8s-dev-test.supertms.com
invalid-hostname	6819235	kubernetes.administrator.---0-0-adm0--administrator-docsapiheistrator0.supertms.com
invalid-hostname	6819423	c.------10-181eaststaticl5432zy-promoold-3misewww.lel.asia
invalid-hostname	6819643	#NAME?
invalid-hostname	6820166	administrator-paywall.----0-0-docs-machine.supertms.com
invalid-hostname	6820296	0--0-0-appadmin-apiserverapache.---0-0-docsapachescorpapache.supertms.com
invalid-hostname	6820297	#NAME?
invalid-hostname	6820298	#NAME?
invalid-hostname	6821054	testingapache.---0-administratorsapacheapache.supertms.com
invalid-hostname	6821624	#NAME?
invalid-hostname	6821723	tomcat.netoppofindpromojenkins0.---0-0-accountnetoppofind-loadbalancer-historyhe-devops.supertms.com
invalid-hostname	6821889	netoppofindstageraw.--0--0--2021-netoppofind0-0-documentation-hwcdninistrator.supertms.com
invalid-hostname	6822770	comssets.-southeast-1.wire.2.-10-18-admin.lel.asia
invalid-hostname	6822862	administrator.---0--0-0-apache-emeaapaches-0.supertms.com
invalid-hostname	6823582	administrator.--0---0-0-0--0-0-0apache-smtpidscorpapache-control.supertms.com
invalid-hostname	6824018	kubernetes.0--0-0-betanetoppofind-loadbalancer.---0-ejemplo-authorization.supertms.com
invalid-hostname	6824390	#NAME?
invalid-hostname	6824851	comssets.glategoryfronicsadnswildcardproducts.wire.2.----0bfxno1cym-10----0bfxno1cym-18.lel.asia
invalid-hostname	6825058	----10-12europe-admin-addr-admin-addr1east-3-admin.comssets.create.brazil.wire.c.-----------------------06-dev1comssets42umyhoj8n-1-3www-3east-3.lel.asia
invalid-hostname	6826633	merchant.netoppofindstage-fw.---netoppofindstage-repo-administrator-ssl-0-documents.supertms.com
invalid-hostname	6827508	create-ap-east.wire.c.--------------------------104prdeast-train13profiles-1.lel.asia
invalid-hostname	6828452	#NAME?
invalid-hostname	6829172	#NAME?
invalid-hostname	6829402	promo.--0-----0--0--container20remoteinistratorlab.supertms.com
invalid-hostname	6829500	kubernetes.administrator.---netoppofindstage-extrneteslegacy-dev-test.supertms.com
invalid-hostname	6829738	administrator.--0--0--accountingadministratorsapache-repo-administrator.supertms.com
invalid-hostname	6829885	#NAME?
invalid-hostname	6829886	#NAME?
invalid-hostname	6830423	bh-arppofind.comssets.create.brazil.wire.c-12ec123706.-------------------northeast-113profiles-1-1t15cvqch15h-3.lel.asia
invalid-hostname	6830623	#NAME?
invalid-hostname	6831180	akali-comssets.create.wire.c.--------------------------10-14av7bekq39awww-1www-c-3admin.lel.asia
invalid-hostname	6831426	staticl54staticl5431zy2zy-promo.wire.c.----------------------------10-181-uploadsinprofiles-1-30-3.lel.asia
invalid-hostname	6832001	#NAME?
invalid-hostname	6832594	administrator.----0-0-developeradminwebdiskapacheids.supertms.com
invalid-hostname	6832718	#NAME?
invalid-hostname	6832719	#NAME?
invalid-hostname	6833411	#NAME?
invalid-hostname	6834761	2.---10-18-admin-32umyhoj15nast-3-adminwww-admin.lel.asia
invalid-hostname	6834820	#NAME?
invalid-hostname	6835525	------181east-3-admin-18-admin-3www.lel.asia
invalid-hostname	6835526	*.apple.com
invalid-hostname	6836236	#NAME?
invalid-hostname	6836237	#NAME?
invalid-hostname	6836937	#NAME?
invalid-hostname	6836938	#NAME?
invalid-hostname	6836939	#NAME?
invalid-hostname	6837425	clientistratorscorp.--0----0-0-0-alpha-hwcdnapacheids-ejemplo.supertms.com
invalid-hostname	6838197	administrator.---0-0-authenticationeloperapache-0-0-0apache-v3istrator.supertms.com
invalid-hostname	6838322	#NAME?
invalid-hostname	6839044	#NAME?
invalid-hostname	6839102	wire.2.---netlabl5432zy0---netlabl5432zy8.lel.asia
invalid-hostname	6839572	administrator.--0---0-ejemplo-test-docsb1-administrator.supertms.com
invalid-hostname	6839770	wire.2.--10-18-hsbc.lel.asia
invalid-hostname	6839833	stage.---0--containerassetsapachenetoppofind-ejemplo-control.supertms.com
invalid-hostname	6840383	2.--10-18-hsbc.lel.asia
invalid-hostname	6841123	#NAME?
invalid-hostname	6842197	kubernetes.administrator.---0-0-apiserver-firewallscorplerapache.supertms.com
invalid-hostname	6842619	#NAME?
invalid-hostname	6842620	#NAME?
invalid-hostname	6842930	kubernetes.administrator.---0-ejemplo-raw-dev-test.supertms.com
invalid-hostname	6843986	0-ejemploinistrator.--0---netoppofindoppofindstage0lab.supertms.com
invalid-hostname	6843987	#NAME?
invalid-hostname	6844447	control.----0-0-netoppofindstagechef-administrator-live.supertms.com
invalid-hostname	6844557	administrator.---0--containernetoppofindstagejenkins0-ejemplo.supertms.com
invalid-hostname	6845377	-10-1003admindev-admin.wire.c.------------------------002-dev1-3wwwwww-3www.lel.asia
invalid-hostname	6845378	#NAME?
invalid-hostname	6845722	kubernetes.administrator.--0---netoppofindoppofind0-0-develop-trainistratorapache.supertms.com
invalid-hostname	6846112	#NAME?
invalid-hostname	6846630	apiserverprodapache.administrator.---0--0--2021-developinistrator.supertms.com
invalid-hostname	6847415	administrator.---0-0-accountingcms-firewall-administratorscorpistratorapache.supertms.com
invalid-hostname	6848260	#NAME?
invalid-hostname	6848261	#NAME?
invalid-hostname	6848262	*.et.gong.io.cdn.cloudflare.net
invalid-hostname	6848554	netoppofindstage-assets-0-edgeapachenetoppofind.--0---0-ejemplo-testing-global-loadbalancer-ejemploistrator.supertms.com
invalid-hostname	6848975	#NAME?
invalid-hostname	6849552	administrator.--0---0-0-dashboardapache0-control.supertms.com
invalid-hostname	6850043	kubernetes.administrator.---0--0-0-accountapache-elasticbeanstalk.supertms.com
invalid-hostname	6850450	0-0-netoppofindoppofindstage-kubernetesapacheadmin.---0-0-chef-raw-repo-administratorlerapache.supertms.com
invalid-hostname	6850451	#NAME?
invalid-hostname	6850452	#NAME?
invalid-hostname	6851027	administrator.----0-0-cgiapacheerapache-ejemplo.supertms.com
invalid-hostname	6852178	netoppofindstagemail-netoppofindstage.---0--netoppofindstage-ebs0.supertms.com
invalid-hostname	6852238	kubernetesportal.administrator.---0-0-asanascorp-restricted-w3eloperapache-administrator.supertms.com
invalid-hostname	6852239	kubernetes.administrator.--0---0-kubernetes-docsapiscorp-devistrator.supertms.com
invalid-hostname	6852647	#NAME?
invalid-hostname	6852648	#NAME?
invalid-hostname	6852649	#NAME?
invalid-hostname	6853185	bh-arppofind.akali-comssets.create-ap-east.wire.c.----netadmin13profiles-1.lel.asia
invalid-hostname	6854120	#NAME?
invalid-hostname	6854803	#NAME?
invalid-hostname	6855817	netoppofindprivate0apachenetoppofindstagecloudfrontprodistrator.---0-0-assetsapache-documents-wwwapacheapachenetoppofind.supertms.com
invalid-hostname	6856158	administrator.---0--0-ejemplo-jenkins0-administrator.supertms.com
invalid-hostname	6856301	-0nm12d-000.pms.mail.ru
invalid-hostname	6856302	#NAME?
invalid-hostname	6857518	bh-arppofind.akali-comssets.create.wire.c.-10-18.lel.asia
invalid-hostname	6857575	administrator.-0-0-apache.supertms.com
invalid-hostname	6857827	tomcat.betaactiveidsistrator.--0---container-cert-betaactiveidsistrator-dev-test.supertms.com
invalid-hostname	6858425	------1docs-18-adminbh-arppofindast-1---net-comssetsna80-1.lel.asia
invalid-hostname	6858780	ids-11.brazil.wire.c.--------------------------3admineast-1-idmisewwwmap-idmisewww-3.lel.asia
invalid-hostname	6858878	docsapi.---netoppofindstage-repo-administrator-cloudscorpistrator.supertms.com
invalid-hostname	6859130	#NAME?
invalid-hostname	6859193	wire.c.--a-000-admin-18-adminpre-map-vn.lel.asia
invalid-hostname	6859665	c.--a-000-admin-18-adminpre-map-vn.lel.asia
invalid-hostname	6859865	#NAME?
invalid-hostname	6859866	#NAME?
invalid-hostname	6859867	#NAME?
invalid-hostname	6860355	create.wire.c.-------1-8-3-admin-18-admin8-36umyhoj8n-bray.lel.asia
invalid-hostname	6860478	administrator.----0-ejemplo-apiserver0b1scorp.supertms.com
invalid-hostname	6860710	wire.2.------1docs-18-adminbh-arppofindast-1---net-comssetsna80-1.lel.asia
invalid-hostname	6861272	2.------1docs-18-adminbh-arppofindast-1---net-comssetsna80-1.lel.asia
invalid-hostname	6861343	#NAME?
invalid-hostname	6861344	#NAME?
invalid-hostname	6861786	dev1--map-thwiremisewww.wire.c.---10-18-northeast-1misewww.lel.asia
invalid-hostname	6862831	0-0-signednetoppofindstagesapacheadmin.--0---netoppofindoppofindstage0lab.supertms.com
invalid-hostname	6862832	-eu-1316693915.cos.eu-frankfurt.myqcloud.com
invalid-hostname	6862833	#NAME?
invalid-hostname	6863432	akali-comssets.create.wire.c.------------------------northeast-admin-3misewww.lel.asia
invalid-hostname	6863609	#NAME?
invalid-hostname	6864233	akali-comssets.create.wire.c.---------------west-1www-3-3misewww.lel.asia
invalid-hostname	6864260	administratorscorpistrator.---0-0-controllerapacheapache-toolbarscorpistrator.supertms.com
invalid-hostname	6864398	----east-1-admin0--east-1-admin8-1.lel.asia
invalid-hostname	6864868	create.brazil.pass.wire.c.---002-dev1-181-brazilmisewww.lel.asia
invalid-hostname	6864990	administrator.--0---0-0-0-ejemplo-marketingeloperapache-administrators.supertms.com
invalid-hostname	6864991	administrator.---0-0-ejemplo-w3enticationeloperapache-administrator.supertms.com
invalid-hostname	6864992	administrator.-----0-ejemplo-corpapi-administrator-cloud0.supertms.com
invalid-hostname	6865183	wire.2.----east-1-admin0--east-1-admin8-1.lel.asia
invalid-hostname	6865323	redirectmestage.---0-0-developstage-16-crazy1warezistratorapacheerapacheapache.supertms.com
invalid-hostname	6865804	2.----east-1-admin0--east-1-admin8-1.lel.asia
invalid-hostname	6865878	#NAME?
invalid-hostname	6866655	#NAME?
invalid-hostname	6866656	#NAME?
invalid-hostname	6867845	gravity forms.com
invalid-hostname	6867969	vivid seats.com
invalid-hostname	6868203	m&tbank.com
invalid-hostname	6868330	teamfight tactics.com
invalid-hostname	6868391	monsterh unter.com
invalid-hostname	6868459	armored warfare.com
invalid-hostname	6877307	www.com
invalid-hostname	6902843	www.website
invalid-hostname	6908227	www.xyz
invalid-hostname	6908832	www.youtube
invalid-hostname	6909464	www.google
invalid-hostname	6958980	www.lv
invalid-hostname	7031196	www.org
invalid-hostname	7041848	www.edu
invalid-hostname	7158384	www.baidu
invalid-hostname	7172591	www.cisco
invalid-hostname	7184882	www.id
invalid-hostname	7305033	www.pid
invalid-hostname	7333371	www.xxx
invalid-hostname	7333372	www.site
invalid-hostname	7340003	www.in
invalid-hostname	7346663	www.il
invalid-hostname	7346665	www.de
invalid-hostname	7389723	www.microsoft
invalid-hostname	7397556	www.la
invalid-hostname	7414985	www.net
invalid-hostname	7461031	www.world
invalid-hostname	7461036	www.abc
invalid-hostname	7511262	www.hr
invalid-hostname	7511263	www.blog
invalid-hostname	7521327	www.ee
invalid-hostname	7532173	www.va
invalid-hostname	7532174	www.gt
invalid-hostname	7555854	www.sg
invalid-hostname	7555855	www.by
invalid-hostname	7605396	www.uol
invalid-hostname	7617340	www.ck
invalid-hostname	7642852	www.me
invalid-hostname	7642853	www.es
invalid-hostname	7642854	www.amazon
invalid-hostname	7655418	www.tv
invalid-hostname	7668453	www.fm
invalid-hostname	7710121	www.gr
invalid-hostname	7724527	www.bbc
invalid-hostname	7739125	www.flickr
invalid-hostname	7784951	www.pa
invalid-hostname	7818092	www.fi
invalid-hostname	7834636	www.it
invalid-hostname	7834637	www.az
invalid-hostname	7851630	www.army
invalid-hostname	7902858	www.com
invalid-hostname	7932276	www.youtube
invalid-hostname	7997852	www.uz
invalid-hostname	8024062	www.info
invalid-hostname	8058125	www.ru
invalid-hostname	8059025	www.google
invalid-hostname	8295725	www.io
invalid-hostname	8384371	www.hr
invalid-hostname	8393079	www.de
invalid-hostname	8449517	www.amazon
invalid-hostname	8454762	www.la
invalid-hostname	8470413	www.cn
invalid-hostname	8508211	www.you
invalid-hostname	8562903	www.bz
invalid-hostname	8837365	www.xxx
invalid-hostname	8867502	Hidden profile
invalid-hostname	8867503	Hidden profile
invalid-hostname	8867507	Hidden profile
invalid-hostname	8867511	Hidden profile
invalid-hostname	8867514	Hidden profile
invalid-hostname	8867523	Hidden profile
invalid-hostname	8867524	Hidden profile
invalid-hostname	8867532	Hidden profile
invalid-hostname	8867536	Hidden profile
invalid-hostname	8867537	Hidden profile
invalid-hostname	8867538	Hidden profile
invalid-hostname	8867539	Hidden profile
invalid-hostname	8867542	Hidden profile
invalid-hostname	8867544	Hidden profile
invalid-hostname	8867546	Hidden profile
invalid-hostname	8867548	Hidden profile
invalid-hostname	8867550	Hidden profile
invalid-hostname	8867551	Hidden profile
invalid-hostname	8867554	Hidden profile
invalid-hostname	8867558	Hidden profile
invalid-hostname	8867562	Hidden profile
invalid-hostname	8867565	Hidden profile
invalid-hostname	8867575	Hidden profile
invalid-hostname	8867578	Hidden profile
invalid-hostname	8867587	Hidden profile
invalid-hostname	8867599	Hidden profile
invalid-hostname	8867600	Hidden profile
invalid-hostname	8867602	Hidden profile
invalid-hostname	8867603	Hidden profile
invalid-hostname	8867606	Hidden profile
invalid-hostname	8867613	Hidden profile
invalid-hostname	8867615	Hidden profile
invalid-hostname	8867616	Hidden profile
invalid-hostname	8867623	Hidden profile
invalid-hostname	8867642	Hidden profile
invalid-hostname	8867656	Hidden profile
invalid-hostname	8867660	Hidden profile
invalid-hostname	8867662	Hidden profile
invalid-hostname	8867669	Hidden profile
invalid-hostname	8867678	Hidden profile
invalid-hostname	8867681	Hidden profile
invalid-hostname	8867684	Hidden profile
invalid-hostname	8867685	Hidden profile
invalid-hostname	8867686	Hidden profile
invalid-hostname	8867702	Hidden profile
invalid-hostname	8867710	Hidden profile
invalid-hostname	8867718	Hidden profile
invalid-hostname	8867725	Hidden profile
invalid-hostname	8867729	Hidden profile
invalid-hostname	8867730	Hidden profile
invalid-hostname	8867731	Hidden profile
invalid-hostname	8867736	Hidden profile
invalid-hostname	8867737	Hidden profile
invalid-hostname	8867742	Hidden profile
invalid-hostname	8867743	Hidden profile
invalid-hostname	8867747	Hidden profile
invalid-hostname	8867756	Hidden profile
invalid-hostname	8867760	Hidden profile
invalid-hostname	8867762	Hidden profile
invalid-hostname	8867763	Hidden profile
invalid-hostname	8867774	Hidden profile
invalid-hostname	8867777	Hidden profile
invalid-hostname	8867778	Hidden profile
invalid-hostname	8867779	Hidden profile
invalid-hostname	8867780	Hidden profile
invalid-hostname	8867783	Hidden profile
invalid-hostname	8867788	Hidden profile
invalid-hostname	8867799	Hidden profile
invalid-hostname	8867808	Hidden profile
invalid-hostname	8867814	Hidden profile
invalid-hostname	8867826	Hidden profile
invalid-hostname	8867828	Hidden profile
invalid-hostname	8867831	Hidden profile
invalid-hostname	8867833	Hidden profile
invalid-hostname	8867846	Hidden profile
invalid-hostname	8867847	Hidden profile
invalid-hostname	8867860	Hidden profile
invalid-hostname	8867861	Hidden profile
invalid-hostname	8867865	Hidden profile
invalid-hostname	8867866	Hidden profile
invalid-hostname	8867870	Hidden profile
invalid-hostname	8867874	Hidden profile
invalid-hostname	8867880	Hidden profile
invalid-hostname	8867898	Hidden profile
invalid-hostname	8867900	Hidden profile
invalid-hostname	8867901	Hidden profile
invalid-hostname	8867902	Hidden profile
invalid-hostname	8867905	Hidden profile
invalid-hostname	8867912	Hidden profile
invalid-hostname	8867919	Hidden profile
invalid-hostname	8867921	Hidden profile
invalid-hostname	8867927	Hidden profile
invalid-hostname	8867946	Hidden profile
invalid-hostname	8867950	Hidden profile
invalid-hostname	8867955	Hidden profile
invalid-hostname	8867961	Hidden profile
invalid-hostname	8867967	Hidden profile
invalid-hostname	8867968	Hidden profile
invalid-hostname	8867988	Hidden profile
invalid-hostname	8867995	Hidden profile
invalid-hostname	8868007	Hidden profile
invalid-hostname	8868023	Hidden profile
invalid-hostname	8868028	Hidden profile
invalid-hostname	8868034	Hidden profile
invalid-hostname	8868061	Hidden profile
invalid-hostname	8868088	Hidden profile
invalid-hostname	8868093	Hidden profile
invalid-hostname	8868106	Hidden profile
invalid-hostname	8868145	Hidden profile
invalid-hostname	8868147	Hidden profile
invalid-hostname	8868161	Hidden profile
invalid-hostname	8868173	Hidden profile
invalid-hostname	8868180	Hidden profile
invalid-hostname	8868182	Hidden profile
invalid-hostname	8868183	Hidden profile
invalid-hostname	8868187	Hidden profile
invalid-hostname	8868192	Hidden profile
invalid-hostname	8868196	Hidden profile
invalid-hostname	8868201	Hidden profile
invalid-hostname	8868207	Hidden profile
invalid-hostname	8868211	Hidden profile
invalid-hostname	8868219	Hidden profile
invalid-hostname	8868222	Hidden profile
invalid-hostname	8868226	Hidden profile
invalid-hostname	8868243	Hidden profile
invalid-hostname	8868249	Hidden profile
invalid-hostname	8868253	Hidden profile
invalid-hostname	8868281	Hidden profile
invalid-hostname	8868283	Hidden profile
invalid-hostname	8868288	Hidden profile
invalid-hostname	8868300	Hidden profile
invalid-hostname	8868301	Hidden profile
invalid-hostname	8868303	Hidden profile
invalid-hostname	8868314	Hidden profile
invalid-hostname	8868321	Hidden profile
invalid-hostname	8868332	Hidden profile
invalid-hostname	8868334	Hidden profile
invalid-hostname	8868356	Hidden profile
invalid-hostname	8868367	Hidden profile
invalid-hostname	8868372	Hidden profile
invalid-hostname	8868387	Hidden profile
invalid-hostname	8868401	Hidden profile
invalid-hostname	8868411	Hidden profile
invalid-hostname	8868415	Hidden profile
invalid-hostname	8868443	Hidden profile
invalid-hostname	8868463	Hidden profile
invalid-hostname	8868469	Hidden profile
invalid-hostname	8868476	Hidden profile
invalid-hostname	8868477	Hidden profile
invalid-hostname	8868517	Hidden profile
invalid-hostname	8868535	Hidden profile
invalid-hostname	8868570	Hidden profile
invalid-hostname	8868574	Hidden profile
invalid-hostname	8868584	Hidden profile
invalid-hostname	8868585	Hidden profile
invalid-hostname	8868594	Hidden profile
invalid-hostname	8868597	Hidden profile
invalid-hostname	8868602	Hidden profile
invalid-hostname	8868603	Hidden profile
invalid-hostname	8868623	Hidden profile
invalid-hostname	8868633	Hidden profile
invalid-hostname	8868634	Hidden profile
invalid-hostname	8868651	Hidden profile
invalid-hostname	8868658	Hidden profile
invalid-hostname	8868663	Hidden profile
invalid-hostname	8868668	Hidden profile
invalid-hostname	8868706	Hidden profile
invalid-hostname	8868718	Hidden profile
invalid-hostname	8868738	Hidden profile
invalid-hostname	8868749	Hidden profile
invalid-hostname	8868763	Hidden profile
invalid-hostname	8868770	Hidden profile
invalid-hostname	8868783	Hidden profile
invalid-hostname	8868787	Hidden profile
invalid-hostname	8868792	Hidden profile
invalid-hostname	8868795	Hidden profile
invalid-hostname	8868830	Hidden profile
invalid-hostname	8868836	Hidden profile
invalid-hostname	8868847	Hidden profile
invalid-hostname	8868862	Hidden profile
invalid-hostname	8868865	Hidden profile
invalid-hostname	8868881	Hidden profile
invalid-hostname	8868888	Hidden profile
invalid-hostname	8868896	Hidden profile
invalid-hostname	8868920	Hidden profile
invalid-hostname	8868934	Hidden profile
invalid-hostname	8868935	Hidden profile
invalid-hostname	8868941	Hidden profile
invalid-hostname	8868942	Hidden profile
invalid-hostname	8868950	Hidden profile
invalid-hostname	8868960	Hidden profile
invalid-hostname	8869020	Hidden profile
invalid-hostname	8869024	Hidden profile
invalid-hostname	8869043	Hidden profile
invalid-hostname	8869044	Hidden profile
invalid-hostname	8869047	Hidden profile
invalid-hostname	8869058	Hidden profile
invalid-hostname	8869065	Hidden profile
invalid-hostname	8869066	Hidden profile
invalid-hostname	8869075	Hidden profile
invalid-hostname	8869086	Hidden profile
invalid-hostname	8869089	Hidden profile
invalid-hostname	8869122	Hidden profile
invalid-hostname	8869136	Hidden profile
invalid-hostname	8869152	Hidden profile
invalid-hostname	8869153	Hidden profile
invalid-hostname	8869161	Hidden profile
invalid-hostname	8869167	Hidden profile
invalid-hostname	8869184	Hidden profile
invalid-hostname	8869214	Hidden profile
invalid-hostname	8869266	Hidden profile
invalid-hostname	8869302	Hidden profile
invalid-hostname	8869311	Hidden profile
invalid-hostname	8869354	Hidden profile
invalid-hostname	8869359	Hidden profile
invalid-hostname	8869362	Hidden profile
invalid-hostname	8869371	Hidden profile
invalid-hostname	8869376	Hidden profile
invalid-hostname	8869382	Hidden profile
invalid-hostname	8869397	Hidden profile
invalid-hostname	8869408	Hidden profile
invalid-hostname	8869447	Hidden profile
invalid-hostname	8869456	Hidden profile
invalid-hostname	8869459	Hidden profile
invalid-hostname	8869466	Hidden profile
invalid-hostname	8869468	Hidden profile
invalid-hostname	8869470	Hidden profile
invalid-hostname	8869483	Hidden profile
invalid-hostname	8869491	Hidden profile
invalid-hostname	8869528	Hidden profile
invalid-hostname	8869577	Hidden profile
invalid-hostname	8869583	Hidden profile
invalid-hostname	8869586	Hidden profile
invalid-hostname	8869600	Hidden profile
invalid-hostname	8869626	Hidden profile
invalid-hostname	8869629	Hidden profile
invalid-hostname	8869630	Hidden profile
invalid-hostname	8869662	Hidden profile
invalid-hostname	8869680	Hidden profile
invalid-hostname	8869685	Hidden profile
invalid-hostname	8869690	Hidden profile
invalid-hostname	8869726	Hidden profile
invalid-hostname	8869727	Hidden profile
invalid-hostname	8869731	Hidden profile
invalid-hostname	8869733	Hidden profile
invalid-hostname	8869788	Hidden profile
invalid-hostname	8869794	Hidden profile
invalid-hostname	8869810	Hidden profile
invalid-hostname	8869860	Hidden profile
invalid-hostname	8869867	Hidden profile
invalid-hostname	8869877	Hidden profile
invalid-hostname	8869899	Hidden profile
invalid-hostname	8869928	Hidden profile
invalid-hostname	8869934	Hidden profile
invalid-hostname	8869965	Hidden profile
invalid-hostname	8869968	Hidden profile
invalid-hostname	8869983	Hidden profile
invalid-hostname	8869987	Hidden profile
invalid-hostname	8869996	Hidden profile
invalid-hostname	8870021	Hidden profile
invalid-hostname	8870023	Hidden profile
invalid-hostname	8870052	Hidden profile
invalid-hostname	8870063	Hidden profile
invalid-hostname	8870082	Hidden profile
invalid-hostname	8870085	Hidden profile
invalid-hostname	8870090	Hidden profile
invalid-hostname	8870098	Hidden profile
invalid-hostname	8870109	Hidden profile
invalid-hostname	8870125	Hidden profile
invalid-hostname	8870143	Hidden profile
invalid-hostname	8870149	Hidden profile
invalid-hostname	8870155	Hidden profile
invalid-hostname	8870179	Hidden profile
invalid-hostname	8870224	Hidden profile
invalid-hostname	8870225	Hidden profile
invalid-hostname	8870264	Hidden profile
invalid-hostname	8870285	Hidden profile
invalid-hostname	8870293	Hidden profile
invalid-hostname	8870318	Hidden profile
invalid-hostname	8870338	Hidden profile
invalid-hostname	8870363	Hidden profile
invalid-hostname	8870392	Hidden profile
invalid-hostname	8870394	Hidden profile
invalid-hostname	8870396	Hidden profile
invalid-hostname	8870413	Hidden profile
invalid-hostname	8870468	Hidden profile
invalid-hostname	8870513	Hidden profile
invalid-hostname	8870516	Hidden profile
invalid-hostname	8870526	Hidden profile
invalid-hostname	8870532	Hidden profile
invalid-hostname	8870547	Hidden profile
invalid-hostname	8870558	Hidden profile
invalid-hostname	8870576	Hidden profile
invalid-hostname	8870594	Hidden profile
invalid-hostname	8870600	Hidden profile
invalid-hostname	8870616	Hidden profile
invalid-hostname	8870618	Hidden profile
invalid-hostname	8870636	Hidden profile
invalid-hostname	8870640	Hidden profile
invalid-hostname	8870653	Hidden profile
invalid-hostname	8870655	Hidden profile
invalid-hostname	8870657	Hidden profile
invalid-hostname	8870670	Hidden profile
invalid-hostname	8870713	Hidden profile
invalid-hostname	8870732	Hidden profile
invalid-hostname	8870734	Hidden profile
invalid-hostname	8870756	Hidden profile
invalid-hostname	8870761	Hidden profile
invalid-hostname	8870764	Hidden profile
invalid-hostname	8870771	Hidden profile
invalid-hostname	8870778	Hidden profile
invalid-hostname	8870784	Hidden profile
invalid-hostname	8870809	Hidden profile
invalid-hostname	8870840	Hidden profile
invalid-hostname	8870843	Hidden profile
invalid-hostname	8870849	Hidden profile
invalid-hostname	8870856	Hidden profile
invalid-hostname	8870876	Hidden profile
invalid-hostname	8870905	Hidden profile
invalid-hostname	8870951	Hidden profile
invalid-hostname	8870954	Hidden profile
invalid-hostname	8870961	Hidden profile
invalid-hostname	8870991	Hidden profile
invalid-hostname	8871050	Hidden profile
invalid-hostname	8871073	Hidden profile
invalid-hostname	8871086	Hidden profile
invalid-hostname	8871102	Hidden profile
invalid-hostname	8871107	Hidden profile
invalid-hostname	8871113	Hidden profile
invalid-hostname	8871123	Hidden profile
invalid-hostname	8871131	Hidden profile
invalid-hostname	8871147	Hidden profile
invalid-hostname	8871151	Hidden profile
invalid-hostname	8871172	Hidden profile
invalid-hostname	8871290	Hidden profile
invalid-hostname	8871295	Hidden profile
invalid-hostname	8871327	Hidden profile
invalid-hostname	8871350	Hidden profile
invalid-hostname	8871351	Hidden profile
invalid-hostname	8871386	Hidden profile
invalid-hostname	8871398	Hidden profile
invalid-hostname	8871451	Hidden profile
invalid-hostname	8871484	Hidden profile
invalid-hostname	8871486	Hidden profile
invalid-hostname	8871490	Hidden profile
invalid-hostname	8871491	Hidden profile
invalid-hostname	8871507	Hidden profile
invalid-hostname	8871553	Hidden profile
invalid-hostname	8871557	Hidden profile
invalid-hostname	8871619	Hidden profile
invalid-hostname	8871632	Hidden profile
invalid-hostname	8871645	Hidden profile
invalid-hostname	8871656	Hidden profile
invalid-hostname	8871678	Hidden profile
invalid-hostname	8871704	Hidden profile
invalid-hostname	8871719	Hidden profile
invalid-hostname	8871723	Hidden profile
invalid-hostname	8871767	Hidden profile
invalid-hostname	8871781	Hidden profile
invalid-hostname	8871804	Hidden profile
invalid-hostname	8871868	Hidden profile
invalid-hostname	8871875	Hidden profile
invalid-hostname	8871900	Hidden profile
invalid-hostname	8871903	Hidden profile
invalid-hostname	8871904	Hidden profile
invalid-hostname	8871917	Hidden profile
invalid-hostname	8871921	Hidden profile
invalid-hostname	8871995	Hidden profile
invalid-hostname	8872061	Hidden profile
invalid-hostname	8872068	Hidden profile
invalid-hostname	8872078	Hidden profile
invalid-hostname	8872092	Hidden profile
invalid-hostname	8872099	Hidden profile
invalid-hostname	8872142	Hidden profile
invalid-hostname	8872160	Hidden profile
invalid-hostname	8872167	Hidden profile
invalid-hostname	8872181	Hidden profile
invalid-hostname	8872198	Hidden profile
invalid-hostname	8872231	Hidden profile
invalid-hostname	8872234	Hidden profile
invalid-hostname	8872246	Hidden profile
invalid-hostname	8872300	Hidden profile
invalid-hostname	8872383	Hidden profile
invalid-hostname	8872389	Hidden profile
invalid-hostname	8872397	Hidden profile
invalid-hostname	8872398	Hidden profile
invalid-hostname	8872413	Hidden profile
invalid-hostname	8872428	Hidden profile
invalid-hostname	8872430	Hidden profile
invalid-hostname	8872433	Hidden profile
invalid-hostname	8872464	Hidden profile
invalid-hostname	8872539	Hidden profile
invalid-hostname	8872540	Hidden profile
invalid-hostname	8872543	Hidden profile
invalid-hostname	8872551	Hidden profile
invalid-hostname	8872552	Hidden profile
invalid-hostname	8872573	Hidden profile
invalid-hostname	8872576	Hidden profile
invalid-hostname	8872596	Hidden profile
invalid-hostname	8872597	Hidden profile
invalid-hostname	8872618	Hidden profile
invalid-hostname	8872626	Hidden profile
invalid-hostname	8872651	Hidden profile
invalid-hostname	8872661	Hidden profile
invalid-hostname	8872669	Hidden profile
invalid-hostname	8872684	Hidden profile
invalid-hostname	8872691	Hidden profile
invalid-hostname	8872696	Hidden profile
invalid-hostname	8872714	Hidden profile
invalid-hostname	8872733	Hidden profile
invalid-hostname	8872741	Hidden profile
invalid-hostname	8872823	Hidden profile
invalid-hostname	8872881	Hidden profile
invalid-hostname	8872903	Hidden profile
invalid-hostname	8872976	Hidden profile
invalid-hostname	8873046	Hidden profile
invalid-hostname	8873073	Hidden profile
invalid-hostname	8873129	Hidden profile
invalid-hostname	8873138	Hidden profile
invalid-hostname	8873140	Hidden profile
invalid-hostname	8873169	Hidden profile
invalid-hostname	8873190	Hidden profile
invalid-hostname	8873223	Hidden profile
invalid-hostname	8873248	Hidden profile
invalid-hostname	8873257	Hidden profile
invalid-hostname	8873316	Hidden profile
invalid-hostname	8873328	Hidden profile
invalid-hostname	8873332	Hidden profile
invalid-hostname	8873417	Hidden profile
invalid-hostname	8873467	Hidden profile
invalid-hostname	8873493	Hidden profile
invalid-hostname	8873529	Hidden profile
invalid-hostname	8873540	Hidden profile
invalid-hostname	8873579	Hidden profile
invalid-hostname	8873590	Hidden profile
invalid-hostname	8873642	Hidden profile
invalid-hostname	8873672	Hidden profile
invalid-hostname	8873678	Hidden profile
invalid-hostname	8873699	Hidden profile
invalid-hostname	8873740	Hidden profile
invalid-hostname	8873759	Hidden profile
invalid-hostname	8873775	Hidden profile
invalid-hostname	8873777	Hidden profile
invalid-hostname	8873810	Hidden profile
invalid-hostname	8873868	Hidden profile
invalid-hostname	8873900	Hidden profile
invalid-hostname	8873980	Hidden profile
invalid-hostname	8873994	Hidden profile
invalid-hostname	8874044	Hidden profile
invalid-hostname	8874076	Hidden profile
invalid-hostname	8874105	Hidden profile
invalid-hostname	8874117	Hidden profile
invalid-hostname	8874120	Hidden profile
invalid-hostname	8874212	Hidden profile
invalid-hostname	8874223	Hidden profile
invalid-hostname	8874226	Hidden profile
invalid-hostname	8874227	Hidden profile
invalid-hostname	8874254	Hidden profile
invalid-hostname	8874268	Hidden profile
invalid-hostname	8874293	Hidden profile
invalid-hostname	8874310	Hidden profile
invalid-hostname	8874338	Hidden profile
invalid-hostname	8874340	Hidden profile
invalid-hostname	8874345	Hidden profile
invalid-hostname	8874350	Hidden profile
invalid-hostname	8874354	Hidden profile
invalid-hostname	8874379	Hidden profile
invalid-hostname	8874402	Hidden profile
invalid-hostname	8874472	Hidden profile
invalid-hostname	8874516	Hidden profile
invalid-hostname	8874522	Hidden profile
invalid-hostname	8874645	Hidden profile
invalid-hostname	8874701	Hidden profile
invalid-hostname	8874741	Hidden profile
invalid-hostname	8874754	Hidden profile
invalid-hostname	8874767	Hidden profile
invalid-hostname	8874787	Hidden profile
invalid-hostname	8874843	Hidden profile
invalid-hostname	8874908	Hidden profile
invalid-hostname	8874919	Hidden profile
invalid-hostname	8874961	Hidden profile
invalid-hostname	8875002	Hidden profile
invalid-hostname	8875098	Hidden profile
invalid-hostname	8875110	Hidden profile
invalid-hostname	8875117	Hidden profile
invalid-hostname	8875152	Hidden profile
invalid-hostname	8875162	Hidden profile
invalid-hostname	8875168	Hidden profile
invalid-hostname	8875198	Hidden profile
invalid-hostname	8875202	Hidden profile
invalid-hostname	8875217	Hidden profile
invalid-hostname	8875255	Hidden profile
invalid-hostname	8875258	Hidden profile
invalid-hostname	8875265	Hidden profile
invalid-hostname	8875271	Hidden profile
invalid-hostname	8875317	Hidden profile
invalid-hostname	8875338	Hidden profile
invalid-hostname	8875340	Hidden profile
invalid-hostname	8875358	Hidden profile
invalid-hostname	8875359	Hidden profile
invalid-hostname	8875390	Hidden profile
invalid-hostname	8875417	Hidden profile
invalid-hostname	8875444	Hidden profile
invalid-hostname	8875609	Hidden profile
invalid-hostname	8875660	Hidden profile
invalid-hostname	8875667	Hidden profile
invalid-hostname	8875765	Hidden profile
invalid-hostname	8875813	Hidden profile
invalid-hostname	8875821	Hidden profile
invalid-hostname	8875891	Hidden profile
invalid-hostname	8875925	Hidden profile
invalid-hostname	8875937	Hidden profile
invalid-hostname	8876016	Hidden profile
invalid-hostname	8876017	Hidden profile
invalid-hostname	8876103	Hidden profile
invalid-hostname	8876110	Hidden profile
invalid-hostname	8876116	Hidden profile
invalid-hostname	8876144	Hidden profile
invalid-hostname	8876171	Hidden profile
invalid-hostname	8876186	Hidden profile
invalid-hostname	8876230	Hidden profile
invalid-hostname	8876232	Hidden profile
invalid-hostname	8876237	Hidden profile
invalid-hostname	8876369	Hidden profile
invalid-hostname	8876392	Hidden profile
invalid-hostname	8876406	Hidden profile
invalid-hostname	8876458	Hidden profile
invalid-hostname	8876462	Hidden profile
invalid-hostname	8876466	Hidden profile
invalid-hostname	8876531	Hidden profile
invalid-hostname	8876534	Hidden profile
invalid-hostname	8876621	Hidden profile
invalid-hostname	8876633	Hidden profile
invalid-hostname	8876634	Hidden profile
invalid-hostname	8876637	Hidden profile
invalid-hostname	8876665	Hidden profile
invalid-hostname	8876666	Hidden profile
invalid-hostname	8876724	Hidden profile
invalid-hostname	8876760	Hidden profile
invalid-hostname	8876830	Hidden profile
invalid-hostname	8876848	Hidden profile
invalid-hostname	8876888	Hidden profile
invalid-hostname	8876898	Hidden profile
invalid-hostname	8876901	Hidden profile
invalid-hostname	8876903	Hidden profile
invalid-hostname	8876967	Hidden profile
invalid-hostname	8876996	Hidden profile
invalid-hostname	8877014	Hidden profile
invalid-hostname	8877065	Hidden profile
invalid-hostname	8877087	Hidden profile
invalid-hostname	8877099	Hidden profile
invalid-hostname	8877132	Hidden profile
invalid-hostname	8877162	Hidden profile
invalid-hostname	8877194	Hidden profile
invalid-hostname	8877213	Hidden profile
invalid-hostname	8877252	Hidden profile
invalid-hostname	8877258	Hidden profile
invalid-hostname	8877266	Hidden profile
invalid-hostname	8877363	Hidden profile
invalid-hostname	8877393	Hidden profile
invalid-hostname	8877430	Hidden profile
invalid-hostname	8877437	Hidden profile
invalid-hostname	8877440	Hidden profile
invalid-hostname	8877458	Hidden profile
invalid-hostname	8877463	Hidden profile
invalid-hostname	8877606	Hidden profile
invalid-hostname	8877626	Hidden profile
invalid-hostname	8877655	Hidden profile
invalid-hostname	8877700	Hidden profile
invalid-hostname	8877725	Hidden profile
invalid-hostname	8877775	Hidden profile
invalid-hostname	8877792	Hidden profile
invalid-hostname	8877846	Hidden profile
invalid-hostname	8877848	Hidden profile
invalid-hostname	8877868	Hidden profile
invalid-hostname	8877904	Hidden profile
invalid-hostname	8877921	Hidden profile
invalid-hostname	8877933	Hidden profile
invalid-hostname	8877954	Hidden profile
invalid-hostname	8877960	Hidden profile
invalid-hostname	8877968	Hidden profile
invalid-hostname	8877982	Hidden profile
invalid-hostname	8878052	Hidden profile
invalid-hostname	8878053	Hidden profile
invalid-hostname	8878072	Hidden profile
invalid-hostname	8878183	Hidden profile
invalid-hostname	8878246	Hidden profile
invalid-hostname	8878269	Hidden profile
invalid-hostname	8878308	Hidden profile
invalid-hostname	8878345	Hidden profile
invalid-hostname	8878450	Hidden profile
invalid-hostname	8878451	Hidden profile
invalid-hostname	8878521	Hidden profile
invalid-hostname	8878601	Hidden profile
invalid-hostname	8878699	Hidden profile
invalid-hostname	8878841	Hidden profile
invalid-hostname	8878883	Hidden profile
invalid-hostname	8878899	Hidden profile
invalid-hostname	8878902	Hidden profile
invalid-hostname	8878988	Hidden profile
invalid-hostname	8879017	Hidden profile
invalid-hostname	8879047	Hidden profile
invalid-hostname	8879048	Hidden profile
invalid-hostname	8879063	Hidden profile
invalid-hostname	8879073	Hidden profile
invalid-hostname	8879107	Hidden profile
invalid-hostname	8879123	Hidden profile
invalid-hostname	8879155	Hidden profile
invalid-hostname	8879324	Hidden profile
invalid-hostname	8879330	Hidden profile
invalid-hostname	8879336	Hidden profile
invalid-hostname	8879367	Hidden profile
invalid-hostname	8879381	Hidden profile
invalid-hostname	8879405	Hidden profile
invalid-hostname	8879457	Hidden profile
invalid-hostname	8879543	Hidden profile
invalid-hostname	8879635	Hidden profile
invalid-hostname	8879755	Hidden profile
invalid-hostname	8879756	Hidden profile
invalid-hostname	8879800	Hidden profile
invalid-hostname	8879839	Hidden profile
invalid-hostname	8879852	Hidden profile
invalid-hostname	8879867	Hidden profile
invalid-hostname	8879898	Hidden profile
invalid-hostname	8880053	Hidden profile
invalid-hostname	8880066	Hidden profile
invalid-hostname	8880120	Hidden profile
invalid-hostname	8880183	Hidden profile
invalid-hostname	8880220	Hidden profile
invalid-hostname	8880256	Hidden profile
invalid-hostname	8880262	Hidden profile
invalid-hostname	8880333	Hidden profile
invalid-hostname	8880344	Hidden profile
invalid-hostname	8880361	Hidden profile
invalid-hostname	8880363	Hidden profile
invalid-hostname	8880421	Hidden profile
invalid-hostname	8880471	Hidden profile
invalid-hostname	8880482	Hidden profile
invalid-hostname	8880499	Hidden profile
invalid-hostname	8880554	Hidden profile
invalid-hostname	8880677	Hidden profile
invalid-hostname	8880716	Hidden profile
invalid-hostname	8880743	Hidden profile
invalid-hostname	8880965	Hidden profile
invalid-hostname	8881003	Hidden profile
invalid-hostname	8881024	Hidden profile
invalid-hostname	8881076	Hidden profile
invalid-hostname	8881109	Hidden profile
invalid-hostname	8881110	Hidden profile
invalid-hostname	8881162	Hidden profile
invalid-hostname	8881253	Hidden profile
invalid-hostname	8881295	Hidden profile
invalid-hostname	8881428	Hidden profile
invalid-hostname	8881497	Hidden profile
invalid-hostname	8881526	Hidden profile
invalid-hostname	8881532	Hidden profile
invalid-hostname	8881559	Hidden profile
invalid-hostname	8881566	Hidden profile
invalid-hostname	8881729	Hidden profile
invalid-hostname	8881799	Hidden profile
invalid-hostname	8881839	Hidden profile
invalid-hostname	8881949	Hidden profile
invalid-hostname	8881961	Hidden profile
invalid-hostname	8881982	Hidden profile
invalid-hostname	8882049	Hidden profile
invalid-hostname	8882057	Hidden profile
invalid-hostname	8882095	Hidden profile
invalid-hostname	8882113	Hidden profile
invalid-hostname	8882117	Hidden profile
invalid-hostname	8882151	Hidden profile
invalid-hostname	8882222	Hidden profile
invalid-hostname	8882276	Hidden profile
invalid-hostname	8882284	Hidden profile
invalid-hostname	8882308	Hidden profile
invalid-hostname	8882338	Hidden profile
invalid-hostname	8882343	Hidden profile
invalid-hostname	8882407	Hidden profile
invalid-hostname	8882466	Hidden profile
invalid-hostname	8882492	Hidden profile
invalid-hostname	8882501	Hidden profile
invalid-hostname	8882530	Hidden profile
invalid-hostname	8882555	Hidden profile
invalid-hostname	8882586	Hidden profile
invalid-hostname	8882613	Hidden profile
invalid-hostname	8882636	Hidden profile
invalid-hostname	8882642	Hidden profile
invalid-hostname	8882644	Hidden profile
invalid-hostname	8882674	Hidden profile
invalid-hostname	8882728	Hidden profile
invalid-hostname	8882756	Hidden profile
invalid-hostname	8882770	Hidden profile
invalid-hostname	8882793	Hidden profile
invalid-hostname	8882951	Hidden profile
invalid-hostname	8882962	Hidden profile
invalid-hostname	8883009	Hidden profile
invalid-hostname	8883029	Hidden profile
invalid-hostname	8883066	Hidden profile
invalid-hostname	8883069	Hidden profile
invalid-hostname	8883128	Hidden profile
invalid-hostname	8883149	Hidden profile
invalid-hostname	8883152	Hidden profile
invalid-hostname	8883176	Hidden profile
invalid-hostname	8883212	Hidden profile
invalid-hostname	8883234	Hidden profile
invalid-hostname	8883252	Hidden profile
invalid-hostname	8883276	Hidden profile
invalid-hostname	8883399	Hidden profile
invalid-hostname	8883505	Hidden profile
invalid-hostname	8883532	Hidden profile
invalid-hostname	8883533	Hidden profile
invalid-hostname	8883591	Hidden profile
invalid-hostname	8883598	Hidden profile
invalid-hostname	8883682	Hidden profile
invalid-hostname	8883688	Hidden profile
invalid-hostname	8883807	Hidden profile
invalid-hostname	8883921	Hidden profile
invalid-hostname	8883933	Hidden profile
invalid-hostname	8883959	Hidden profile
invalid-hostname	8883965	Hidden profile
invalid-hostname	8884063	Hidden profile
invalid-hostname	8884071	Hidden profile
invalid-hostname	8884187	Hidden profile
invalid-hostname	8884237	Hidden profile
invalid-hostname	8884268	Hidden profile
invalid-hostname	8884318	Hidden profile
invalid-hostname	8884341	Hidden profile
invalid-hostname	8884391	Hidden profile
invalid-hostname	8884411	Hidden profile
invalid-hostname	8884451	Hidden profile
invalid-hostname	8884525	Hidden profile
invalid-hostname	8884605	Hidden profile
invalid-hostname	8884631	Hidden profile
invalid-hostname	8884653	Hidden profile
invalid-hostname	8884792	Hidden profile
invalid-hostname	8884910	Hidden profile
invalid-hostname	8884976	Hidden profile
invalid-hostname	8885016	Hidden profile
invalid-hostname	8885060	Hidden profile
invalid-hostname	8885097	Hidden profile
invalid-hostname	8885129	Hidden profile
invalid-hostname	8885195	Hidden profile
invalid-hostname	8885205	Hidden profile
invalid-hostname	8885273	Hidden profile
invalid-hostname	8885345	Hidden profile
invalid-hostname	8885347	Hidden profile
invalid-hostname	8885384	Hidden profile
invalid-hostname	8885439	Hidden profile
invalid-hostname	8885474	Hidden profile
invalid-hostname	8885485	Hidden profile
invalid-hostname	8885517	Hidden profile
invalid-hostname	8885543	Hidden profile
invalid-hostname	8885551	Hidden profile
invalid-hostname	8885632	Hidden profile
invalid-hostname	8885705	Hidden profile
invalid-hostname	8885774	Hidden profile
invalid-hostname	8885782	Hidden profile
invalid-hostname	8885786	Hidden profile
invalid-hostname	8885799	Hidden profile
invalid-hostname	8885814	Hidden profile
invalid-hostname	8885953	Hidden profile
invalid-hostname	8885978	Hidden profile
invalid-hostname	8886089	Hidden profile
invalid-hostname	8886091	Hidden profile
invalid-hostname	8886140	Hidden profile
invalid-hostname	8886155	Hidden profile
invalid-hostname	8886235	Hidden profile
invalid-hostname	8886293	Hidden profile
invalid-hostname	8886323	Hidden profile
invalid-hostname	8886331	Hidden profile
invalid-hostname	8886381	Hidden profile
invalid-hostname	8886426	Hidden profile
invalid-hostname	8886462	Hidden profile
invalid-hostname	8886517	Hidden profile
invalid-hostname	8886562	Hidden profile
invalid-hostname	8886713	Hidden profile
invalid-hostname	8886743	Hidden profile
invalid-hostname	8886852	Hidden profile
invalid-hostname	8886895	Hidden profile
invalid-hostname	8886996	Hidden profile
invalid-hostname	8887080	Hidden profile
invalid-hostname	8887084	Hidden profile
invalid-hostname	8887118	Hidden profile
invalid-hostname	8887141	Hidden profile
invalid-hostname	8887252	Hidden profile
invalid-hostname	8887310	Hidden profile
invalid-hostname	8887482	Hidden profile
invalid-hostname	8887543	Hidden profile
invalid-hostname	8887544	Hidden profile
invalid-hostname	8887650	Hidden profile
invalid-hostname	8887658	Hidden profile
invalid-hostname	8887676	Hidden profile
invalid-hostname	8887705	Hidden profile
invalid-hostname	8887723	Hidden profile
invalid-hostname	8887767	Hidden profile
invalid-hostname	8887930	Hidden profile
invalid-hostname	8887961	Hidden profile
invalid-hostname	8887975	Hidden profile
invalid-hostname	8888008	Hidden profile
invalid-hostname	8888049	Hidden profile
invalid-hostname	8888205	Hidden profile
invalid-hostname	8888307	Hidden profile
invalid-hostname	8888457	Hidden profile
invalid-hostname	8888571	Hidden profile
invalid-hostname	8888586	Hidden profile
invalid-hostname	8888602	Hidden profile
invalid-hostname	8888652	Hidden profile
invalid-hostname	8888732	Hidden profile
invalid-hostname	8888768	Hidden profile
invalid-hostname	8888824	Hidden profile
invalid-hostname	8888837	Hidden profile
invalid-hostname	8888955	Hidden profile
invalid-hostname	8889025	Hidden profile
invalid-hostname	8889037	Hidden profile
invalid-hostname	8889054	Hidden profile
invalid-hostname	8889116	Hidden profile
invalid-hostname	8889123	Hidden profile
invalid-hostname	8889140	Hidden profile
invalid-hostname	8889196	Hidden profile
invalid-hostname	8889212	Hidden profile
invalid-hostname	8889231	Hidden profile
invalid-hostname	8889260	Hidden profile
invalid-hostname	8889308	Hidden profile
invalid-hostname	8889325	Hidden profile
invalid-hostname	8889530	Hidden profile
invalid-hostname	8889563	Hidden profile
invalid-hostname	8889607	Hidden profile
invalid-hostname	8889618	Hidden profile
invalid-hostname	8889681	Hidden profile
invalid-hostname	8889781	Hidden profile
invalid-hostname	8889782	Hidden profile
invalid-hostname	8889801	Hidden profile
invalid-hostname	8889839	Hidden profile
invalid-hostname	8889878	Hidden profile
invalid-hostname	8889889	Hidden profile
invalid-hostname	8889936	Hidden profile
invalid-hostname	8889991	Hidden profile
invalid-hostname	8889995	Hidden profile
invalid-hostname	8890115	Hidden profile
invalid-hostname	8890214	Hidden profile
invalid-hostname	8890264	Hidden profile
invalid-hostname	8890265	Hidden profile
invalid-hostname	8890276	Hidden profile
invalid-hostname	8890377	Hidden profile
invalid-hostname	8890389	Hidden profile
invalid-hostname	8890414	Hidden profile
invalid-hostname	8890442	Hidden profile
invalid-hostname	8890677	Hidden profile
invalid-hostname	8890703	Hidden profile
invalid-hostname	8890747	Hidden profile
invalid-hostname	8890764	Hidden profile
invalid-hostname	8890765	Hidden profile
invalid-hostname	8890812	Hidden profile
invalid-hostname	8890830	Hidden profile
invalid-hostname	8890948	Hidden profile
invalid-hostname	8890958	Hidden profile
invalid-hostname	8890994	Hidden profile
invalid-hostname	8891050	Hidden profile
invalid-hostname	8891062	Hidden profile
invalid-hostname	8891174	Hidden profile
invalid-hostname	8891221	Hidden profile
invalid-hostname	8891285	Hidden profile
invalid-hostname	8891319	Hidden profile
invalid-hostname	8891329	Hidden profile
invalid-hostname	8891336	Hidden profile
invalid-hostname	8891483	Hidden profile
invalid-hostname	8891657	Hidden profile
invalid-hostname	8891664	Hidden profile
invalid-hostname	8891705	Hidden profile
invalid-hostname	8891788	Hidden profile
invalid-hostname	8892021	Hidden profile
invalid-hostname	8892025	Hidden profile
invalid-hostname	8892094	Hidden profile
invalid-hostname	8892102	Hidden profile
invalid-hostname	8892264	Hidden profile
invalid-hostname	8892389	Hidden profile
invalid-hostname	8892391	Hidden profile
invalid-hostname	8892444	Hidden profile
invalid-hostname	8892484	Hidden profile
invalid-hostname	8892521	Hidden profile
invalid-hostname	8892626	Hidden profile
invalid-hostname	8892666	Hidden profile
invalid-hostname	8892725	Hidden profile
invalid-hostname	8892808	Hidden profile
invalid-hostname	8892823	Hidden profile
invalid-hostname	8892894	Hidden profile
invalid-hostname	8892984	Hidden profile
invalid-hostname	8893180	Hidden profile
invalid-hostname	8893189	Hidden profile
invalid-hostname	8893217	Hidden profile
invalid-hostname	8893222	Hidden profile
invalid-hostname	8893300	Hidden profile
invalid-hostname	8893308	Hidden profile
invalid-hostname	8893332	Hidden profile
invalid-hostname	8893388	Hidden profile
invalid-hostname	8893399	Hidden profile
invalid-hostname	8893417	Hidden profile
invalid-hostname	8893422	Hidden profile
invalid-hostname	8893445	Hidden profile
invalid-hostname	8893532	Hidden profile
invalid-hostname	8893550	Hidden profile
invalid-hostname	8893591	Hidden profile
invalid-hostname	8893745	Hidden profile
invalid-hostname	8893792	Hidden profile
invalid-hostname	8893800	Hidden profile
invalid-hostname	8893832	Hidden profile
invalid-hostname	8893847	Hidden profile
invalid-hostname	8893901	Hidden profile
invalid-hostname	8894100	Hidden profile
invalid-hostname	8894142	Hidden profile
invalid-hostname	8894419	Hidden profile
invalid-hostname	8894494	Hidden profile
invalid-hostname	8894581	Hidden profile
invalid-hostname	8894638	Hidden profile
invalid-hostname	8894672	Hidden profile
invalid-hostname	8894689	Hidden profile
invalid-hostname	8894779	Hidden profile
invalid-hostname	8894843	Hidden profile
invalid-hostname	8894866	Hidden profile
invalid-hostname	8894910	Hidden profile
invalid-hostname	8894916	Hidden profile
invalid-hostname	8894955	Hidden profile
invalid-hostname	8894994	Hidden profile
invalid-hostname	8895068	Hidden profile
invalid-hostname	8895150	Hidden profile
invalid-hostname	8895169	Hidden profile
invalid-hostname	8895183	Hidden profile
invalid-hostname	8895276	Hidden profile
invalid-hostname	8895284	Hidden profile
invalid-hostname	8895574	Hidden profile
invalid-hostname	8895743	Hidden profile
invalid-hostname	8895903	Hidden profile
invalid-hostname	8896036	Hidden profile
invalid-hostname	8896041	Hidden profile
invalid-hostname	8896092	Hidden profile
invalid-hostname	8896141	Hidden profile
invalid-hostname	8896211	Hidden profile
invalid-hostname	8896258	Hidden profile
invalid-hostname	8896281	Hidden profile
invalid-hostname	8896442	Hidden profile
invalid-hostname	8896444	Hidden profile
invalid-hostname	8896500	Hidden profile
invalid-hostname	8896598	Hidden profile
invalid-hostname	8896599	Hidden profile
invalid-hostname	8896668	Hidden profile
invalid-hostname	8896742	Hidden profile
invalid-hostname	8896825	Hidden profile
invalid-hostname	8896891	Hidden profile
invalid-hostname	8896897	Hidden profile
invalid-hostname	8897041	Hidden profile
invalid-hostname	8897116	Hidden profile
invalid-hostname	8897122	Hidden profile
invalid-hostname	8897154	Hidden profile
invalid-hostname	8897239	Hidden profile
invalid-hostname	8897329	Hidden profile
invalid-hostname	8897357	Hidden profile
invalid-hostname	8897393	Hidden profile
invalid-hostname	8897400	Hidden profile
invalid-hostname	8897405	Hidden profile
invalid-hostname	8897482	Hidden profile
invalid-hostname	8897588	Hidden profile
invalid-hostname	8897622	Hidden profile
invalid-hostname	8897724	Hidden profile
invalid-hostname	8897788	Hidden profile
invalid-hostname	8897808	Hidden profile
invalid-hostname	8897809	Hidden profile
invalid-hostname	8898076	Hidden profile
invalid-hostname	8898078	Hidden profile
invalid-hostname	8898143	Hidden profile
invalid-hostname	8898153	Hidden profile
invalid-hostname	8898227	Hidden profile
invalid-hostname	8898231	Hidden profile
invalid-hostname	8898289	Hidden profile
invalid-hostname	8898586	Hidden profile
invalid-hostname	8898622	Hidden profile
invalid-hostname	8898680	Hidden profile
invalid-hostname	8898732	Hidden profile
invalid-hostname	8898742	Hidden profile
invalid-hostname	8898903	Hidden profile
invalid-hostname	8898926	Hidden profile
invalid-hostname	8899095	Hidden profile
invalid-hostname	8899142	Hidden profile
invalid-hostname	8899157	Hidden profile
invalid-hostname	8899184	Hidden profile
invalid-hostname	8899234	Hidden profile
invalid-hostname	8899306	Hidden profile
invalid-hostname	8899432	Hidden profile
invalid-hostname	8899484	Hidden profile
invalid-hostname	8899530	Hidden profile
invalid-hostname	8899548	Hidden profile
invalid-hostname	8899637	Hidden profile
invalid-hostname	8899847	Hidden profile
invalid-hostname	8899862	Hidden profile
invalid-hostname	8899895	Hidden profile
invalid-hostname	8900147	Hidden profile
invalid-hostname	8900281	Hidden profile
invalid-hostname	8900291	Hidden profile
invalid-hostname	8900352	Hidden profile
invalid-hostname	8900413	Hidden profile
invalid-hostname	8900493	Hidden profile
invalid-hostname	8900707	Hidden profile
invalid-hostname	8900709	Hidden profile
invalid-hostname	8900718	Hidden profile
invalid-hostname	8900795	Hidden profile
invalid-hostname	8900826	Hidden profile
invalid-hostname	8900954	Hidden profile
invalid-hostname	8901005	Hidden profile
invalid-hostname	8901168	Hidden profile
invalid-hostname	8901171	Hidden profile
invalid-hostname	8901375	Hidden profile
invalid-hostname	8901470	Hidden profile
invalid-hostname	8901524	Hidden profile
invalid-hostname	8901568	Hidden profile
invalid-hostname	8901616	Hidden profile
invalid-hostname	8901694	Hidden profile
invalid-hostname	8901701	Hidden profile
invalid-hostname	8901703	Hidden profile
invalid-hostname	8901709	Hidden profile
invalid-hostname	8901761	Hidden profile
invalid-hostname	8901769	Hidden profile
invalid-hostname	8901773	Hidden profile
invalid-hostname	8901790	Hidden profile
invalid-hostname	8901838	Hidden profile
invalid-hostname	8901854	Hidden profile
invalid-hostname	8901887	Hidden profile
invalid-hostname	8901903	Hidden profile
invalid-hostname	8901984	Hidden profile
invalid-hostname	8901985	Hidden profile
invalid-hostname	8902072	Hidden profile
invalid-hostname	8902115	Hidden profile
invalid-hostname	8902174	Hidden profile
invalid-hostname	8902326	Hidden profile
invalid-hostname	8902556	Hidden profile
invalid-hostname	8902650	Hidden profile
invalid-hostname	8902652	Hidden profile
invalid-hostname	8902768	Hidden profile
invalid-hostname	8902779	Hidden profile
invalid-hostname	8902792	Hidden profile
invalid-hostname	8902796	Hidden profile
invalid-hostname	8902875	Hidden profile
invalid-hostname	8902881	Hidden profile
invalid-hostname	8903054	Hidden profile
invalid-hostname	8903082	Hidden profile
invalid-hostname	8903199	Hidden profile
invalid-hostname	8903245	Hidden profile
invalid-hostname	8903342	Hidden profile
invalid-hostname	8903350	Hidden profile
invalid-hostname	8903495	Hidden profile
invalid-hostname	8903576	Hidden profile
invalid-hostname	8903705	Hidden profile
invalid-hostname	8903753	Hidden profile
invalid-hostname	8903787	Hidden profile
invalid-hostname	8903804	Hidden profile
invalid-hostname	8903852	Hidden profile
invalid-hostname	8903942	Hidden profile
invalid-hostname	8903948	Hidden profile
invalid-hostname	8903949	Hidden profile
invalid-hostname	8904025	Hidden profile
invalid-hostname	8904038	Hidden profile
invalid-hostname	8904200	Hidden profile
invalid-hostname	8904533	Hidden profile
invalid-hostname	8904560	Hidden profile
invalid-hostname	8904580	Hidden profile
invalid-hostname	8904662	Hidden profile
invalid-hostname	8904711	Hidden profile
invalid-hostname	8904741	Hidden profile
invalid-hostname	8904757	Hidden profile
invalid-hostname	8904972	Hidden profile
invalid-hostname	8905040	Hidden profile
invalid-hostname	8905196	Hidden profile
invalid-hostname	8905291	Hidden profile
invalid-hostname	8905308	Hidden profile
invalid-hostname	8905339	Hidden profile
invalid-hostname	8905619	Hidden profile
invalid-hostname	8905730	Hidden profile
invalid-hostname	8905823	Hidden profile
invalid-hostname	8906068	Hidden profile
invalid-hostname	8906192	Hidden profile
invalid-hostname	8906315	Hidden profile
invalid-hostname	8906320	Hidden profile
invalid-hostname	8906414	Hidden profile
invalid-hostname	8906514	Hidden profile
invalid-hostname	8906521	Hidden profile
invalid-hostname	8906610	Hidden profile
invalid-hostname	8906659	Hidden profile
invalid-hostname	8906713	Hidden profile
invalid-hostname	8906810	Hidden profile
invalid-hostname	8906846	Hidden profile
invalid-hostname	8906869	Hidden profile
invalid-hostname	8906981	Hidden profile
invalid-hostname	8906991	Hidden profile
invalid-hostname	8907086	Hidden profile
invalid-hostname	8907134	Hidden profile
invalid-hostname	8907348	Hidden profile
invalid-hostname	8907349	Hidden profile
invalid-hostname	8907446	Hidden profile
invalid-hostname	8907485	Hidden profile
invalid-hostname	8907486	Hidden profile
invalid-hostname	8907499	Hidden profile
invalid-hostname	8907513	Hidden profile
invalid-hostname	8907535	Hidden profile
invalid-hostname	8907621	Hidden profile
invalid-hostname	8907648	Hidden profile
invalid-hostname	8908049	Hidden profile
invalid-hostname	8908314	Hidden profile
invalid-hostname	8908349	Hidden profile
invalid-hostname	8908501	Hidden profile
invalid-hostname	8908545	Hidden profile
invalid-hostname	8908548	Hidden profile
invalid-hostname	8908596	Hidden profile
invalid-hostname	8908607	Hidden profile
invalid-hostname	8908673	Hidden profile
invalid-hostname	8908709	Hidden profile
invalid-hostname	8908784	Hidden profile
invalid-hostname	8908955	Hidden profile
invalid-hostname	8908993	Hidden profile
invalid-hostname	8909068	Hidden profile
invalid-hostname	8909136	Hidden profile
invalid-hostname	8909164	Hidden profile
invalid-hostname	8909169	Hidden profile
invalid-hostname	8909293	Hidden profile
invalid-hostname	8909412	Hidden profile
invalid-hostname	8909448	Hidden profile
invalid-hostname	8909596	Hidden profile
invalid-hostname	8909600	Hidden profile
invalid-hostname	8909657	Hidden profile
invalid-hostname	8909839	Hidden profile
invalid-hostname	8909853	Hidden profile
invalid-hostname	8909893	Hidden profile
invalid-hostname	8909948	Hidden profile
invalid-hostname	8910071	Hidden profile
invalid-hostname	8910077	Hidden profile
invalid-hostname	8910118	Hidden profile
invalid-hostname	8910403	Hidden profile
invalid-hostname	8910478	Hidden profile
invalid-hostname	8910569	Hidden profile
invalid-hostname	8910598	Hidden profile
invalid-hostname	8910777	Hidden profile
invalid-hostname	8910784	Hidden profile
invalid-hostname	8910791	Hidden profile
invalid-hostname	8910934	Hidden profile
invalid-hostname	8910944	Hidden profile
invalid-hostname	8910964	Hidden profile
invalid-hostname	8911012	Hidden profile
invalid-hostname	8911040	Hidden profile
invalid-hostname	8911126	Hidden profile
invalid-hostname	8911130	Hidden profile
invalid-hostname	8911196	Hidden profile
invalid-hostname	8911248	Hidden profile
invalid-hostname	8911453	Hidden profile
invalid-hostname	8911461	Hidden profile
invalid-hostname	8911528	Hidden profile
invalid-hostname	8911551	Hidden profile
invalid-hostname	8911588	Hidden profile
invalid-hostname	8911610	Hidden profile
invalid-hostname	8911725	Hidden profile
invalid-hostname	8911848	Hidden profile
invalid-hostname	8912085	Hidden profile
invalid-hostname	8912096	Hidden profile
invalid-hostname	8912278	Hidden profile
invalid-hostname	8912396	Hidden profile
invalid-hostname	8912436	Hidden profile
invalid-hostname	8912534	Hidden profile
invalid-hostname	8912623	Hidden profile
invalid-hostname	8912630	Hidden profile
invalid-hostname	8912805	Hidden profile
invalid-hostname	8912916	Hidden profile
invalid-hostname	8913022	Hidden profile
invalid-hostname	8913047	Hidden profile
invalid-hostname	8913302	Hidden profile
invalid-hostname	8913343	Hidden profile
invalid-hostname	8913371	Hidden profile
invalid-hostname	8913482	Hidden profile
invalid-hostname	8913565	Hidden profile
invalid-hostname	8913713	Hidden profile
invalid-hostname	8913727	Hidden profile
invalid-hostname	8913742	Hidden profile
invalid-hostname	8913814	Hidden profile
invalid-hostname	8913842	Hidden profile
invalid-hostname	8913843	Hidden profile
invalid-hostname	8913860	Hidden profile
invalid-hostname	8913864	Hidden profile
invalid-hostname	8914002	Hidden profile
invalid-hostname	8914020	Hidden profile
invalid-hostname	8914031	Hidden profile
invalid-hostname	8914083	Hidden profile
invalid-hostname	8914169	Hidden profile
invalid-hostname	8914246	Hidden profile
invalid-hostname	8914310	Hidden profile
invalid-hostname	8914343	Hidden profile
invalid-hostname	8914354	Hidden profile
invalid-hostname	8914430	Hidden profile
invalid-hostname	8914488	Hidden profile
invalid-hostname	8914529	Hidden profile
invalid-hostname	8914562	Hidden profile
invalid-hostname	8914636	Hidden profile
invalid-hostname	8914649	Hidden profile
invalid-hostname	8914654	Hidden profile
invalid-hostname	8914737	Hidden profile
invalid-hostname	8914764	Hidden profile
invalid-hostname	8914772	Hidden profile
invalid-hostname	8914789	Hidden profile
invalid-hostname	8914929	Hidden profile
invalid-hostname	8914982	Hidden profile
invalid-hostname	8915053	Hidden profile
invalid-hostname	8915059	Hidden profile
invalid-hostname	8915164	Hidden profile
invalid-hostname	8915198	Hidden profile
invalid-hostname	8915242	Hidden profile
invalid-hostname	8915296	Hidden profile
invalid-hostname	8915360	Hidden profile
invalid-hostname	8915426	Hidden profile
invalid-hostname	8915584	Hidden profile
invalid-hostname	8915653	Hidden profile
invalid-hostname	8915668	Hidden profile
invalid-hostname	8915775	Hidden profile
invalid-hostname	8915821	Hidden profile
invalid-hostname	8915862	Hidden profile
invalid-hostname	8916086	Hidden profile
invalid-hostname	8916168	Hidden profile
invalid-hostname	8916254	Hidden profile
invalid-hostname	8916289	Hidden profile
invalid-hostname	8916316	Hidden profile
invalid-hostname	8916392	Hidden profile
invalid-hostname	8916435	Hidden profile
invalid-hostname	8916436	Hidden profile
invalid-hostname	8916439	Hidden profile
invalid-hostname	8916574	Hidden profile
invalid-hostname	8916584	Hidden profile
invalid-hostname	8916616	Hidden profile
invalid-hostname	8916640	Hidden profile
invalid-hostname	8916663	Hidden profile
invalid-hostname	8916722	Hidden profile
invalid-hostname	8916823	Hidden profile
invalid-hostname	8916830	Hidden profile
invalid-hostname	8916884	Hidden profile
invalid-hostname	8916927	Hidden profile
invalid-hostname	8917128	Hidden profile
invalid-hostname	8917158	Hidden profile
invalid-hostname	8917185	Hidden profile
invalid-hostname	8917286	Hidden profile
invalid-hostname	8917367	Hidden profile
invalid-hostname	8917539	Hidden profile
invalid-hostname	8917552	Hidden profile
invalid-hostname	8917574	Hidden profile
invalid-hostname	8917730	Hidden profile
invalid-hostname	8917848	Hidden profile
invalid-hostname	8917966	Hidden profile
invalid-hostname	8918043	Hidden profile
invalid-hostname	8918142	Hidden profile
invalid-hostname	8918144	Hidden profile
invalid-hostname	8918188	Hidden profile
invalid-hostname	8918401	Hidden profile
invalid-hostname	8918435	Hidden profile
invalid-hostname	8918517	Hidden profile
invalid-hostname	8918781	Hidden profile
invalid-hostname	8918924	Hidden profile
invalid-hostname	8919179	Hidden profile
invalid-hostname	8919272	Hidden profile
invalid-hostname	8919294	Hidden profile
invalid-hostname	8919321	Hidden profile
invalid-hostname	8919351	Hidden profile
invalid-hostname	8919403	Hidden profile
invalid-hostname	8919420	Hidden profile
invalid-hostname	8919608	Hidden profile
invalid-hostname	8919611	Hidden profile
invalid-hostname	8919700	Hidden profile
invalid-hostname	8919721	Hidden profile
invalid-hostname	8919785	Hidden profile
invalid-hostname	8919915	Hidden profile
invalid-hostname	8919981	Hidden profile
invalid-hostname	8920129	Hidden profile
invalid-hostname	8920148	Hidden profile
invalid-hostname	8920319	Hidden profile
invalid-hostname	8920321	Hidden profile
invalid-hostname	8920568	Hidden profile
invalid-hostname	8920653	Hidden profile
invalid-hostname	8920752	Hidden profile
invalid-hostname	8920860	Hidden profile
invalid-hostname	8920873	Hidden profile
invalid-hostname	8920952	Hidden profile
invalid-hostname	8921015	Hidden profile
invalid-hostname	8921068	Hidden profile
invalid-hostname	8921200	Hidden profile
invalid-hostname	8921201	Hidden profile
invalid-hostname	8921709	Hidden profile
invalid-hostname	8921763	Hidden profile
invalid-hostname	8921957	Hidden profile
invalid-hostname	8922189	Hidden profile
invalid-hostname	8922247	Hidden profile
invalid-hostname	8922335	Hidden profile
invalid-hostname	8922344	Hidden profile
invalid-hostname	8922584	Hidden profile
invalid-hostname	8922705	Hidden profile
invalid-hostname	8922741	Hidden profile
invalid-hostname	8922925	Hidden profile
invalid-hostname	8923384	Hidden profile
invalid-hostname	8923487	Hidden profile
invalid-hostname	8923512	Hidden profile
invalid-hostname	8923721	Hidden profile
invalid-hostname	8923841	Hidden profile
invalid-hostname	8923966	Hidden profile
invalid-hostname	8923998	Hidden profile
invalid-hostname	8924159	Hidden profile
invalid-hostname	8924173	Hidden profile
invalid-hostname	8924209	Hidden profile
invalid-hostname	8924381	Hidden profile
invalid-hostname	8924384	Hidden profile
invalid-hostname	8924616	Hidden profile
invalid-hostname	8924626	Hidden profile
invalid-hostname	8924635	Hidden profile
invalid-hostname	8924640	Hidden profile
invalid-hostname	8924691	Hidden profile
invalid-hostname	8924765	Hidden profile
invalid-hostname	8924854	Hidden profile
invalid-hostname	8924855	Hidden profile
invalid-hostname	8924857	Hidden profile
invalid-hostname	8924859	Hidden profile
invalid-hostname	8924867	Hidden profile
invalid-hostname	8924928	Hidden profile
invalid-hostname	8924949	Hidden profile
invalid-hostname	8925051	Hidden profile
invalid-hostname	8925064	Hidden profile
invalid-hostname	8925099	Hidden profile
invalid-hostname	8925100	Hidden profile
invalid-hostname	8925289	Hidden profile
invalid-hostname	8925299	Hidden profile
invalid-hostname	8925318	Hidden profile
invalid-hostname	8925326	Hidden profile
invalid-hostname	8925466	Hidden profile
invalid-hostname	8925482	Hidden profile
invalid-hostname	8925754	Hidden profile
invalid-hostname	8925768	Hidden profile
invalid-hostname	8925773	Hidden profile
invalid-hostname	8925801	Hidden profile
invalid-hostname	8925957	Hidden profile
invalid-hostname	8925963	Hidden profile
invalid-hostname	8926111	Hidden profile
invalid-hostname	8926124	Hidden profile
invalid-hostname	8926372	Hidden profile
invalid-hostname	8926378	Hidden profile
invalid-hostname	8926551	Hidden profile
invalid-hostname	8926587	Hidden profile
invalid-hostname	8926629	Hidden profile
invalid-hostname	8926699	Hidden profile
invalid-hostname	8926736	Hidden profile
invalid-hostname	8926987	Hidden profile
invalid-hostname	8927002	Hidden profile
invalid-hostname	8927062	Hidden profile
invalid-hostname	8927271	Hidden profile
invalid-hostname	8927462	Hidden profile
invalid-hostname	8927773	Hidden profile
invalid-hostname	8927832	Hidden profile
invalid-hostname	8927863	Hidden profile
invalid-hostname	8927880	Hidden profile
invalid-hostname	8928047	Hidden profile
invalid-hostname	8928092	Hidden profile
invalid-hostname	8928133	Hidden profile
invalid-hostname	8928318	Hidden profile
invalid-hostname	8928413	Hidden profile
invalid-hostname	8928460	Hidden profile
invalid-hostname	8928800	Hidden profile
invalid-hostname	8928965	Hidden profile
invalid-hostname	8929023	Hidden profile
invalid-hostname	8929273	Hidden profile
invalid-hostname	8929288	Hidden profile
invalid-hostname	8929316	Hidden profile
invalid-hostname	8929858	Hidden profile
invalid-hostname	8929937	Hidden profile
invalid-hostname	8930054	Hidden profile
invalid-hostname	8930218	Hidden profile
invalid-hostname	8930306	Hidden profile
invalid-hostname	8930411	Hidden profile
invalid-hostname	8930527	Hidden profile
invalid-hostname	8930603	Hidden profile
invalid-hostname	8930611	Hidden profile
invalid-hostname	8930816	Hidden profile
invalid-hostname	8930832	Hidden profile
invalid-hostname	8930843	Hidden profile
invalid-hostname	8931049	Hidden profile
invalid-hostname	8931050	Hidden profile
invalid-hostname	8931055	Hidden profile
invalid-hostname	8931102	Hidden profile
invalid-hostname	8931300	Hidden profile
invalid-hostname	8931475	Hidden profile
invalid-hostname	8931680	Hidden profile
invalid-hostname	8931739	Hidden profile
invalid-hostname	8931768	Hidden profile
invalid-hostname	8931908	Hidden profile
invalid-hostname	8931988	Hidden profile
invalid-hostname	8932080	Hidden profile
invalid-hostname	8932089	Hidden profile
invalid-hostname	8932333	Hidden profile
invalid-hostname	8932411	Hidden profile
invalid-hostname	8932429	Hidden profile
invalid-hostname	8932451	Hidden profile
invalid-hostname	8932478	Hidden profile
invalid-hostname	8932484	Hidden profile
invalid-hostname	8932510	Hidden profile
invalid-hostname	8932512	Hidden profile
invalid-hostname	8932526	Hidden profile
invalid-hostname	8932716	Hidden profile
invalid-hostname	8932808	Hidden profile
invalid-hostname	8932839	Hidden profile
invalid-hostname	8933140	Hidden profile
invalid-hostname	8933176	Hidden profile
invalid-hostname	8933309	Hidden profile
invalid-hostname	8933344	Hidden profile
invalid-hostname	8933422	Hidden profile
invalid-hostname	8933558	Hidden profile
invalid-hostname	8933559	Hidden profile
invalid-hostname	8933602	Hidden profile
invalid-hostname	8933851	Hidden profile
invalid-hostname	8933926	Hidden profile
invalid-hostname	8933940	Hidden profile
invalid-hostname	8934310	Hidden profile
invalid-hostname	8934547	Hidden profile
invalid-hostname	8934589	Hidden profile
invalid-hostname	8934767	Hidden profile
invalid-hostname	8934811	Hidden profile
invalid-hostname	8934820	Hidden profile
invalid-hostname	8934824	Hidden profile
invalid-hostname	8934827	Hidden profile
invalid-hostname	8934868	Hidden profile
invalid-hostname	8934914	Hidden profile
invalid-hostname	8935143	Hidden profile
invalid-hostname	8935410	Hidden profile
invalid-hostname	8935413	Hidden profile
invalid-hostname	8935430	Hidden profile
invalid-hostname	8935869	Hidden profile
invalid-hostname	8935879	Hidden profile
invalid-hostname	8936048	Hidden profile
invalid-hostname	8936100	Hidden profile
invalid-hostname	8936208	Hidden profile
invalid-hostname	8936246	Hidden profile
invalid-hostname	8936397	Hidden profile
invalid-hostname	8936400	Hidden profile
invalid-hostname	8936409	Hidden profile
invalid-hostname	8936470	Hidden profile
invalid-hostname	8936668	Hidden profile
invalid-hostname	8936708	Hidden profile
invalid-hostname	8936777	Hidden profile
invalid-hostname	8936833	Hidden profile
invalid-hostname	8936852	Hidden profile
invalid-hostname	8936973	Hidden profile
invalid-hostname	8937024	Hidden profile
invalid-hostname	8937061	Hidden profile
invalid-hostname	8937140	Hidden profile
invalid-hostname	8937352	Hidden profile
invalid-hostname	8937417	Hidden profile
invalid-hostname	8937481	Hidden profile
invalid-hostname	8937689	Hidden profile
invalid-hostname	8937816	Hidden profile
invalid-hostname	8938236	Hidden profile
invalid-hostname	8938363	Hidden profile
invalid-hostname	8938459	Hidden profile
invalid-hostname	8938703	Hidden profile
invalid-hostname	8938802	Hidden profile
invalid-hostname	8938854	Hidden profile
invalid-hostname	8938904	Hidden profile
invalid-hostname	8939117	Hidden profile
invalid-hostname	8939122	Hidden profile
invalid-hostname	8939409	Hidden profile
invalid-hostname	8939698	Hidden profile
invalid-hostname	8939761	Hidden profile
invalid-hostname	8939762	Hidden profile
invalid-hostname	8939791	Hidden profile
invalid-hostname	8939988	Hidden profile
invalid-hostname	8940049	Hidden profile
invalid-hostname	8940081	Hidden profile
invalid-hostname	8940121	Hidden profile
invalid-hostname	8940233	Hidden profile
invalid-hostname	8940243	Hidden profile
invalid-hostname	8940445	Hidden profile
invalid-hostname	8940464	Hidden profile
invalid-hostname	8940496	Hidden profile
invalid-hostname	8940597	Hidden profile
invalid-hostname	8940653	Hidden profile
invalid-hostname	8940685	Hidden profile
invalid-hostname	8940807	Hidden profile
invalid-hostname	8940832	Hidden profile
invalid-hostname	8940848	Hidden profile
invalid-hostname	8940896	Hidden profile
invalid-hostname	8941116	Hidden profile
invalid-hostname	8941163	Hidden profile
invalid-hostname	8941176	Hidden profile
invalid-hostname	8941179	Hidden profile
invalid-hostname	8941225	Hidden profile
invalid-hostname	8941275	Hidden profile
invalid-hostname	8941310	Hidden profile
invalid-hostname	8941337	Hidden profile
invalid-hostname	8941564	Hidden profile
invalid-hostname	8941650	Hidden profile
invalid-hostname	8941754	Hidden profile
invalid-hostname	8941863	Hidden profile
invalid-hostname	8941914	Hidden profile
invalid-hostname	8941980	Hidden profile
invalid-hostname	8942018	Hidden profile
invalid-hostname	8942212	Hidden profile
invalid-hostname	8942295	Hidden profile
invalid-hostname	8942368	Hidden profile
invalid-hostname	8942424	Hidden profile
invalid-hostname	8942763	Hidden profile
invalid-hostname	8942775	Hidden profile
invalid-hostname	8943069	Hidden profile
invalid-hostname	8943133	Hidden profile
invalid-hostname	8943141	Hidden profile
invalid-hostname	8943263	Hidden profile
invalid-hostname	8943454	Hidden profile
invalid-hostname	8943456	Hidden profile
invalid-hostname	8943752	Hidden profile
invalid-hostname	8944050	Hidden profile
invalid-hostname	8944146	Hidden profile
invalid-hostname	8944207	Hidden profile
invalid-hostname	8944233	Hidden profile
invalid-hostname	8944275	Hidden profile
invalid-hostname	8944291	Hidden profile
invalid-hostname	8944299	Hidden profile
invalid-hostname	8944372	Hidden profile
invalid-hostname	8944598	Hidden profile
invalid-hostname	8944654	Hidden profile
invalid-hostname	8944734	Hidden profile
invalid-hostname	8944855	Hidden profile
invalid-hostname	8944911	Hidden profile
invalid-hostname	8945060	Hidden profile
invalid-hostname	8945088	Hidden profile
invalid-hostname	8945095	Hidden profile
invalid-hostname	8945124	Hidden profile
invalid-hostname	8945301	Hidden profile
invalid-hostname	8945397	Hidden profile
invalid-hostname	8945515	Hidden profile
invalid-hostname	8945532	Hidden profile
invalid-hostname	8945588	Hidden profile
invalid-hostname	8945899	Hidden profile
invalid-hostname	8945935	Hidden profile
invalid-hostname	8946128	Hidden profile
invalid-hostname	8946235	Hidden profile
invalid-hostname	8946236	Hidden profile
invalid-hostname	8946337	Hidden profile
invalid-hostname	8946372	Hidden profile
invalid-hostname	8946435	Hidden profile
invalid-hostname	8946802	Hidden profile
invalid-hostname	8946806	Hidden profile
invalid-hostname	8947114	Hidden profile
invalid-hostname	8947605	Hidden profile
invalid-hostname	8947643	Hidden profile
invalid-hostname	8947786	Hidden profile
invalid-hostname	8948091	Hidden profile
invalid-hostname	8948167	Hidden profile
invalid-hostname	8948511	Hidden profile
invalid-hostname	8948633	Hidden profile
invalid-hostname	8948675	Hidden profile
invalid-hostname	8948737	Hidden profile
invalid-hostname	8948885	Hidden profile
invalid-hostname	8948919	Hidden profile
invalid-hostname	8949099	Hidden profile
invalid-hostname	8949781	Hidden profile
invalid-hostname	8949820	Hidden profile
invalid-hostname	8950077	Hidden profile
invalid-hostname	8950079	Hidden profile
invalid-hostname	8950289	Hidden profile
invalid-hostname	8950426	Hidden profile
invalid-hostname	8950499	Hidden profile
invalid-hostname	8950589	Hidden profile
invalid-hostname	8950646	Hidden profile
invalid-hostname	8950996	Hidden profile
invalid-hostname	8951018	Hidden profile
invalid-hostname	8951022	Hidden profile
invalid-hostname	8951026	Hidden profile
invalid-hostname	8951171	Hidden profile
invalid-hostname	8951299	Hidden profile
invalid-hostname	8951532	Hidden profile
invalid-hostname	8951536	Hidden profile
invalid-hostname	8951717	Hidden profile
invalid-hostname	8951997	Hidden profile
invalid-hostname	8951998	Hidden profile
invalid-hostname	8952303	Hidden profile
invalid-hostname	8952519	Hidden profile
invalid-hostname	8952555	Hidden profile
invalid-hostname	8952558	Hidden profile
invalid-hostname	8952651	Hidden profile
invalid-hostname	8952676	Hidden profile
invalid-hostname	8953140	Hidden profile
invalid-hostname	8953150	Hidden profile
invalid-hostname	8953229	Hidden profile
invalid-hostname	8953261	Hidden profile
invalid-hostname	8953285	Hidden profile
invalid-hostname	8953397	Hidden profile
invalid-hostname	8953594	Hidden profile
invalid-hostname	8953961	Hidden profile
invalid-hostname	8954124	Hidden profile
invalid-hostname	8954125	Hidden profile
invalid-hostname	8954136	Hidden profile
invalid-hostname	8954200	Hidden profile
invalid-hostname	8954235	Hidden profile
invalid-hostname	8954601	Hidden profile
invalid-hostname	8954791	Hidden profile
invalid-hostname	8954920	Hidden profile
invalid-hostname	8955219	Hidden profile
invalid-hostname	8955278	Hidden profile
invalid-hostname	8955282	Hidden profile
invalid-hostname	8955283	Hidden profile
invalid-hostname	8955285	Hidden profile
invalid-hostname	8955325	Hidden profile
invalid-hostname	8955474	Hidden profile
invalid-hostname	8955549	Hidden profile
invalid-hostname	8955889	Hidden profile
invalid-hostname	8956021	Hidden profile
invalid-hostname	8956107	Hidden profile
invalid-hostname	8956211	Hidden profile
invalid-hostname	8956463	Hidden profile
invalid-hostname	8956480	Hidden profile
invalid-hostname	8956482	Hidden profile
invalid-hostname	8956563	Hidden profile
invalid-hostname	8956928	Hidden profile
invalid-hostname	8956941	Hidden profile
invalid-hostname	8957011	Hidden profile
invalid-hostname	8957069	Hidden profile
invalid-hostname	8957228	Hidden profile
invalid-hostname	8957398	Hidden profile
invalid-hostname	8957493	Hidden profile
invalid-hostname	8957515	Hidden profile
invalid-hostname	8957517	Hidden profile
invalid-hostname	8957523	Hidden profile
invalid-hostname	8957597	Hidden profile
invalid-hostname	8957922	Hidden profile
invalid-hostname	8958103	Hidden profile
invalid-hostname	8958141	Hidden profile
invalid-hostname	8958144	Hidden profile
invalid-hostname	8958746	Hidden profile
invalid-hostname	8959120	Hidden profile
invalid-hostname	8959169	Hidden profile
invalid-hostname	8959193	Hidden profile
invalid-hostname	8959213	Hidden profile
invalid-hostname	8959351	Hidden profile
invalid-hostname	8959475	Hidden profile
invalid-hostname	8959737	Hidden profile
invalid-hostname	8959921	Hidden profile
invalid-hostname	8959992	Hidden profile
invalid-hostname	8959998	Hidden profile
invalid-hostname	8960031	Hidden profile
invalid-hostname	8960051	Hidden profile
invalid-hostname	8960058	Hidden profile
invalid-hostname	8960064	Hidden profile
invalid-hostname	8960065	Hidden profile
invalid-hostname	8960091	Hidden profile
invalid-hostname	8960296	Hidden profile
invalid-hostname	8960349	Hidden profile
invalid-hostname	8960456	Hidden profile
invalid-hostname	8960501	Hidden profile
invalid-hostname	8960692	Hidden profile
invalid-hostname	8960705	Hidden profile
invalid-hostname	8960845	Hidden profile
invalid-hostname	8960867	Hidden profile
invalid-hostname	8960880	Hidden profile
invalid-hostname	8961129	Hidden profile
invalid-hostname	8961237	Hidden profile
invalid-hostname	8961601	Hidden profile
invalid-hostname	8961911	Hidden profile
invalid-hostname	8961912	Hidden profile
invalid-hostname	8961926	Hidden profile
invalid-hostname	8961983	Hidden profile
invalid-hostname	8962021	Hidden profile
invalid-hostname	8962047	Hidden profile
invalid-hostname	8962376	Hidden profile
invalid-hostname	8962511	Hidden profile
invalid-hostname	8962572	Hidden profile
invalid-hostname	8962845	Hidden profile
invalid-hostname	8962862	Hidden profile
invalid-hostname	8962893	Hidden profile
invalid-hostname	8963121	Hidden profile
invalid-hostname	8963277	Hidden profile
invalid-hostname	8963292	Hidden profile
invalid-hostname	8963298	Hidden profile
invalid-hostname	8963340	Hidden profile
invalid-hostname	8963375	Hidden profile
invalid-hostname	8963409	Hidden profile
invalid-hostname	8963869	Hidden profile
invalid-hostname	8963982	Hidden profile
invalid-hostname	8963984	Hidden profile
invalid-hostname	8963988	Hidden profile
invalid-hostname	8964414	Hidden profile
invalid-hostname	8964719	Hidden profile
invalid-hostname	8965253	Hidden profile
invalid-hostname	8965272	Hidden profile
invalid-hostname	8965403	Hidden profile
invalid-hostname	8965423	Hidden profile
invalid-hostname	8965760	Hidden profile
invalid-hostname	8965955	Hidden profile
invalid-hostname	8966058	Hidden profile
invalid-hostname	8966152	Hidden profile
invalid-hostname	8966157	Hidden profile
invalid-hostname	8966318	Hidden profile
invalid-hostname	8966403	Hidden profile
invalid-hostname	8966867	Hidden profile
invalid-hostname	8966871	Hidden profile
invalid-hostname	8967104	Hidden profile
invalid-hostname	8967250	Hidden profile
invalid-hostname	8967572	Hidden profile
invalid-hostname	8967648	Hidden profile
invalid-hostname	8967782	Hidden profile
invalid-hostname	8968368	Hidden profile
invalid-hostname	8968403	Hidden profile
invalid-hostname	8968404	Hidden profile
invalid-hostname	8968688	Hidden profile
invalid-hostname	8968756	Hidden profile
invalid-hostname	8968827	Hidden profile
invalid-hostname	8969098	Hidden profile
invalid-hostname	8969142	Hidden profile
invalid-hostname	8969223	Hidden profile
invalid-hostname	8969274	Hidden profile
invalid-hostname	8969784	Hidden profile
invalid-hostname	8969959	Hidden profile
invalid-hostname	8970286	Hidden profile
invalid-hostname	8970420	Hidden profile
invalid-hostname	8970541	Hidden profile
invalid-hostname	8970550	Hidden profile
invalid-hostname	8970556	Hidden profile
invalid-hostname	8970615	Hidden profile
invalid-hostname	8970748	Hidden profile
invalid-hostname	8970750	Hidden profile
invalid-hostname	8970934	Hidden profile
invalid-hostname	8971139	Hidden profile
invalid-hostname	8971465	Hidden profile
invalid-hostname	8971520	Hidden profile
invalid-hostname	8971525	Hidden profile
invalid-hostname	8971557	Hidden profile
invalid-hostname	8971591	Hidden profile
invalid-hostname	8971689	Hidden profile
invalid-hostname	8971742	Hidden profile
invalid-hostname	8971836	Hidden profile
invalid-hostname	8971920	Hidden profile
invalid-hostname	8972042	Hidden profile
invalid-hostname	8972291	Hidden profile
invalid-hostname	8972335	Hidden profile
invalid-hostname	8972357	Hidden profile
invalid-hostname	8972371	Hidden profile
invalid-hostname	8972790	Hidden profile
invalid-hostname	8972922	Hidden profile
invalid-hostname	8973116	Hidden profile
invalid-hostname	8973249	Hidden profile
invalid-hostname	8973534	Hidden profile
invalid-hostname	8973824	Hidden profile
invalid-hostname	8974072	Hidden profile
invalid-hostname	8974076	Hidden profile
invalid-hostname	8974078	Hidden profile
invalid-hostname	8974126	Hidden profile
invalid-hostname	8974229	Hidden profile
invalid-hostname	8974419	Hidden profile
invalid-hostname	8974571	Hidden profile
invalid-hostname	8974632	Hidden profile
invalid-hostname	8974728	Hidden profile
invalid-hostname	8974883	Hidden profile
invalid-hostname	8974894	Hidden profile
invalid-hostname	8974969	Hidden profile
invalid-hostname	8975046	Hidden profile
invalid-hostname	8975145	Hidden profile
invalid-hostname	8975254	Hidden profile
invalid-hostname	8975509	Hidden profile
invalid-hostname	8975823	Hidden profile
invalid-hostname	8975824	Hidden profile
invalid-hostname	8975825	Hidden profile
invalid-hostname	8975827	Hidden profile
invalid-hostname	8976509	Hidden profile
invalid-hostname	8976536	Hidden profile
invalid-hostname	8976604	Hidden profile
invalid-hostname	8976675	Hidden profile
invalid-hostname	8976698	Hidden profile
invalid-hostname	8976764	Hidden profile
invalid-hostname	8976831	Hidden profile
invalid-hostname	8976864	Hidden profile
invalid-hostname	8977034	Hidden profile
invalid-hostname	8977205	Hidden profile
invalid-hostname	8977373	Hidden profile
invalid-hostname	8977444	Hidden profile
invalid-hostname	8977657	Hidden profile
invalid-hostname	8977742	Hidden profile
invalid-hostname	8977748	Hidden profile
invalid-hostname	8977816	Hidden profile
invalid-hostname	8977858	Hidden profile
invalid-hostname	8978031	Hidden profile
invalid-hostname	8978594	Hidden profile
invalid-hostname	8978754	Hidden profile
invalid-hostname	8978943	Hidden profile
invalid-hostname	8978944	Hidden profile
invalid-hostname	8979030	Hidden profile
invalid-hostname	8979079	Hidden profile
invalid-hostname	8979215	Hidden profile
invalid-hostname	8979362	Hidden profile
invalid-hostname	8979371	Hidden profile
invalid-hostname	8979618	Hidden profile
invalid-hostname	8979625	Hidden profile
invalid-hostname	8979739	Hidden profile
invalid-hostname	8979793	Hidden profile
invalid-hostname	8980568	Hidden profile
invalid-hostname	8981169	Hidden profile
invalid-hostname	8981234	Hidden profile
invalid-hostname	8981433	Hidden profile
invalid-hostname	8981491	Hidden profile
invalid-hostname	8981573	Hidden profile
invalid-hostname	8981587	Hidden profile
invalid-hostname	8981588	Hidden profile
invalid-hostname	8981591	Hidden profile
invalid-hostname	8981593	Hidden profile
invalid-hostname	8981631	Hidden profile
invalid-hostname	8981821	Hidden profile
invalid-hostname	8982351	Hidden profile
invalid-hostname	8982402	Hidden profile
invalid-hostname	8982464	Hidden profile
invalid-hostname	8982515	Hidden profile
invalid-hostname	8982569	Hidden profile
invalid-hostname	8982572	Hidden profile
invalid-hostname	8982573	Hidden profile
invalid-hostname	8982624	Hidden profile
invalid-hostname	8982847	Hidden profile
invalid-hostname	8983223	Hidden profile
invalid-hostname	8983428	Hidden profile
invalid-hostname	8983500	Hidden profile
invalid-hostname	8983507	Hidden profile
invalid-hostname	8983643	Hidden profile
invalid-hostname	8983648	Hidden profile
invalid-hostname	8983650	Hidden profile
invalid-hostname	8983653	Hidden profile
invalid-hostname	8984011	Hidden profile
invalid-hostname	8984107	Hidden profile
invalid-hostname	8984405	Hidden profile
invalid-hostname	8984683	Hidden profile
invalid-hostname	8985133	Hidden profile
invalid-hostname	8985473	Hidden profile
invalid-hostname	8985556	Hidden profile
invalid-hostname	8985721	Hidden profile
invalid-hostname	8985764	Hidden profile
invalid-hostname	8985766	Hidden profile
invalid-hostname	8985767	Hidden profile
invalid-hostname	8985957	Hidden profile
invalid-hostname	8986069	Hidden profile
invalid-hostname	8986248	Hidden profile
invalid-hostname	8986812	Hidden profile
invalid-hostname	8986848	Hidden profile
invalid-hostname	8986853	Hidden profile
invalid-hostname	8986857	Hidden profile
invalid-hostname	8986858	Hidden profile
invalid-hostname	8986860	Hidden profile
invalid-hostname	8986872	Hidden profile
invalid-hostname	8986988	Hidden profile
invalid-hostname	8987129	Hidden profile
invalid-hostname	8987509	Hidden profile
invalid-hostname	8987886	Hidden profile
invalid-hostname	8987941	Hidden profile
invalid-hostname	8988069	Hidden profile
invalid-hostname	8988074	Hidden profile
invalid-hostname	8988092	Hidden profile
invalid-hostname	8988974	Hidden profile
invalid-hostname	8989050	Hidden profile
invalid-hostname	8989065	Hidden profile
invalid-hostname	8989104	Hidden profile
invalid-hostname	8989172	Hidden profile
invalid-hostname	8989239	Hidden profile
invalid-hostname	8989254	Hidden profile
invalid-hostname	8989353	Hidden profile
invalid-hostname	8989370	Hidden profile
invalid-hostname	8989488	Hidden profile
invalid-hostname	8989617	Hidden profile
invalid-hostname	8990183	Hidden profile
invalid-hostname	8990562	Hidden profile
invalid-hostname	8991005	Hidden profile
invalid-hostname	8991208	Hidden profile
invalid-hostname	8992252	Hidden profile
invalid-hostname	8992447	Hidden profile
invalid-hostname	8992526	Hidden profile
invalid-hostname	8992560	Hidden profile
invalid-hostname	8992788	Hidden profile
invalid-hostname	8992850	Hidden profile
invalid-hostname	8993958	Hidden profile
invalid-hostname	8994069	Hidden profile
invalid-hostname	8994130	Hidden profile
invalid-hostname	8994249	Hidden profile
invalid-hostname	8994291	Hidden profile
invalid-hostname	8994328	Hidden profile
invalid-hostname	8994347	Hidden profile
invalid-hostname	8994462	Hidden profile
invalid-hostname	8994734	Hidden profile
invalid-hostname	8995246	Hidden profile
invalid-hostname	8995377	Hidden profile
invalid-hostname	8995382	Hidden profile
invalid-hostname	8995410	Hidden profile
invalid-hostname	8995444	Hidden profile
invalid-hostname	8995647	Hidden profile
invalid-hostname	8995832	Hidden profile
invalid-hostname	8995841	Hidden profile
invalid-hostname	8995846	Hidden profile
invalid-hostname	8996760	Hidden profile
invalid-hostname	8996905	Hidden profile
invalid-hostname	8997343	Hidden profile
invalid-hostname	8997655	Hidden profile
invalid-hostname	8997660	Hidden profile
invalid-hostname	8998018	Hidden profile
invalid-hostname	8998131	Hidden profile
invalid-hostname	8998184	Hidden profile
invalid-hostname	8999176	Hidden profile
invalid-hostname	8999355	Hidden profile
invalid-hostname	8999436	Hidden profile
invalid-hostname	8999539	Hidden profile
invalid-hostname	8999642	Hidden profile
invalid-hostname	8999780	Hidden profile
invalid-hostname	8999985	Hidden profile
invalid-hostname	9000582	Hidden profile
invalid-hostname	9000771	Hidden profile
invalid-hostname	9000774	Hidden profile
invalid-hostname	9000777	Hidden profile
invalid-hostname	9000821	Hidden profile
invalid-hostname	9000939	Hidden profile
invalid-hostname	9001010	Hidden profile
invalid-hostname	9001262	Hidden profile
invalid-hostname	9001269	Hidden profile
invalid-hostname	9001396	Hidden profile
invalid-hostname	9001726	Hidden profile
invalid-hostname	9002181	Hidden profile
invalid-hostname	9002408	Hidden profile
invalid-hostname	9002466	Hidden profile
invalid-hostname	9002878	Hidden profile
invalid-hostname	9002958	Hidden profile
invalid-hostname	9003209	Hidden profile
invalid-hostname	9003584	Hidden profile
invalid-hostname	9003706	Hidden profile
invalid-hostname	9003829	Hidden profile
invalid-hostname	9003882	Hidden profile
invalid-hostname	9004542	Hidden profile
invalid-hostname	9005287	Hidden profile
invalid-hostname	9005422	Hidden profile
invalid-hostname	9005533	Hidden profile
invalid-hostname	9005542	Hidden profile
invalid-hostname	9005743	Hidden profile
invalid-hostname	9005953	Hidden profile
invalid-hostname	9006154	Hidden profile
invalid-hostname	9006589	Hidden profile
invalid-hostname	9007314	Hidden profile
invalid-hostname	9007328	Hidden profile
invalid-hostname	9007344	Hidden profile
invalid-hostname	9007415	Hidden profile
invalid-hostname	9007477	Hidden profile
invalid-hostname	9007627	Hidden profile
invalid-hostname	9007749	Hidden profile
invalid-hostname	9008269	Hidden profile
invalid-hostname	9008278	Hidden profile
invalid-hostname	9008354	Hidden profile
invalid-hostname	9008494	Hidden profile
invalid-hostname	9008593	Hidden profile
invalid-hostname	9008656	Hidden profile
invalid-hostname	9008819	Hidden profile
invalid-hostname	9008918	Hidden profile
invalid-hostname	9009068	Hidden profile
invalid-hostname	9009267	Hidden profile
invalid-hostname	9009685	Hidden profile
invalid-hostname	9009694	Hidden profile
invalid-hostname	9009844	Hidden profile
invalid-hostname	9009856	Hidden profile
invalid-hostname	9009863	Hidden profile
invalid-hostname	9009912	Hidden profile
invalid-hostname	9009953	Hidden profile
invalid-hostname	9009957	Hidden profile
invalid-hostname	9009973	Hidden profile
invalid-hostname	9009985	Hidden profile
invalid-hostname	9010144	Hidden profile
invalid-hostname	9010188	Hidden profile
invalid-hostname	9010364	Hidden profile
invalid-hostname	9010438	Hidden profile
invalid-hostname	9010518	Hidden profile
invalid-hostname	9011204	Hidden profile
invalid-hostname	9011338	Hidden profile
invalid-hostname	9011396	Hidden profile
invalid-hostname	9011562	Hidden profile
invalid-hostname	9011856	Hidden profile
invalid-hostname	9012156	Hidden profile
invalid-hostname	9012457	Hidden profile
invalid-hostname	9012629	Hidden profile
invalid-hostname	9012779	Hidden profile
invalid-hostname	9012961	Hidden profile
invalid-hostname	9013146	Hidden profile
invalid-hostname	9013301	Hidden profile
invalid-hostname	9013302	Hidden profile
invalid-hostname	9013303	Hidden profile
invalid-hostname	9013420	Hidden profile
invalid-hostname	9014472	Hidden profile
invalid-hostname	9015045	Hidden profile
invalid-hostname	9015047	Hidden profile
invalid-hostname	9015098	Hidden profile
invalid-hostname	9015361	Hidden profile
invalid-hostname	9015620	Hidden profile
invalid-hostname	9015693	Hidden profile
invalid-hostname	9016091	Hidden profile
invalid-hostname	9016424	Hidden profile
invalid-hostname	9016609	Hidden profile
invalid-hostname	9016768	Hidden profile
invalid-hostname	9016780	Hidden profile
invalid-hostname	9016785	Hidden profile
invalid-hostname	9016790	Hidden profile
invalid-hostname	9017125	Hidden profile
invalid-hostname	9017396	Hidden profile
invalid-hostname	9017689	Hidden profile
invalid-hostname	9017704	Hidden profile
invalid-hostname	9018209	Hidden profile
invalid-hostname	9018262	Hidden profile
invalid-hostname	9018719	Hidden profile
invalid-hostname	9018793	Hidden profile
invalid-hostname	9018840	Hidden profile
invalid-hostname	9019563	Hidden profile
invalid-hostname	9019828	Hidden profile
invalid-hostname	9020696	Hidden profile
invalid-hostname	9020907	Hidden profile
invalid-hostname	9021216	Hidden profile
invalid-hostname	9021373	Hidden profile
invalid-hostname	9021495	Hidden profile
invalid-hostname	9021758	Hidden profile
invalid-hostname	9022149	Hidden profile
invalid-hostname	9022169	Hidden profile
invalid-hostname	9022240	Hidden profile
invalid-hostname	9022342	Hidden profile
invalid-hostname	9022590	Hidden profile
invalid-hostname	9022594	Hidden profile
invalid-hostname	9022598	Hidden profile
invalid-hostname	9022599	Hidden profile
invalid-hostname	9022762	Hidden profile
invalid-hostname	9022844	Hidden profile
invalid-hostname	9022900	Hidden profile
invalid-hostname	9022962	Hidden profile
invalid-hostname	9023801	Hidden profile
invalid-hostname	9023978	Hidden profile
invalid-hostname	9024025	Hidden profile
invalid-hostname	9024416	Hidden profile
invalid-hostname	9024497	Hidden profile
invalid-hostname	9024574	Hidden profile
invalid-hostname	9024579	Hidden profile
invalid-hostname	9024585	Hidden profile
invalid-hostname	9024776	Hidden profile
invalid-hostname	9024848	Hidden profile
invalid-hostname	9024851	Hidden profile
invalid-hostname	9025413	Hidden profile
invalid-hostname	9025583	Hidden profile
invalid-hostname	9025709	Hidden profile
invalid-hostname	9025845	Hidden profile
invalid-hostname	9025974	Hidden profile
invalid-hostname	9026068	Hidden profile
invalid-hostname	9026666	Hidden profile
invalid-hostname	9026723	Hidden profile
invalid-hostname	9026729	Hidden profile
invalid-hostname	9026761	Hidden profile
invalid-hostname	9027136	Hidden profile
invalid-hostname	9027785	Hidden profile
invalid-hostname	9027843	Hidden profile
invalid-hostname	9028103	Hidden profile
invalid-hostname	9028339	Hidden profile
invalid-hostname	9028792	Hidden profile
invalid-hostname	9028806	Hidden profile
invalid-hostname	9029118	Hidden profile
invalid-hostname	9029222	Hidden profile
invalid-hostname	9029491	Hidden profile
invalid-hostname	9030053	Hidden profile
invalid-hostname	9030624	Hidden profile
invalid-hostname	9030755	Hidden profile
invalid-hostname	9030822	Hidden profile
invalid-hostname	9030914	Hidden profile
invalid-hostname	9031072	Hidden profile
invalid-hostname	9031073	Hidden profile
invalid-hostname	9031569	Hidden profile
invalid-hostname	9031686	Hidden profile
invalid-hostname	9032163	Hidden profile
invalid-hostname	9033105	Hidden profile
invalid-hostname	9033302	Hidden profile
invalid-hostname	9033317	Hidden profile
invalid-hostname	9033321	Hidden profile
invalid-hostname	9033340	Hidden profile
invalid-hostname	9034059	Hidden profile
invalid-hostname	9034093	Hidden profile
invalid-hostname	9034274	Hidden profile
invalid-hostname	9034879	Hidden profile
invalid-hostname	9035489	Hidden profile
invalid-hostname	9035511	Hidden profile
invalid-hostname	9035736	Hidden profile
invalid-hostname	9035742	Hidden profile
invalid-hostname	9035875	Hidden profile
invalid-hostname	9035904	Hidden profile
invalid-hostname	9035947	Hidden profile
invalid-hostname	9036170	Hidden profile
invalid-hostname	9036182	Hidden profile
invalid-hostname	9036548	Hidden profile
invalid-hostname	9036624	Hidden profile
invalid-hostname	9036717	Hidden profile
invalid-hostname	9036921	Hidden profile
invalid-hostname	9037256	Hidden profile
invalid-hostname	9037368	Hidden profile
invalid-hostname	9037511	Hidden profile
invalid-hostname	9037895	Hidden profile
invalid-hostname	9038178	Hidden profile
invalid-hostname	9038180	Hidden profile
invalid-hostname	9038284	Hidden profile
invalid-hostname	9038308	Hidden profile
invalid-hostname	9038571	Hidden profile
invalid-hostname	9038619	Hidden profile
invalid-hostname	9038923	Hidden profile
invalid-hostname	9039561	Hidden profile
invalid-hostname	9040033	Hidden profile
invalid-hostname	9040519	Hidden profile
invalid-hostname	9040529	Hidden profile
invalid-hostname	9040532	Hidden profile
invalid-hostname	9040546	Hidden profile
invalid-hostname	9040811	Hidden profile
invalid-hostname	9040892	Hidden profile
invalid-hostname	9041000	Hidden profile
invalid-hostname	9041012	Hidden profile
invalid-hostname	9041055	Hidden profile
invalid-hostname	9041602	Hidden profile
invalid-hostname	9041964	Hidden profile
invalid-hostname	9041985	Hidden profile
invalid-hostname	9042174	Hidden profile
invalid-hostname	9042876	Hidden profile
invalid-hostname	9043023	Hidden profile
invalid-hostname	9043362	Hidden profile
invalid-hostname	9044138	Hidden profile
invalid-hostname	9044443	Hidden profile
invalid-hostname	9044561	Hidden profile
invalid-hostname	9044753	Hidden profile
invalid-hostname	9045177	Hidden profile
invalid-hostname	9045237	Hidden profile
invalid-hostname	9045346	Hidden profile
invalid-hostname	9045420	Hidden profile
invalid-hostname	9045506	Hidden profile
invalid-hostname	9045663	Hidden profile
invalid-hostname	9045840	Hidden profile
invalid-hostname	9045847	Hidden profile
invalid-hostname	9045922	Hidden profile
invalid-hostname	9046035	Hidden profile
invalid-hostname	9046283	Hidden profile
invalid-hostname	9046622	Hidden profile
invalid-hostname	9046795	Hidden profile
invalid-hostname	9047813	Hidden profile
invalid-hostname	9048163	Hidden profile
invalid-hostname	9048795	Hidden profile
invalid-hostname	9049070	Hidden profile
invalid-hostname	9049518	Hidden profile
invalid-hostname	9049636	Hidden profile
invalid-hostname	9049854	Hidden profile
invalid-hostname	9050306	Hidden profile
invalid-hostname	9050548	Hidden profile
invalid-hostname	9050774	Hidden profile
invalid-hostname	9050991	Hidden profile
invalid-hostname	9051152	Hidden profile
invalid-hostname	9051295	Hidden profile
invalid-hostname	9051302	Hidden profile
invalid-hostname	9051303	Hidden profile
invalid-hostname	9051436	Hidden profile
invalid-hostname	9051507	Hidden profile
invalid-hostname	9051616	Hidden profile
invalid-hostname	9052229	Hidden profile
invalid-hostname	9052797	Hidden profile
invalid-hostname	9053004	Hidden profile
invalid-hostname	9053008	Hidden profile
invalid-hostname	9054142	Hidden profile
invalid-hostname	9054230	Hidden profile
invalid-hostname	9054243	Hidden profile
invalid-hostname	9054534	Hidden profile
invalid-hostname	9054798	Hidden profile
invalid-hostname	9054800	Hidden profile
invalid-hostname	9055377	Hidden profile
invalid-hostname	9055603	Hidden profile
invalid-hostname	9055939	Hidden profile
invalid-hostname	9056304	Hidden profile
invalid-hostname	9056406	Hidden profile
invalid-hostname	9056415	Hidden profile
invalid-hostname	9056949	Hidden profile
invalid-hostname	9057214	Hidden profile
invalid-hostname	9057638	Hidden profile
invalid-hostname	9057690	Hidden profile
invalid-hostname	9057821	Hidden profile
invalid-hostname	9058420	Hidden profile
invalid-hostname	9058492	Hidden profile
invalid-hostname	9058638	Hidden profile
invalid-hostname	9058707	Hidden profile
invalid-hostname	9058848	Hidden profile
invalid-hostname	9058881	Hidden profile
invalid-hostname	9059970	Hidden profile
invalid-hostname	9060362	Hidden profile
invalid-hostname	9060405	Hidden profile
invalid-hostname	9060478	Hidden profile
invalid-hostname	9060505	Hidden profile
invalid-hostname	9061022	Hidden profile
invalid-hostname	9061417	Hidden profile
invalid-hostname	9061861	Hidden profile
invalid-hostname	9062122	Hidden profile
invalid-hostname	9062510	Hidden profile
invalid-hostname	9062536	Hidden profile
invalid-hostname	9063219	Hidden profile
invalid-hostname	9063740	Hidden profile
invalid-hostname	9063748	Hidden profile
invalid-hostname	9063754	Hidden profile
invalid-hostname	9063759	Hidden profile
invalid-hostname	9063847	Hidden profile
invalid-hostname	9063853	Hidden profile
invalid-hostname	9064006	Hidden profile
invalid-hostname	9064049	Hidden profile
invalid-hostname	9064253	Hidden profile
invalid-hostname	9065350	Hidden profile
invalid-hostname	9065381	Hidden profile
invalid-hostname	9065408	Hidden profile
invalid-hostname	9065478	Hidden profile
invalid-hostname	9065647	Hidden profile
invalid-hostname	9066234	Hidden profile
invalid-hostname	9066855	Hidden profile
invalid-hostname	9067018	Hidden profile
invalid-hostname	9067272	Hidden profile
invalid-hostname	9068280	Hidden profile
invalid-hostname	9068382	Hidden profile
invalid-hostname	9068557	Hidden profile
invalid-hostname	9068895	Hidden profile
invalid-hostname	9069380	Hidden profile
invalid-hostname	9069893	Hidden profile
invalid-hostname	9069912	Hidden profile
invalid-hostname	9069931	Hidden profile
invalid-hostname	9069937	Hidden profile
invalid-hostname	9069946	Hidden profile
invalid-hostname	9070220	Hidden profile
invalid-hostname	9070278	Hidden profile
invalid-hostname	9070494	Hidden profile
invalid-hostname	9070502	Hidden profile
invalid-hostname	9070539	Hidden profile
invalid-hostname	9070543	Hidden profile
invalid-hostname	9070549	Hidden profile
invalid-hostname	9070555	Hidden profile
invalid-hostname	9070560	Hidden profile
invalid-hostname	9070562	Hidden profile
invalid-hostname	9070563	Hidden profile
invalid-hostname	9070564	Hidden profile
invalid-hostname	9070979	Hidden profile
invalid-hostname	9070998	Hidden profile
invalid-hostname	9071358	Hidden profile
invalid-hostname	9071988	Hidden profile
invalid-hostname	9072125	Hidden profile
invalid-hostname	9073065	Hidden profile
invalid-hostname	9073368	Hidden profile
invalid-hostname	9073717	Hidden profile
invalid-hostname	9073990	Hidden profile
invalid-hostname	9074216	Hidden profile
invalid-hostname	9074294	Hidden profile
invalid-hostname	9074847	Hidden profile
invalid-hostname	9075167	Hidden profile
invalid-hostname	9075340	Hidden profile
invalid-hostname	9076482	Hidden profile
invalid-hostname	9077744	Hidden profile
invalid-hostname	9078286	Hidden profile
invalid-hostname	9078544	Hidden profile
invalid-hostname	9078636	Hidden profile
invalid-hostname	9079109	Hidden profile
invalid-hostname	9079169	Hidden profile
invalid-hostname	9079349	Hidden profile
invalid-hostname	9079639	Hidden profile
invalid-hostname	9079857	Hidden profile
invalid-hostname	9080084	Hidden profile
invalid-hostname	9080596	Hidden profile
invalid-hostname	9081280	Hidden profile
invalid-hostname	9081552	Hidden profile
invalid-hostname	9081571	Hidden profile
invalid-hostname	9081577	Hidden profile
invalid-hostname	9081680	Hidden profile
invalid-hostname	9081710	Hidden profile
invalid-hostname	9081744	Hidden profile
invalid-hostname	9081764	Hidden profile
invalid-hostname	9081863	Hidden profile
invalid-hostname	9081949	Hidden profile
invalid-hostname	9082026	Hidden profile
invalid-hostname	9082323	Hidden profile
invalid-hostname	9083455	Hidden profile
invalid-hostname	9083543	Hidden profile
invalid-hostname	9084236	Hidden profile
invalid-hostname	9084455	Hidden profile
invalid-hostname	9084839	Hidden profile
invalid-hostname	9084935	Hidden profile
invalid-hostname	9085022	Hidden profile
invalid-hostname	9085148	Hidden profile
invalid-hostname	9085272	Hidden profile
invalid-hostname	9085347	Hidden profile
invalid-hostname	9085427	Hidden profile
invalid-hostname	9085475	Hidden profile
invalid-hostname	9085642	Hidden profile
invalid-hostname	9085670	Hidden profile
invalid-hostname	9085732	Hidden profile
invalid-hostname	9085831	Hidden profile
invalid-hostname	9086407	Hidden profile
invalid-hostname	9086824	Hidden profile
invalid-hostname	9086992	Hidden profile
invalid-hostname	9087088	Hidden profile
invalid-hostname	9087724	Hidden profile
invalid-hostname	9087738	Hidden profile
invalid-hostname	9088255	Hidden profile
invalid-hostname	9088512	Hidden profile
invalid-hostname	9088892	Hidden profile
invalid-hostname	9088954	Hidden profile
invalid-hostname	9089247	Hidden profile
invalid-hostname	9089335	Hidden profile
invalid-hostname	9089737	Hidden profile
invalid-hostname	9089780	Hidden profile
invalid-hostname	9089793	Hidden profile
invalid-hostname	9089796	Hidden profile
invalid-hostname	9089799	Hidden profile
invalid-hostname	9089858	Hidden profile
invalid-hostname	9090126	Hidden profile
invalid-hostname	9090389	Hidden profile
invalid-hostname	9090516	Hidden profile
invalid-hostname	9091170	Hidden profile
invalid-hostname	9092788	Hidden profile
invalid-hostname	9092792	Hidden profile
invalid-hostname	9092811	Hidden profile
invalid-hostname	9093498	Hidden profile
invalid-hostname	9094046	Hidden profile
invalid-hostname	9094140	Hidden profile
invalid-hostname	9094145	Hidden profile
invalid-hostname	9094148	Hidden profile
invalid-hostname	9094162	Hidden profile
invalid-hostname	9094369	Hidden profile
invalid-hostname	9094422	Hidden profile
invalid-hostname	9094555	Hidden profile
invalid-hostname	9094963	Hidden profile
invalid-hostname	9095020	Hidden profile
invalid-hostname	9095426	Hidden profile
invalid-hostname	9095993	Hidden profile
invalid-hostname	9096052	Hidden profile
invalid-hostname	9096095	Hidden profile
invalid-hostname	9097540	Hidden profile
invalid-hostname	9097660	Hidden profile
invalid-hostname	9098471	Hidden profile
invalid-hostname	9098534	Hidden profile
invalid-hostname	9098544	Hidden profile
invalid-hostname	9098669	Hidden profile
invalid-hostname	9098712	Hidden profile
invalid-hostname	9099021	Hidden profile
invalid-hostname	9099100	Hidden profile
invalid-hostname	9099810	Hidden profile
invalid-hostname	9100152	Hidden profile
invalid-hostname	9100785	Hidden profile
invalid-hostname	9102474	Hidden profile
invalid-hostname	9102760	Hidden profile
invalid-hostname	9102879	Hidden profile
invalid-hostname	9103108	Hidden profile
invalid-hostname	9103354	Hidden profile
invalid-hostname	9103766	Hidden profile
invalid-hostname	9103767	Hidden profile
invalid-hostname	9103986	Hidden profile
invalid-hostname	9104562	Hidden profile
invalid-hostname	9104573	Hidden profile
invalid-hostname	9104816	Hidden profile
invalid-hostname	9104939	Hidden profile
invalid-hostname	9107246	Hidden profile
invalid-hostname	9107773	Hidden profile
invalid-hostname	9107783	Hidden profile
invalid-hostname	9107867	Hidden profile
invalid-hostname	9107870	Hidden profile
invalid-hostname	9107888	Hidden profile
invalid-hostname	9108294	Hidden profile
invalid-hostname	9108398	Hidden profile
invalid-hostname	9108511	Hidden profile
invalid-hostname	9108608	Hidden profile
invalid-hostname	9108798	Hidden profile
invalid-hostname	9109255	Hidden profile
invalid-hostname	9109327	Hidden profile
invalid-hostname	9109381	Hidden profile
invalid-hostname	9109462	Hidden profile
invalid-hostname	9111639	Hidden profile
invalid-hostname	9112180	Hidden profile
invalid-hostname	9112828	Hidden profile
invalid-hostname	9112850	Hidden profile
invalid-hostname	9112979	Hidden profile
invalid-hostname	9112985	Hidden profile
invalid-hostname	9112991	Hidden profile
invalid-hostname	9112992	Hidden profile
invalid-hostname	9112993	Hidden profile
invalid-hostname	9112996	Hidden profile
invalid-hostname	9113145	Hidden profile
invalid-hostname	9113385	Hidden profile
invalid-hostname	9113519	Hidden profile
invalid-hostname	9113723	Hidden profile
invalid-hostname	9113818	Hidden profile
invalid-hostname	9113875	Hidden profile
invalid-hostname	9114161	Hidden profile
invalid-hostname	9114439	Hidden profile
invalid-hostname	9114814	Hidden profile
invalid-hostname	9115912	Hidden profile
invalid-hostname	9116741	Hidden profile
invalid-hostname	9117161	Hidden profile
invalid-hostname	9117200	Hidden profile
invalid-hostname	9117528	Hidden profile
invalid-hostname	9117625	Hidden profile
invalid-hostname	9117946	Hidden profile
invalid-hostname	9117947	Hidden profile
invalid-hostname	9117967	Hidden profile
invalid-hostname	9118158	Hidden profile
invalid-hostname	9118251	Hidden profile
invalid-hostname	9118575	Hidden profile
invalid-hostname	9118622	Hidden profile
invalid-hostname	9119448	Hidden profile
invalid-hostname	9119652	Hidden profile
invalid-hostname	9120009	Hidden profile
invalid-hostname	9120299	Hidden profile
invalid-hostname	9120341	Hidden profile
invalid-hostname	9121239	Hidden profile
invalid-hostname	9121305	Hidden profile
invalid-hostname	9121342	Hidden profile
invalid-hostname	9121831	Hidden profile
invalid-hostname	9122436	Hidden profile
invalid-hostname	9122704	Hidden profile
invalid-hostname	9123243	Hidden profile
invalid-hostname	9123346	Hidden profile
invalid-hostname	9123350	Hidden profile
invalid-hostname	9123352	Hidden profile
invalid-hostname	9123364	Hidden profile
invalid-hostname	9123369	Hidden profile
invalid-hostname	9123435	Hidden profile
invalid-hostname	9123875	Hidden profile
invalid-hostname	9124036	Hidden profile
invalid-hostname	9125000	Hidden profile
invalid-hostname	9125933	Hidden profile
invalid-hostname	9126386	Hidden profile
invalid-hostname	9127179	Hidden profile
invalid-hostname	9127394	Hidden profile
invalid-hostname	9127428	Hidden profile
invalid-hostname	9127745	Hidden profile
invalid-hostname	9128240	Hidden profile
invalid-hostname	9128711	Hidden profile
invalid-hostname	9128849	Hidden profile
invalid-hostname	9128933	Hidden profile
invalid-hostname	9128935	Hidden profile
invalid-hostname	9128942	Hidden profile
invalid-hostname	9129015	Hidden profile
invalid-hostname	9129087	Hidden profile
invalid-hostname	9129281	Hidden profile
invalid-hostname	9129881	Hidden profile
invalid-hostname	9131414	Hidden profile
invalid-hostname	9131821	Hidden profile
invalid-hostname	9132496	Hidden profile
invalid-hostname	9133132	Hidden profile
invalid-hostname	9133401	Hidden profile
invalid-hostname	9133929	Hidden profile
invalid-hostname	9134173	Hidden profile
invalid-hostname	9134616	Hidden profile
invalid-hostname	9134701	Hidden profile
invalid-hostname	9134706	Hidden profile
invalid-hostname	9134711	Hidden profile
invalid-hostname	9134724	Hidden profile
invalid-hostname	9134726	Hidden profile
invalid-hostname	9135032	Hidden profile
invalid-hostname	9135071	Hidden profile
invalid-hostname	9135163	Hidden profile
invalid-hostname	9135261	Hidden profile
invalid-hostname	9135315	Hidden profile
invalid-hostname	9135325	Hidden profile
invalid-hostname	9135346	Hidden profile
invalid-hostname	9135453	Hidden profile
invalid-hostname	9135648	Hidden profile
invalid-hostname	9135964	Hidden profile
invalid-hostname	9136104	Hidden profile
invalid-hostname	9136381	Hidden profile
invalid-hostname	9136811	Hidden profile
invalid-hostname	9136858	Hidden profile
invalid-hostname	9137140	Hidden profile
invalid-hostname	9137368	Hidden profile
invalid-hostname	9137894	Hidden profile
invalid-hostname	9138062	Hidden profile
invalid-hostname	9138244	Hidden profile
invalid-hostname	9138379	Hidden profile
invalid-hostname	9138397	Hidden profile
invalid-hostname	9138486	Hidden profile
invalid-hostname	9138558	Hidden profile
invalid-hostname	9139083	Hidden profile
invalid-hostname	9139319	Hidden profile
invalid-hostname	9140321	Hidden profile
invalid-hostname	9140424	Hidden profile
invalid-hostname	9140428	Hidden profile
invalid-hostname	9140434	Hidden profile
invalid-hostname	9140439	Hidden profile
invalid-hostname	9140443	Hidden profile
invalid-hostname	9140447	Hidden profile
invalid-hostname	9140831	Hidden profile
invalid-hostname	9141093	Hidden profile
invalid-hostname	9141149	Hidden profile
invalid-hostname	9141299	Hidden profile
invalid-hostname	9141489	Hidden profile
invalid-hostname	9141502	Hidden profile
invalid-hostname	9141685	Hidden profile
invalid-hostname	9141992	Hidden profile
invalid-hostname	9142149	Hidden profile
invalid-hostname	9142289	Hidden profile
invalid-hostname	9143649	Hidden profile
invalid-hostname	9143886	Hidden profile
invalid-hostname	9143956	Hidden profile
invalid-hostname	9144701	Hidden profile
invalid-hostname	9146643	Hidden profile
invalid-hostname	9146668	Hidden profile
invalid-hostname	9147148	Hidden profile
invalid-hostname	9147764	Hidden profile
invalid-hostname	9147916	Hidden profile
invalid-hostname	9148192	Hidden profile
invalid-hostname	9148244	Hidden profile
invalid-hostname	9148364	Hidden profile
invalid-hostname	9148459	Hidden profile
invalid-hostname	9148606	Hidden profile
invalid-hostname	9148879	Hidden profile
invalid-hostname	9148980	Hidden profile
invalid-hostname	9149074	Hidden profile
invalid-hostname	9149394	Hidden profile
invalid-hostname	9150484	Hidden profile
invalid-hostname	9151062	Hidden profile
invalid-hostname	9151154	Hidden profile
invalid-hostname	9151587	Hidden profile
invalid-hostname	9152238	Hidden profile
invalid-hostname	9152270	Hidden profile
invalid-hostname	9152693	Hidden profile
invalid-hostname	9152694	Hidden profile
invalid-hostname	9152698	Hidden profile
invalid-hostname	9152708	Hidden profile
invalid-hostname	9152711	Hidden profile
invalid-hostname	9152938	Hidden profile
invalid-hostname	9152998	Hidden profile
invalid-hostname	9153181	Hidden profile
invalid-hostname	9153852	Hidden profile
invalid-hostname	9154009	Hidden profile
invalid-hostname	9154148	Hidden profile
invalid-hostname	9156766	Hidden profile
invalid-hostname	9156910	Hidden profile
invalid-hostname	9157668	Hidden profile
invalid-hostname	9158506	Hidden profile
invalid-hostname	9158880	Hidden profile
invalid-hostname	9158948	Hidden profile
invalid-hostname	9159173	Hidden profile
invalid-hostname	9159174	Hidden profile
invalid-hostname	9159184	Hidden profile
invalid-hostname	9159698	Hidden profile
invalid-hostname	9159707	Hidden profile
invalid-hostname	9159864	Hidden profile
invalid-hostname	9160165	Hidden profile
invalid-hostname	9160356	Hidden profile
invalid-hostname	9160594	Hidden profile
invalid-hostname	9160719	Hidden profile
invalid-hostname	9161011	Hidden profile
invalid-hostname	9161322	Hidden profile
invalid-hostname	9161833	Hidden profile
invalid-hostname	9162058	Hidden profile
invalid-hostname	9162153	Hidden profile
invalid-hostname	9162637	Hidden profile
invalid-hostname	9162986	Hidden profile
invalid-hostname	9163280	Hidden profile
invalid-hostname	9163699	Hidden profile
invalid-hostname	9164491	Hidden profile
invalid-hostname	9164727	Hidden profile
invalid-hostname	9165227	Hidden profile
invalid-hostname	9165304	Hidden profile
invalid-hostname	9165591	Hidden profile
invalid-hostname	9165821	Hidden profile
invalid-hostname	9165950	Hidden profile
invalid-hostname	9165952	Hidden profile
invalid-hostname	9165956	Hidden profile
invalid-hostname	9165961	Hidden profile
invalid-hostname	9166358	Hidden profile
invalid-hostname	9166981	Hidden profile
invalid-hostname	9167070	Hidden profile
invalid-hostname	9167072	Hidden profile
invalid-hostname	9167117	Hidden profile
invalid-hostname	9167257	Hidden profile
invalid-hostname	9167402	Hidden profile
invalid-hostname	9167955	Hidden profile
invalid-hostname	9168256	Hidden profile
invalid-hostname	9168363	Hidden profile
invalid-hostname	9168727	Hidden profile
invalid-hostname	9169081	Hidden profile
invalid-hostname	9169501	Hidden profile
invalid-hostname	9170538	Hidden profile
invalid-hostname	9170768	Hidden profile
invalid-hostname	9170972	Hidden profile
invalid-hostname	9171291	Hidden profile
invalid-hostname	9171477	Hidden profile
invalid-hostname	9172084	Hidden profile
invalid-hostname	9172257	Hidden profile
invalid-hostname	9172776	Hidden profile
invalid-hostname	9172787	Hidden profile
invalid-hostname	9172789	Hidden profile
invalid-hostname	9172790	Hidden profile
invalid-hostname	9172818	Hidden profile
invalid-hostname	9172842	Hidden profile
invalid-hostname	9173169	Hidden profile
invalid-hostname	9173760	Hidden profile
invalid-hostname	9174564	Hidden profile
invalid-hostname	9175710	Hidden profile
invalid-hostname	9175734	Hidden profile
invalid-hostname	9176911	Hidden profile
invalid-hostname	9176944	Hidden profile
invalid-hostname	9178799	Hidden profile
invalid-hostname	9178917	Hidden profile
invalid-hostname	9179065	Hidden profile
invalid-hostname	9179610	Hidden profile
invalid-hostname	9179621	Hidden profile
invalid-hostname	9179625	Hidden profile
invalid-hostname	9179631	Hidden profile
invalid-hostname	9180246	Hidden profile
invalid-hostname	9180359	Hidden profile
invalid-hostname	9180676	Hidden profile
invalid-hostname	9180963	Hidden profile
invalid-hostname	9180972	Hidden profile
invalid-hostname	9181101	Hidden profile
invalid-hostname	9181594	Hidden profile
invalid-hostname	9181692	Hidden profile
invalid-hostname	9182252	Hidden profile
invalid-hostname	9183293	Hidden profile
invalid-hostname	9183633	Hidden profile
invalid-hostname	9184443	Hidden profile
invalid-hostname	9185004	Hidden profile
invalid-hostname	9185041	Hidden profile
invalid-hostname	9185308	Hidden profile
invalid-hostname	9185372	Hidden profile
invalid-hostname	9185824	Hidden profile
invalid-hostname	9186032	Hidden profile
invalid-hostname	9186047	Hidden profile
invalid-hostname	9186300	Hidden profile
invalid-hostname	9186810	Hidden profile
invalid-hostname	9186925	Hidden profile
invalid-hostname	9186926	Hidden profile
invalid-hostname	9187007	Hidden profile
invalid-hostname	9187763	Hidden profile
invalid-hostname	9188163	Hidden profile
invalid-hostname	9188164	Hidden profile
invalid-hostname	9188240	Hidden profile
invalid-hostname	9188896	Hidden profile
invalid-hostname	9189000	Hidden profile
invalid-hostname	9189023	Hidden profile
invalid-hostname	9189052	Hidden profile
invalid-hostname	9189487	Hidden profile
invalid-hostname	9189595	Hidden profile
invalid-hostname	9189649	Hidden profile
invalid-hostname	9189866	Hidden profile
invalid-hostname	9189875	Hidden profile
invalid-hostname	9189912	Hidden profile
invalid-hostname	9189986	Hidden profile
invalid-hostname	9190006	Hidden profile
invalid-hostname	9190027	Hidden profile
invalid-hostname	9190177	Hidden profile
invalid-hostname	9190895	Hidden profile
invalid-hostname	9191545	Hidden profile
invalid-hostname	9192376	Hidden profile
invalid-hostname	9192434	Hidden profile
invalid-hostname	9192559	Hidden profile
invalid-hostname	9192939	Hidden profile
invalid-hostname	9193685	Hidden profile
invalid-hostname	9193738	Hidden profile
invalid-hostname	9194249	Hidden profile
invalid-hostname	9194255	Hidden profile
invalid-hostname	9194678	Hidden profile
invalid-hostname	9194771	Hidden profile
invalid-hostname	9194817	Hidden profile
invalid-hostname	9195057	Hidden profile
invalid-hostname	9195195	Hidden profile
invalid-hostname	9195742	Hidden profile
invalid-hostname	9196242	Hidden profile
invalid-hostname	9196830	Hidden profile
invalid-hostname	9197444	Hidden profile
invalid-hostname	9197684	Hidden profile
invalid-hostname	9197818	Hidden profile
invalid-hostname	9198056	Hidden profile
invalid-hostname	9198618	Hidden profile
invalid-hostname	9199131	Hidden profile
invalid-hostname	9199568	Hidden profile
invalid-hostname	9199687	Hidden profile
invalid-hostname	9199831	Hidden profile
invalid-hostname	9200254	Hidden profile
invalid-hostname	9201152	Hidden profile
invalid-hostname	9201382	Hidden profile
invalid-hostname	9201583	Hidden profile
invalid-hostname	9201881	Hidden profile
invalid-hostname	9201936	Hidden profile
invalid-hostname	9202057	Hidden profile
invalid-hostname	9202131	Hidden profile
invalid-hostname	9203058	Hidden profile
invalid-hostname	9203371	Hidden profile
invalid-hostname	9204232	Hidden profile
invalid-hostname	9204356	Hidden profile
invalid-hostname	9205505	Hidden profile
invalid-hostname	9206395	Hidden profile
invalid-hostname	9206428	Hidden profile
invalid-hostname	9206734	Hidden profile
invalid-hostname	9206787	Hidden profile
invalid-hostname	9207274	Hidden profile
invalid-hostname	9207683	Hidden profile
invalid-hostname	9207977	Hidden profile
invalid-hostname	9208396	Hidden profile
invalid-hostname	9208884	Hidden profile
invalid-hostname	9209750	Hidden profile
invalid-hostname	9209892	Hidden profile
invalid-hostname	9210019	Hidden profile
invalid-hostname	9210084	Hidden profile
invalid-hostname	9210095	Hidden profile
invalid-hostname	9210109	Hidden profile
invalid-hostname	9210168	Hidden profile
invalid-hostname	9210603	Hidden profile
invalid-hostname	9210653	Hidden profile
invalid-hostname	9210757	Hidden profile
invalid-hostname	9210845	Hidden profile
invalid-hostname	9211179	Hidden profile
invalid-hostname	9211222	Hidden profile
invalid-hostname	9211256	Hidden profile
invalid-hostname	9211398	Hidden profile
invalid-hostname	9211418	Hidden profile
invalid-hostname	9211859	Hidden profile
invalid-hostname	9212179	Hidden profile
invalid-hostname	9212458	Hidden profile
invalid-hostname	9212564	Hidden profile
invalid-hostname	9212598	Hidden profile
invalid-hostname	9213154	Hidden profile
invalid-hostname	9213322	Hidden profile
invalid-hostname	9213414	Hidden profile
invalid-hostname	9213447	Hidden profile
invalid-hostname	9213915	Hidden profile
invalid-hostname	9213929	Hidden profile
invalid-hostname	9214261	Hidden profile
invalid-hostname	9214313	Hidden profile
invalid-hostname	9214672	Hidden profile
invalid-hostname	9215840	Hidden profile
invalid-hostname	9216075	Hidden profile
invalid-hostname	9217318	Hidden profile
invalid-hostname	9217527	Hidden profile
invalid-hostname	9217712	Hidden profile
invalid-hostname	9217824	Hidden profile
invalid-hostname	9218306	Hidden profile
invalid-hostname	9218482	Hidden profile
invalid-hostname	9218488	Hidden profile
invalid-hostname	9218585	Hidden profile
invalid-hostname	9218690	Hidden profile
invalid-hostname	9218927	Hidden profile
invalid-hostname	9219106	Hidden profile
invalid-hostname	9219165	Hidden profile
invalid-hostname	9219254	Hidden profile
invalid-hostname	9219394	Hidden profile
invalid-hostname	9219608	Hidden profile
invalid-hostname	9219742	Hidden profile
invalid-hostname	9219804	Hidden profile
invalid-hostname	9220343	Hidden profile
invalid-hostname	9220603	Hidden profile
invalid-hostname	9221893	Hidden profile
invalid-hostname	9222064	Hidden profile
invalid-hostname	9222266	Hidden profile
invalid-hostname	9223343	Hidden profile
invalid-hostname	9223941	Hidden profile
invalid-hostname	9224313	Hidden profile
invalid-hostname	9224315	Hidden profile
invalid-hostname	9224657	Hidden profile
invalid-hostname	9225048	Hidden profile
invalid-hostname	9225061	Hidden profile
invalid-hostname	9225298	Hidden profile
invalid-hostname	9225864	Hidden profile
invalid-hostname	9225968	Hidden profile
invalid-hostname	9226239	Hidden profile
invalid-hostname	9226631	Hidden profile
invalid-hostname	9226650	Hidden profile
invalid-hostname	9226658	Hidden profile
invalid-hostname	9226751	Hidden profile
invalid-hostname	9226914	Hidden profile
invalid-hostname	9227211	Hidden profile
invalid-hostname	9227353	Hidden profile
invalid-hostname	9227573	Hidden profile
invalid-hostname	9227814	Hidden profile
invalid-hostname	9227818	Hidden profile
invalid-hostname	9228246	Hidden profile
invalid-hostname	9228309	Hidden profile
invalid-hostname	9228694	Hidden profile
invalid-hostname	9229271	Hidden profile
invalid-hostname	9229450	Hidden profile
invalid-hostname	9229993	Hidden profile
invalid-hostname	9230218	Hidden profile
invalid-hostname	9230292	Hidden profile
invalid-hostname	9230657	Hidden profile
invalid-hostname	9230726	Hidden profile
invalid-hostname	9231144	Hidden profile
invalid-hostname	9231485	Hidden profile
invalid-hostname	9232124	Hidden profile
invalid-hostname	9232791	Hidden profile
invalid-hostname	9233436	Hidden profile
invalid-hostname	9233903	Hidden profile
invalid-hostname	9234396	Hidden profile
invalid-hostname	9235218	Hidden profile
invalid-hostname	9235345	Hidden profile
invalid-hostname	9235652	Hidden profile
invalid-hostname	9235875	Hidden profile
invalid-hostname	9235928	Hidden profile
invalid-hostname	9235937	Hidden profile
invalid-hostname	9235939	Hidden profile
invalid-hostname	9235946	Hidden profile
invalid-hostname	9235950	Hidden profile
invalid-hostname	9236078	Hidden profile
invalid-hostname	9236212	Hidden profile
invalid-hostname	9236477	Hidden profile
invalid-hostname	9236676	Hidden profile
invalid-hostname	9237195	Hidden profile
invalid-hostname	9237241	Hidden profile
invalid-hostname	9237305	Hidden profile
invalid-hostname	9237593	Hidden profile
invalid-hostname	9237769	Hidden profile
invalid-hostname	9238500	Hidden profile
invalid-hostname	9239015	Hidden profile
invalid-hostname	9239496	Hidden profile
invalid-hostname	9239610	Hidden profile
invalid-hostname	9239691	Hidden profile
invalid-hostname	9240447	Hidden profile
invalid-hostname	9240490	Hidden profile
invalid-hostname	9240517	Hidden profile
invalid-hostname	9240529	Hidden profile
invalid-hostname	9240658	Hidden profile
invalid-hostname	9240743	Hidden profile
invalid-hostname	9240789	Hidden profile
invalid-hostname	9240883	Hidden profile
invalid-hostname	9242320	Hidden profile
invalid-hostname	9242353	Hidden profile
invalid-hostname	9242991	Hidden profile
invalid-hostname	9243067	Hidden profile
invalid-hostname	9243589	Hidden profile
invalid-hostname	9243606	Hidden profile
invalid-hostname	9243803	Hidden profile
invalid-hostname	9243817	Hidden profile
invalid-hostname	9244754	Hidden profile
invalid-hostname	9245221	Hidden profile
invalid-hostname	9245226	Hidden profile
invalid-hostname	9245240	Hidden profile
invalid-hostname	9245241	Hidden profile
invalid-hostname	9245340	Hidden profile
invalid-hostname	9245586	Hidden profile
invalid-hostname	9245621	Hidden profile
invalid-hostname	9245672	Hidden profile
invalid-hostname	9245995	Hidden profile
invalid-hostname	9246035	Hidden profile
invalid-hostname	9246530	Hidden profile
invalid-hostname	9246568	Hidden profile
invalid-hostname	9246790	Hidden profile
invalid-hostname	9246814	Hidden profile
invalid-hostname	9246989	Hidden profile
invalid-hostname	9247096	Hidden profile
invalid-hostname	9247448	Hidden profile
invalid-hostname	9247466	Hidden profile
invalid-hostname	9248403	Hidden profile
invalid-hostname	9248521	Hidden profile
invalid-hostname	9249131	Hidden profile
invalid-hostname	9249217	Hidden profile
invalid-hostname	9249251	Hidden profile
invalid-hostname	9249317	Hidden profile
invalid-hostname	9250307	Hidden profile
invalid-hostname	9250516	Hidden profile
invalid-hostname	9251290	Hidden profile
invalid-hostname	9251323	Hidden profile
invalid-hostname	9251431	Hidden profile
invalid-hostname	9252338	Hidden profile
invalid-hostname	9252886	Hidden profile
invalid-hostname	9253240	Hidden profile
invalid-hostname	9253420	Hidden profile
invalid-hostname	9253904	Hidden profile
invalid-hostname	9254284	Hidden profile
invalid-hostname	9254314	Hidden profile
invalid-hostname	9254349	Hidden profile
invalid-hostname	9254548	Hidden profile
invalid-hostname	9254882	Hidden profile
invalid-hostname	9255099	Hidden profile
invalid-hostname	9255377	Hidden profile
invalid-hostname	9255503	Hidden profile
invalid-hostname	9255505	Hidden profile
invalid-hostname	9255529	Hidden profile
invalid-hostname	9256160	Hidden profile
invalid-hostname	9256269	Hidden profile
invalid-hostname	9256383	Hidden profile
invalid-hostname	9256541	Hidden profile
invalid-hostname	9256842	Hidden profile
invalid-hostname	9256911	Hidden profile
invalid-hostname	9257077	Hidden profile
invalid-hostname	9257657	Hidden profile
invalid-hostname	9257871	Hidden profile
invalid-hostname	9258520	Hidden profile
invalid-hostname	9259020	Hidden profile
invalid-hostname	9259635	Hidden profile
invalid-hostname	9260007	Hidden profile
invalid-hostname	9260560	Hidden profile
invalid-hostname	9260572	Hidden profile
invalid-hostname	9260899	Hidden profile
invalid-hostname	9261137	Hidden profile
invalid-hostname	9261481	Hidden profile
invalid-hostname	9262529	Hidden profile
invalid-hostname	9262778	Hidden profile
invalid-hostname	9263045	Hidden profile
invalid-hostname	9263367	Hidden profile
invalid-hostname	9263418	Hidden profile
invalid-hostname	9263596	Hidden profile
invalid-hostname	9263996	Hidden profile
invalid-hostname	9264069	Hidden profile
invalid-hostname	9264359	Hidden profile
invalid-hostname	9264450	Hidden profile
invalid-hostname	9264591	Hidden profile
invalid-hostname	9264716	Hidden profile
invalid-hostname	9264761	Hidden profile
invalid-hostname	9264777	Hidden profile
invalid-hostname	9264833	Hidden profile
invalid-hostname	9265413	Hidden profile
invalid-hostname	9265744	Hidden profile
invalid-hostname	9266411	Hidden profile
invalid-hostname	9266680	Hidden profile
invalid-hostname	9266855	Hidden profile
invalid-hostname	9266892	Hidden profile
invalid-hostname	9267044	Hidden profile
invalid-hostname	9267053	Hidden profile
invalid-hostname	9267061	Hidden profile
invalid-hostname	9267674	Hidden profile
invalid-hostname	9267850	Hidden profile
invalid-hostname	9268160	Hidden profile
invalid-hostname	9268444	Hidden profile
invalid-hostname	9268472	Hidden profile
invalid-hostname	9268660	Hidden profile
invalid-hostname	9268720	Hidden profile
invalid-hostname	9268760	Hidden profile
invalid-hostname	9268832	Hidden profile
invalid-hostname	9269539	Hidden profile
invalid-hostname	9269616	Hidden profile
invalid-hostname	9269721	Hidden profile
invalid-hostname	9270329	Hidden profile
invalid-hostname	9270970	Hidden profile
invalid-hostname	9271028	Hidden profile
invalid-hostname	9271061	Hidden profile
invalid-hostname	9271588	Hidden profile
invalid-hostname	9271617	Hidden profile
invalid-hostname	9272001	Hidden profile
invalid-hostname	9272550	Hidden profile
invalid-hostname	9272854	Hidden profile
invalid-hostname	9272874	Hidden profile
invalid-hostname	9273035	Hidden profile
invalid-hostname	9273145	Hidden profile
invalid-hostname	9273249	Hidden profile
invalid-hostname	9273734	Hidden profile
invalid-hostname	9273909	Hidden profile
invalid-hostname	9274063	Hidden profile
invalid-hostname	9274118	Hidden profile
invalid-hostname	9274252	Hidden profile
invalid-hostname	9274277	Hidden profile
invalid-hostname	9274421	Hidden profile
invalid-hostname	9274423	Hidden profile
invalid-hostname	9274584	Hidden profile
invalid-hostname	9274592	Hidden profile
invalid-hostname	9275167	Hidden profile
invalid-hostname	9275243	Hidden profile
invalid-hostname	9275421	Hidden profile
invalid-hostname	9275445	Hidden profile
invalid-hostname	9275519	Hidden profile
invalid-hostname	9276620	Hidden profile
invalid-hostname	9277056	Hidden profile
invalid-hostname	9277876	Hidden profile
invalid-hostname	9278576	Hidden profile
invalid-hostname	9279997	Hidden profile
invalid-hostname	9280124	Hidden profile
invalid-hostname	9280456	Hidden profile
invalid-hostname	9280547	Hidden profile
invalid-hostname	9280584	Hidden profile
invalid-hostname	9280662	Hidden profile
invalid-hostname	9280744	Hidden profile
invalid-hostname	9280935	Hidden profile
invalid-hostname	9280938	Hidden profile
invalid-hostname	9280950	Hidden profile
invalid-hostname	9280954	Hidden profile
invalid-hostname	9280975	Hidden profile
invalid-hostname	9281120	Hidden profile
invalid-hostname	9281181	Hidden profile
invalid-hostname	9281182	Hidden profile
invalid-hostname	9281409	Hidden profile
invalid-hostname	9282044	Hidden profile
invalid-hostname	9282047	Hidden profile
invalid-hostname	9282211	Hidden profile
invalid-hostname	9282215	Hidden profile
invalid-hostname	9282243	Hidden profile
invalid-hostname	9282811	Hidden profile
invalid-hostname	9282899	Hidden profile
invalid-hostname	9283188	Hidden profile
invalid-hostname	9283506	Hidden profile
invalid-hostname	9283568	Hidden profile
invalid-hostname	9284059	Hidden profile
invalid-hostname	9284469	Hidden profile
invalid-hostname	9284922	Hidden profile
invalid-hostname	9285012	Hidden profile
invalid-hostname	9285571	Hidden profile
invalid-hostname	9285644	Hidden profile
invalid-hostname	9285758	Hidden profile
invalid-hostname	9286188	Hidden profile
invalid-hostname	9286476	Hidden profile
invalid-hostname	9286587	Hidden profile
invalid-hostname	9286749	Hidden profile
invalid-hostname	9287011	Hidden profile
invalid-hostname	9287294	Hidden profile
invalid-hostname	9288458	Hidden profile
invalid-hostname	9288466	Hidden profile
invalid-hostname	9288530	Hidden profile
invalid-hostname	9288670	Hidden profile
invalid-hostname	9289963	Hidden profile
invalid-hostname	9290761	Hidden profile
invalid-hostname	9290776	Hidden profile
invalid-hostname	9290895	Hidden profile
invalid-hostname	9291067	Hidden profile
invalid-hostname	9291347	Hidden profile
invalid-hostname	9291662	Hidden profile
invalid-hostname	9292064	Hidden profile
invalid-hostname	9292083	Hidden profile
invalid-hostname	9292252	Hidden profile
invalid-hostname	9292463	Hidden profile
invalid-hostname	9292749	Hidden profile
invalid-hostname	9292847	Hidden profile
invalid-hostname	9292908	Hidden profile
invalid-hostname	9293068	Hidden profile
invalid-hostname	9293141	Hidden profile
invalid-hostname	9293142	Hidden profile
invalid-hostname	9293201	Hidden profile
invalid-hostname	9293627	Hidden profile
invalid-hostname	9294815	Hidden profile
invalid-hostname	9295033	Hidden profile
invalid-hostname	9295098	Hidden profile
invalid-hostname	9295127	Hidden profile
invalid-hostname	9295149	Hidden profile
invalid-hostname	9295286	Hidden profile
invalid-hostname	9295508	Hidden profile
invalid-hostname	9295689	Hidden profile
invalid-hostname	9297647	Hidden profile
invalid-hostname	9297875	Hidden profile
invalid-hostname	9297935	Hidden profile
invalid-hostname	9297994	Hidden profile
invalid-hostname	9298253	Hidden profile
invalid-hostname	9299666	Hidden profile
invalid-hostname	9299990	Hidden profile
invalid-hostname	9300166	Hidden profile
invalid-hostname	9300210	Hidden profile
invalid-hostname	9300715	Hidden profile
invalid-hostname	9300812	Hidden profile
invalid-hostname	9301106	Hidden profile
invalid-hostname	9301153	Hidden profile
invalid-hostname	9301241	Hidden profile
invalid-hostname	9301438	Hidden profile
invalid-hostname	9301660	Hidden profile
invalid-hostname	9301669	Hidden profile
invalid-hostname	9301676	Hidden profile
invalid-hostname	9301680	Hidden profile
invalid-hostname	9301687	Hidden profile
invalid-hostname	9301690	Hidden profile
invalid-hostname	9301706	Hidden profile
invalid-hostname	9301710	Hidden profile
invalid-hostname	9301831	Hidden profile
invalid-hostname	9301960	Hidden profile
invalid-hostname	9302073	Hidden profile
invalid-hostname	9302113	Hidden profile
invalid-hostname	9302137	Hidden profile
invalid-hostname	9302326	Hidden profile
invalid-hostname	9302854	Hidden profile
invalid-hostname	9303044	Hidden profile
invalid-hostname	9303086	Hidden profile
invalid-hostname	9303224	Hidden profile
invalid-hostname	9303394	Hidden profile
invalid-hostname	9303608	Hidden profile
invalid-hostname	9303918	Hidden profile
invalid-hostname	9303938	Hidden profile
invalid-hostname	9304021	Hidden profile
invalid-hostname	9304200	Hidden profile
invalid-hostname	9304237	Hidden profile
invalid-hostname	9304281	Hidden profile
invalid-hostname	9304301	Hidden profile
invalid-hostname	9304465	Hidden profile
invalid-hostname	9304468	Hidden profile
invalid-hostname	9304472	Hidden profile
invalid-hostname	9304507	Hidden profile
invalid-hostname	9304528	Hidden profile
invalid-hostname	9304535	Hidden profile
invalid-hostname	9304569	Hidden profile
invalid-hostname	9304573	Hidden profile
invalid-hostname	9304593	Hidden profile
invalid-hostname	9304598	Hidden profile
invalid-hostname	9304604	Hidden profile
invalid-hostname	9304611	Hidden profile
invalid-hostname	9304623	Hidden profile
invalid-hostname	9304627	Hidden profile
invalid-hostname	9304656	Hidden profile
invalid-hostname	9304658	Hidden profile
invalid-hostname	9304662	Hidden profile
invalid-hostname	9304668	Hidden profile
invalid-hostname	9304691	Hidden profile
invalid-hostname	9304694	Hidden profile
invalid-hostname	9304695	Hidden profile
invalid-hostname	9304704	Hidden profile
invalid-hostname	9304706	Hidden profile
invalid-hostname	9304742	Hidden profile
invalid-hostname	9304752	Hidden profile
invalid-hostname	9304759	Hidden profile
invalid-hostname	9304764	Hidden profile
invalid-hostname	9304794	Hidden profile
invalid-hostname	9304818	Hidden profile
invalid-hostname	9304826	Hidden profile
invalid-hostname	9304848	Hidden profile
invalid-hostname	9304854	Hidden profile
invalid-hostname	9304855	Hidden profile
invalid-hostname	9304858	Hidden profile
invalid-hostname	9304859	Hidden profile
invalid-hostname	9304881	Hidden profile
invalid-hostname	9304906	Hidden profile
invalid-hostname	9304914	Hidden profile
invalid-hostname	9304944	Hidden profile
invalid-hostname	9304950	Hidden profile
invalid-hostname	9304979	Hidden profile
invalid-hostname	9304997	Hidden profile
invalid-hostname	9305003	Hidden profile
invalid-hostname	9305027	Hidden profile
invalid-hostname	9305037	Hidden profile
invalid-hostname	9305038	Hidden profile
invalid-hostname	9305041	Hidden profile
invalid-hostname	9305057	Hidden profile
invalid-hostname	9305084	Hidden profile
invalid-hostname	9305090	Hidden profile
invalid-hostname	9305091	Hidden profile
invalid-hostname	9305100	Hidden profile
invalid-hostname	9305102	Hidden profile
invalid-hostname	9305103	Hidden profile
invalid-hostname	9305114	Hidden profile
invalid-hostname	9305118	Hidden profile
invalid-hostname	9305144	Hidden profile
invalid-hostname	9305164	Hidden profile
invalid-hostname	9305169	Hidden profile
invalid-hostname	9305170	Hidden profile
invalid-hostname	9305188	Hidden profile
invalid-hostname	9305194	Hidden profile
invalid-hostname	9305197	Hidden profile
invalid-hostname	9305200	Hidden profile
invalid-hostname	9305201	Hidden profile
invalid-hostname	9305213	Hidden profile
invalid-hostname	9305223	Hidden profile
invalid-hostname	9305234	Hidden profile
invalid-hostname	9305235	Hidden profile
invalid-hostname	9305239	Hidden profile
invalid-hostname	9305251	Hidden profile
invalid-hostname	9305252	Hidden profile
invalid-hostname	9305258	Hidden profile
invalid-hostname	9305296	Hidden profile
invalid-hostname	9305299	Hidden profile
invalid-hostname	9305319	Hidden profile
invalid-hostname	9305320	Hidden profile
invalid-hostname	9305330	Hidden profile
invalid-hostname	9305345	Hidden profile
invalid-hostname	9305352	Hidden profile
invalid-hostname	9305377	Hidden profile
invalid-hostname	9305381	Hidden profile
invalid-hostname	9305387	Hidden profile
invalid-hostname	9305403	Hidden profile
invalid-hostname	9305413	Hidden profile
invalid-hostname	9305426	Hidden profile
invalid-hostname	9305444	Hidden profile
invalid-hostname	9305452	Hidden profile
invalid-hostname	9305461	Hidden profile
invalid-hostname	9305463	Hidden profile
invalid-hostname	9305471	Hidden profile
invalid-hostname	9305481	Hidden profile
invalid-hostname	9305488	Hidden profile
invalid-hostname	9305491	Hidden profile
invalid-hostname	9305492	Hidden profile
invalid-hostname	9305516	Hidden profile
invalid-hostname	9305523	Hidden profile
invalid-hostname	9305528	Hidden profile
invalid-hostname	9305532	Hidden profile
invalid-hostname	9305535	Hidden profile
invalid-hostname	9305540	Hidden profile
invalid-hostname	9305548	Hidden profile
invalid-hostname	9305593	Hidden profile
invalid-hostname	9305603	Hidden profile
invalid-hostname	9305610	Hidden profile
invalid-hostname	9305616	Hidden profile
invalid-hostname	9305618	Hidden profile
invalid-hostname	9305627	Hidden profile
invalid-hostname	9305633	Hidden profile
invalid-hostname	9305652	Hidden profile
invalid-hostname	9305659	Hidden profile
invalid-hostname	9305663	Hidden profile
invalid-hostname	9305678	Hidden profile
invalid-hostname	9305682	Hidden profile
invalid-hostname	9305691	Hidden profile
invalid-hostname	9305697	Hidden profile
invalid-hostname	9305709	Hidden profile
invalid-hostname	9305713	Hidden profile
invalid-hostname	9305720	Hidden profile
invalid-hostname	9305723	Hidden profile
invalid-hostname	9305751	Hidden profile
invalid-hostname	9305769	Hidden profile
invalid-hostname	9305786	Hidden profile
invalid-hostname	9305787	Hidden profile
invalid-hostname	9305802	Hidden profile
invalid-hostname	9305825	Hidden profile
invalid-hostname	9305850	Hidden profile
invalid-hostname	9305853	Hidden profile
invalid-hostname	9305885	Hidden profile
invalid-hostname	9305889	Hidden profile
invalid-hostname	9305921	Hidden profile
invalid-hostname	9305923	Hidden profile
invalid-hostname	9305933	Hidden profile
invalid-hostname	9305953	Hidden profile
invalid-hostname	9305955	Hidden profile
invalid-hostname	9305966	Hidden profile
invalid-hostname	9305992	Hidden profile
invalid-hostname	9306008	Hidden profile
invalid-hostname	9306016	Hidden profile
invalid-hostname	9306017	Hidden profile
invalid-hostname	9306038	Hidden profile
invalid-hostname	9306056	Hidden profile
invalid-hostname	9306057	Hidden profile
invalid-hostname	9306059	Hidden profile
invalid-hostname	9306107	Hidden profile
invalid-hostname	9306114	Hidden profile
invalid-hostname	9306117	Hidden profile
invalid-hostname	9306119	Hidden profile
invalid-hostname	9306124	Hidden profile
invalid-hostname	9306127	Hidden profile
invalid-hostname	9306129	Hidden profile
invalid-hostname	9306143	Hidden profile
invalid-hostname	9306155	Hidden profile
invalid-hostname	9306159	Hidden profile
invalid-hostname	9306173	Hidden profile
invalid-hostname	9306210	Hidden profile
invalid-hostname	9306218	Hidden profile
invalid-hostname	9306223	Hidden profile
invalid-hostname	9306245	Hidden profile
invalid-hostname	9306251	Hidden profile
invalid-hostname	9306253	Hidden profile
invalid-hostname	9306272	Hidden profile
invalid-hostname	9306315	Hidden profile
invalid-hostname	9306319	Hidden profile
invalid-hostname	9306346	Hidden profile
invalid-hostname	9306354	Hidden profile
invalid-hostname	9306363	Hidden profile
invalid-hostname	9306364	Hidden profile
invalid-hostname	9306366	Hidden profile
invalid-hostname	9306372	Hidden profile
invalid-hostname	9306385	Hidden profile
invalid-hostname	9306394	Hidden profile
invalid-hostname	9306401	Hidden profile
invalid-hostname	9306402	Hidden profile
invalid-hostname	9306406	Hidden profile
invalid-hostname	9306423	Hidden profile
invalid-hostname	9306439	Hidden profile
invalid-hostname	9306445	Hidden profile
invalid-hostname	9306448	Hidden profile
invalid-hostname	9306472	Hidden profile
invalid-hostname	9306474	Hidden profile
invalid-hostname	9306482	Hidden profile
invalid-hostname	9306486	Hidden profile
invalid-hostname	9306491	Hidden profile
invalid-hostname	9306507	Hidden profile
invalid-hostname	9306509	Hidden profile
invalid-hostname	9306518	Hidden profile
invalid-hostname	9306523	Hidden profile
invalid-hostname	9306528	Hidden profile
invalid-hostname	9306533	Hidden profile
invalid-hostname	9306541	Hidden profile
invalid-hostname	9306545	Hidden profile
invalid-hostname	9306560	Hidden profile
invalid-hostname	9306589	Hidden profile
invalid-hostname	9306604	Hidden profile
invalid-hostname	9306609	Hidden profile
invalid-hostname	9306627	Hidden profile
invalid-hostname	9306634	Hidden profile
invalid-hostname	9306637	Hidden profile
invalid-hostname	9306659	Hidden profile
invalid-hostname	9306669	Hidden profile
invalid-hostname	9306675	Hidden profile
invalid-hostname	9306681	Hidden profile
invalid-hostname	9306700	Hidden profile
invalid-hostname	9306707	Hidden profile
invalid-hostname	9306718	Hidden profile
invalid-hostname	9306722	Hidden profile
invalid-hostname	9306725	Hidden profile
invalid-hostname	9306726	Hidden profile
invalid-hostname	9306727	Hidden profile
invalid-hostname	9306750	Hidden profile
invalid-hostname	9306765	Hidden profile
invalid-hostname	9306771	Hidden profile
invalid-hostname	9306791	Hidden profile
invalid-hostname	9306793	Hidden profile
invalid-hostname	9306827	Hidden profile
invalid-hostname	9306828	Hidden profile
invalid-hostname	9306835	Hidden profile
invalid-hostname	9306838	Hidden profile
invalid-hostname	9306853	Hidden profile
invalid-hostname	9306859	Hidden profile
invalid-hostname	9306893	Hidden profile
invalid-hostname	9306922	Hidden profile
invalid-hostname	9306933	Hidden profile
invalid-hostname	9306935	Hidden profile
invalid-hostname	9306941	Hidden profile
invalid-hostname	9306948	Hidden profile
invalid-hostname	9306951	Hidden profile
invalid-hostname	9306974	Hidden profile
invalid-hostname	9306980	Hidden profile
invalid-hostname	9306985	Hidden profile
invalid-hostname	9307011	Hidden profile
invalid-hostname	9307013	Hidden profile
invalid-hostname	9307040	Hidden profile
invalid-hostname	9307068	Hidden profile
invalid-hostname	9307079	Hidden profile
invalid-hostname	9307085	Hidden profile
invalid-hostname	9307088	Hidden profile
invalid-hostname	9307095	Hidden profile
invalid-hostname	9307102	Hidden profile
invalid-hostname	9307103	Hidden profile
invalid-hostname	9307112	Hidden profile
invalid-hostname	9307143	Hidden profile
invalid-hostname	9307149	Hidden profile
invalid-hostname	9307179	Hidden profile
invalid-hostname	9307187	Hidden profile
invalid-hostname	9307200	Hidden profile
invalid-hostname	9307211	Hidden profile
invalid-hostname	9307262	Hidden profile
invalid-hostname	9307299	Hidden profile
invalid-hostname	9307301	Hidden profile
invalid-hostname	9307308	Hidden profile
invalid-hostname	9307326	Hidden profile
invalid-hostname	9307330	Hidden profile
invalid-hostname	9307340	Hidden profile
invalid-hostname	9307342	Hidden profile
invalid-hostname	9307346	Hidden profile
invalid-hostname	9307355	Hidden profile
invalid-hostname	9307361	Hidden profile
invalid-hostname	9307373	Hidden profile
invalid-hostname	9307387	Hidden profile
invalid-hostname	9307393	Hidden profile
invalid-hostname	9307403	Hidden profile
invalid-hostname	9307404	Hidden profile
invalid-hostname	9307419	Hidden profile
invalid-hostname	9307424	Hidden profile
invalid-hostname	9307438	Hidden profile
invalid-hostname	9307443	Hidden profile
invalid-hostname	9307452	Hidden profile
invalid-hostname	9307457	Hidden profile
invalid-hostname	9307467	Hidden profile
invalid-hostname	9307474	Hidden profile
invalid-hostname	9307478	Hidden profile
invalid-hostname	9307486	Hidden profile
invalid-hostname	9307520	Hidden profile
invalid-hostname	9307540	Hidden profile
invalid-hostname	9307547	Hidden profile
invalid-hostname	9307563	Hidden profile
invalid-hostname	9307585	Hidden profile
invalid-hostname	9307586	Hidden profile
invalid-hostname	9307595	Hidden profile
invalid-hostname	9307602	Hidden profile
invalid-hostname	9307607	Hidden profile
invalid-hostname	9307625	Hidden profile
invalid-hostname	9307632	Hidden profile
invalid-hostname	9307634	Hidden profile
invalid-hostname	9307642	Hidden profile
invalid-hostname	9307644	Hidden profile
invalid-hostname	9307654	Hidden profile
invalid-hostname	9307698	Hidden profile
invalid-hostname	9307704	Hidden profile
invalid-hostname	9307706	Hidden profile
invalid-hostname	9307708	Hidden profile
invalid-hostname	9307733	Hidden profile
invalid-hostname	9307734	Hidden profile
invalid-hostname	9307739	Hidden profile
invalid-hostname	9307742	Hidden profile
invalid-hostname	9307756	Hidden profile
invalid-hostname	9307771	Hidden profile
invalid-hostname	9307791	Hidden profile
invalid-hostname	9307800	Hidden profile
invalid-hostname	9307801	Hidden profile
invalid-hostname	9307808	Hidden profile
invalid-hostname	9307812	Hidden profile
invalid-hostname	9307818	Hidden profile
invalid-hostname	9307827	Hidden profile
invalid-hostname	9307847	Hidden profile
invalid-hostname	9307852	Hidden profile
invalid-hostname	9307866	Hidden profile
invalid-hostname	9307871	Hidden profile
invalid-hostname	9307873	Hidden profile
invalid-hostname	9307875	Hidden profile
invalid-hostname	9307880	Hidden profile
invalid-hostname	9307886	Hidden profile
invalid-hostname	9307904	Hidden profile
invalid-hostname	9307915	Hidden profile
invalid-hostname	9307927	Hidden profile
invalid-hostname	9307963	Hidden profile
invalid-hostname	9307967	Hidden profile
invalid-hostname	9307974	Hidden profile
invalid-hostname	9307983	Hidden profile
invalid-hostname	9308000	Hidden profile
invalid-hostname	9308003	Hidden profile
invalid-hostname	9308013	Hidden profile
invalid-hostname	9308037	Hidden profile
invalid-hostname	9308040	Hidden profile
invalid-hostname	9308043	Hidden profile
invalid-hostname	9308056	Hidden profile
invalid-hostname	9308064	Hidden profile
invalid-hostname	9308072	Hidden profile
invalid-hostname	9308083	Hidden profile
invalid-hostname	9308084	Hidden profile
invalid-hostname	9308096	Hidden profile
invalid-hostname	9308100	Hidden profile
invalid-hostname	9308115	Hidden profile
invalid-hostname	9308135	Hidden profile
invalid-hostname	9308142	Hidden profile
invalid-hostname	9308145	Hidden profile
invalid-hostname	9308157	Hidden profile
invalid-hostname	9308180	Hidden profile
invalid-hostname	9308184	Hidden profile
invalid-hostname	9308197	Hidden profile
invalid-hostname	9308209	Hidden profile
invalid-hostname	9308232	Hidden profile
invalid-hostname	9308243	Hidden profile
invalid-hostname	9308245	Hidden profile
invalid-hostname	9308248	Hidden profile
invalid-hostname	9308259	Hidden profile
invalid-hostname	9308260	Hidden profile
invalid-hostname	9308265	Hidden profile
invalid-hostname	9308282	Hidden profile
invalid-hostname	9308295	Hidden profile
invalid-hostname	9308312	Hidden profile
invalid-hostname	9308318	Hidden profile
invalid-hostname	9308334	Hidden profile
invalid-hostname	9308396	Hidden profile
invalid-hostname	9308406	Hidden profile
invalid-hostname	9308429	Hidden profile
invalid-hostname	9308432	Hidden profile
invalid-hostname	9308452	Hidden profile
invalid-hostname	9308489	Hidden profile
invalid-hostname	9308492	Hidden profile
invalid-hostname	9308500	Hidden profile
invalid-hostname	9308520	Hidden profile
invalid-hostname	9308533	Hidden profile
invalid-hostname	9308536	Hidden profile
invalid-hostname	9308544	Hidden profile
invalid-hostname	9308546	Hidden profile
invalid-hostname	9308568	Hidden profile
invalid-hostname	9308582	Hidden profile
invalid-hostname	9308589	Hidden profile
invalid-hostname	9308593	Hidden profile
invalid-hostname	9308628	Hidden profile
invalid-hostname	9308634	Hidden profile
invalid-hostname	9308638	Hidden profile
invalid-hostname	9308643	Hidden profile
invalid-hostname	9308644	Hidden profile
invalid-hostname	9308659	Hidden profile
invalid-hostname	9308673	Hidden profile
invalid-hostname	9308703	Hidden profile
invalid-hostname	9308714	Hidden profile
invalid-hostname	9308727	Hidden profile
invalid-hostname	9308752	Hidden profile
invalid-hostname	9308756	Hidden profile
invalid-hostname	9308758	Hidden profile
invalid-hostname	9308784	Hidden profile
invalid-hostname	9308807	Hidden profile
invalid-hostname	9308811	Hidden profile
invalid-hostname	9308828	Hidden profile
invalid-hostname	9308846	Hidden profile
invalid-hostname	9308853	Hidden profile
invalid-hostname	9308886	Hidden profile
invalid-hostname	9308889	Hidden profile
invalid-hostname	9308910	Hidden profile
invalid-hostname	9308928	Hidden profile
invalid-hostname	9308929	Hidden profile
invalid-hostname	9308942	Hidden profile
invalid-hostname	9308948	Hidden profile
invalid-hostname	9308955	Hidden profile
invalid-hostname	9308957	Hidden profile
invalid-hostname	9308988	Hidden profile
invalid-hostname	9308998	Hidden profile
invalid-hostname	9308999	Hidden profile
invalid-hostname	9309018	Hidden profile
invalid-hostname	9309053	Hidden profile
invalid-hostname	9309062	Hidden profile
invalid-hostname	9309074	Hidden profile
invalid-hostname	9309078	Hidden profile
invalid-hostname	9309080	Hidden profile
invalid-hostname	9309082	Hidden profile
invalid-hostname	9309093	Hidden profile
invalid-hostname	9309099	Hidden profile
invalid-hostname	9309108	Hidden profile
invalid-hostname	9309112	Hidden profile
invalid-hostname	9309123	Hidden profile
invalid-hostname	9309129	Hidden profile
invalid-hostname	9309151	Hidden profile
invalid-hostname	9309175	Hidden profile
invalid-hostname	9309178	Hidden profile
invalid-hostname	9309206	Hidden profile
invalid-hostname	9309211	Hidden profile
invalid-hostname	9309218	Hidden profile
invalid-hostname	9309241	Hidden profile
invalid-hostname	9309259	Hidden profile
invalid-hostname	9309264	Hidden profile
invalid-hostname	9309291	Hidden profile
invalid-hostname	9309294	Hidden profile
invalid-hostname	9309301	Hidden profile
invalid-hostname	9309334	Hidden profile
invalid-hostname	9309338	Hidden profile
invalid-hostname	9309368	Hidden profile
invalid-hostname	9309398	Hidden profile
invalid-hostname	9309399	Hidden profile
invalid-hostname	9309402	Hidden profile
invalid-hostname	9309424	Hidden profile
invalid-hostname	9309442	Hidden profile
invalid-hostname	9309480	Hidden profile
invalid-hostname	9309490	Hidden profile
invalid-hostname	9309493	Hidden profile
invalid-hostname	9309514	Hidden profile
invalid-hostname	9309535	Hidden profile
invalid-hostname	9309573	Hidden profile
invalid-hostname	9309585	Hidden profile
invalid-hostname	9309587	Hidden profile
invalid-hostname	9309622	Hidden profile
invalid-hostname	9309627	Hidden profile
invalid-hostname	9309639	Hidden profile
invalid-hostname	9309648	Hidden profile
invalid-hostname	9309661	Hidden profile
invalid-hostname	9309688	Hidden profile
invalid-hostname	9309699	Hidden profile
invalid-hostname	9309706	Hidden profile
invalid-hostname	9309726	Hidden profile
invalid-hostname	9309742	Hidden profile
invalid-hostname	9309751	Hidden profile
invalid-hostname	9309762	Hidden profile
invalid-hostname	9309771	Hidden profile
invalid-hostname	9309787	Hidden profile
invalid-hostname	9309814	Hidden profile
invalid-hostname	9309824	Hidden profile
invalid-hostname	9309829	Hidden profile
invalid-hostname	9309837	Hidden profile
invalid-hostname	9309843	Hidden profile
invalid-hostname	9309846	Hidden profile
invalid-hostname	9309852	Hidden profile
invalid-hostname	9309873	Hidden profile
invalid-hostname	9309881	Hidden profile
invalid-hostname	9309884	Hidden profile
invalid-hostname	9309888	Hidden profile
invalid-hostname	9309891	Hidden profile
invalid-hostname	9309897	Hidden profile
invalid-hostname	9309915	Hidden profile
invalid-hostname	9309924	Hidden profile
invalid-hostname	9309936	Hidden profile
invalid-hostname	9309969	Hidden profile
invalid-hostname	9309991	Hidden profile
invalid-hostname	9309993	Hidden profile
invalid-hostname	9310003	Hidden profile
invalid-hostname	9310032	Hidden profile
invalid-hostname	9310048	Hidden profile
invalid-hostname	9310053	Hidden profile
invalid-hostname	9310101	Hidden profile
invalid-hostname	9310110	Hidden profile
invalid-hostname	9310135	Hidden profile
invalid-hostname	9310154	Hidden profile
invalid-hostname	9310164	Hidden profile
invalid-hostname	9310166	Hidden profile
invalid-hostname	9310193	Hidden profile
invalid-hostname	9310203	Hidden profile
invalid-hostname	9310204	Hidden profile
invalid-hostname	9310229	Hidden profile
invalid-hostname	9310263	Hidden profile
invalid-hostname	9310264	Hidden profile
invalid-hostname	9310280	Hidden profile
invalid-hostname	9310289	Hidden profile
invalid-hostname	9310297	Hidden profile
invalid-hostname	9310298	Hidden profile
invalid-hostname	9310299	Hidden profile
invalid-hostname	9310316	Hidden profile
invalid-hostname	9310324	Hidden profile
invalid-hostname	9310351	Hidden profile
invalid-hostname	9310376	Hidden profile
invalid-hostname	9310383	Hidden profile
invalid-hostname	9310416	Hidden profile
invalid-hostname	9310433	Hidden profile
invalid-hostname	9310484	Hidden profile
invalid-hostname	9310555	Hidden profile
invalid-hostname	9310563	Hidden profile
invalid-hostname	9310573	Hidden profile
invalid-hostname	9310603	Hidden profile
invalid-hostname	9310609	Hidden profile
invalid-hostname	9310613	Hidden profile
invalid-hostname	9310622	Hidden profile
invalid-hostname	9310678	Hidden profile
invalid-hostname	9310687	Hidden profile
invalid-hostname	9310730	Hidden profile
invalid-hostname	9310747	Hidden profile
invalid-hostname	9310752	Hidden profile
invalid-hostname	9310756	Hidden profile
invalid-hostname	9310763	Hidden profile
invalid-hostname	9310772	Hidden profile
invalid-hostname	9310782	Hidden profile
invalid-hostname	9310806	Hidden profile
invalid-hostname	9310817	Hidden profile
invalid-hostname	9310898	Hidden profile
invalid-hostname	9310905	Hidden profile
invalid-hostname	9310909	Hidden profile
invalid-hostname	9310933	Hidden profile
invalid-hostname	9310942	Hidden profile
invalid-hostname	9310944	Hidden profile
invalid-hostname	9310956	Hidden profile
invalid-hostname	9310966	Hidden profile
invalid-hostname	9310970	Hidden profile
invalid-hostname	9310976	Hidden profile
invalid-hostname	9310977	Hidden profile
invalid-hostname	9310999	Hidden profile
invalid-hostname	9311003	Hidden profile
invalid-hostname	9311009	Hidden profile
invalid-hostname	9311013	Hidden profile
invalid-hostname	9311026	Hidden profile
invalid-hostname	9311029	Hidden profile
invalid-hostname	9311035	Hidden profile
invalid-hostname	9311060	Hidden profile
invalid-hostname	9311084	Hidden profile
invalid-hostname	9311099	Hidden profile
invalid-hostname	9311105	Hidden profile
invalid-hostname	9311122	Hidden profile
invalid-hostname	9311126	Hidden profile
invalid-hostname	9311129	Hidden profile
invalid-hostname	9311160	Hidden profile
invalid-hostname	9311169	Hidden profile
invalid-hostname	9311179	Hidden profile
invalid-hostname	9311183	Hidden profile
invalid-hostname	9311198	Hidden profile
invalid-hostname	9311199	Hidden profile
invalid-hostname	9311218	Hidden profile
invalid-hostname	9311219	Hidden profile
invalid-hostname	9311269	Hidden profile
invalid-hostname	9311290	Hidden profile
invalid-hostname	9311337	Hidden profile
invalid-hostname	9311356	Hidden profile
invalid-hostname	9311400	Hidden profile
invalid-hostname	9311428	Hidden profile
invalid-hostname	9311439	Hidden profile
invalid-hostname	9311440	Hidden profile
invalid-hostname	9311467	Hidden profile
invalid-hostname	9311471	Hidden profile
invalid-hostname	9311486	Hidden profile
invalid-hostname	9311518	Hidden profile
invalid-hostname	9311522	Hidden profile
invalid-hostname	9311529	Hidden profile
invalid-hostname	9311534	Hidden profile
invalid-hostname	9311539	Hidden profile
invalid-hostname	9311552	Hidden profile
invalid-hostname	9311558	Hidden profile
invalid-hostname	9311571	Hidden profile
invalid-hostname	9311574	Hidden profile
invalid-hostname	9311587	Hidden profile
invalid-hostname	9311598	Hidden profile
invalid-hostname	9311602	Hidden profile
invalid-hostname	9311619	Hidden profile
invalid-hostname	9311622	Hidden profile
invalid-hostname	9311633	Hidden profile
invalid-hostname	9311666	Hidden profile
invalid-hostname	9311692	Hidden profile
invalid-hostname	9311719	Hidden profile
invalid-hostname	9311760	Hidden profile
invalid-hostname	9311767	Hidden profile
invalid-hostname	9311771	Hidden profile
invalid-hostname	9311778	Hidden profile
invalid-hostname	9311792	Hidden profile
invalid-hostname	9311793	Hidden profile
invalid-hostname	9311805	Hidden profile
invalid-hostname	9311819	Hidden profile
invalid-hostname	9311820	Hidden profile
invalid-hostname	9311822	Hidden profile
invalid-hostname	9311836	Hidden profile
invalid-hostname	9311838	Hidden profile
invalid-hostname	9311863	Hidden profile
invalid-hostname	9311868	Hidden profile
invalid-hostname	9311897	Hidden profile
invalid-hostname	9311931	Hidden profile
invalid-hostname	9311938	Hidden profile
invalid-hostname	9311962	Hidden profile
invalid-hostname	9311983	Hidden profile
invalid-hostname	9312011	Hidden profile
invalid-hostname	9312047	Hidden profile
invalid-hostname	9312052	Hidden profile
invalid-hostname	9312066	Hidden profile
invalid-hostname	9312073	Hidden profile
invalid-hostname	9312095	Hidden profile
invalid-hostname	9312151	Hidden profile
invalid-hostname	9312152	Hidden profile
invalid-hostname	9312158	Hidden profile
invalid-hostname	9312185	Hidden profile
invalid-hostname	9312198	Hidden profile
invalid-hostname	9312202	Hidden profile
invalid-hostname	9312219	Hidden profile
invalid-hostname	9312226	Hidden profile
invalid-hostname	9312228	Hidden profile
invalid-hostname	9312239	Hidden profile
invalid-hostname	9312254	Hidden profile
invalid-hostname	9312287	Hidden profile
invalid-hostname	9312288	Hidden profile
invalid-hostname	9312300	Hidden profile
invalid-hostname	9312320	Hidden profile
invalid-hostname	9312338	Hidden profile
invalid-hostname	9312378	Hidden profile
invalid-hostname	9312380	Hidden profile
invalid-hostname	9312390	Hidden profile
invalid-hostname	9312394	Hidden profile
invalid-hostname	9312395	Hidden profile
invalid-hostname	9312397	Hidden profile
invalid-hostname	9312415	Hidden profile
invalid-hostname	9312448	Hidden profile
invalid-hostname	9312449	Hidden profile
invalid-hostname	9312453	Hidden profile
invalid-hostname	9312499	Hidden profile
invalid-hostname	9312504	Hidden profile
invalid-hostname	9312558	Hidden profile
invalid-hostname	9312576	Hidden profile
invalid-hostname	9312580	Hidden profile
invalid-hostname	9312582	Hidden profile
invalid-hostname	9312583	Hidden profile
invalid-hostname	9312588	Hidden profile
invalid-hostname	9312601	Hidden profile
invalid-hostname	9312616	Hidden profile
invalid-hostname	9312623	Hidden profile
invalid-hostname	9312639	Hidden profile
invalid-hostname	9312643	Hidden profile
invalid-hostname	9312661	Hidden profile
invalid-hostname	9312669	Hidden profile
invalid-hostname	9312689	Hidden profile
invalid-hostname	9312705	Hidden profile
invalid-hostname	9312753	Hidden profile
invalid-hostname	9312774	Hidden profile
invalid-hostname	9312793	Hidden profile
invalid-hostname	9312797	Hidden profile
invalid-hostname	9312857	Hidden profile
invalid-hostname	9312861	Hidden profile
invalid-hostname	9312869	Hidden profile
invalid-hostname	9312896	Hidden profile
invalid-hostname	9312903	Hidden profile
invalid-hostname	9312905	Hidden profile
invalid-hostname	9312913	Hidden profile
invalid-hostname	9312928	Hidden profile
invalid-hostname	9312930	Hidden profile
invalid-hostname	9312934	Hidden profile
invalid-hostname	9312982	Hidden profile
invalid-hostname	9313027	Hidden profile
invalid-hostname	9313041	Hidden profile
invalid-hostname	9313096	Hidden profile
invalid-hostname	9313106	Hidden profile
invalid-hostname	9313108	Hidden profile
invalid-hostname	9313137	Hidden profile
invalid-hostname	9313138	Hidden profile
invalid-hostname	9313142	Hidden profile
invalid-hostname	9313222	Hidden profile
invalid-hostname	9313237	Hidden profile
invalid-hostname	9313253	Hidden profile
invalid-hostname	9313255	Hidden profile
invalid-hostname	9313264	Hidden profile
invalid-hostname	9313270	Hidden profile
invalid-hostname	9313281	Hidden profile
invalid-hostname	9313285	Hidden profile
invalid-hostname	9313296	Hidden profile
invalid-hostname	9313312	Hidden profile
invalid-hostname	9313350	Hidden profile
invalid-hostname	9313357	Hidden profile
invalid-hostname	9313360	Hidden profile
invalid-hostname	9313365	Hidden profile
invalid-hostname	9313382	Hidden profile
invalid-hostname	9313407	Hidden profile
invalid-hostname	9313469	Hidden profile
invalid-hostname	9313502	Hidden profile
invalid-hostname	9313503	Hidden profile
invalid-hostname	9313530	Hidden profile
invalid-hostname	9313548	Hidden profile
invalid-hostname	9313573	Hidden profile
invalid-hostname	9313583	Hidden profile
invalid-hostname	9313598	Hidden profile
invalid-hostname	9313606	Hidden profile
invalid-hostname	9313620	Hidden profile
invalid-hostname	9313629	Hidden profile
invalid-hostname	9313634	Hidden profile
invalid-hostname	9313668	Hidden profile
invalid-hostname	9313686	Hidden profile
invalid-hostname	9313702	Hidden profile
invalid-hostname	9313709	Hidden profile
invalid-hostname	9313729	Hidden profile
invalid-hostname	9313745	Hidden profile
invalid-hostname	9313768	Hidden profile
invalid-hostname	9313802	Hidden profile
invalid-hostname	9313838	Hidden profile
invalid-hostname	9313846	Hidden profile
invalid-hostname	9313847	Hidden profile
invalid-hostname	9313855	Hidden profile
invalid-hostname	9313882	Hidden profile
invalid-hostname	9313890	Hidden profile
invalid-hostname	9313897	Hidden profile
invalid-hostname	9313922	Hidden profile
invalid-hostname	9313936	Hidden profile
invalid-hostname	9313952	Hidden profile
invalid-hostname	9313962	Hidden profile
invalid-hostname	9313985	Hidden profile
invalid-hostname	9314000	Hidden profile
invalid-hostname	9314012	Hidden profile
invalid-hostname	9314015	Hidden profile
invalid-hostname	9314023	Hidden profile
invalid-hostname	9314026	Hidden profile
invalid-hostname	9314027	Hidden profile
invalid-hostname	9314048	Hidden profile
invalid-hostname	9314058	Hidden profile
invalid-hostname	9314061	Hidden profile
invalid-hostname	9314064	Hidden profile
invalid-hostname	9314065	Hidden profile
invalid-hostname	9314068	Hidden profile
invalid-hostname	9314118	Hidden profile
invalid-hostname	9314127	Hidden profile
invalid-hostname	9314148	Hidden profile
invalid-hostname	9314157	Hidden profile
invalid-hostname	9314179	Hidden profile
invalid-hostname	9314182	Hidden profile
invalid-hostname	9314209	Hidden profile
invalid-hostname	9314250	Hidden profile
invalid-hostname	9314254	Hidden profile
invalid-hostname	9314299	Hidden profile
invalid-hostname	9314307	Hidden profile
invalid-hostname	9314333	Hidden profile
invalid-hostname	9314338	Hidden profile
invalid-hostname	9314339	Hidden profile
invalid-hostname	9314349	Hidden profile
invalid-hostname	9314355	Hidden profile
invalid-hostname	9314361	Hidden profile
invalid-hostname	9314377	Hidden profile
invalid-hostname	9314382	Hidden profile
invalid-hostname	9314404	Hidden profile
invalid-hostname	9314450	Hidden profile
invalid-hostname	9314480	Hidden profile
invalid-hostname	9314522	Hidden profile
invalid-hostname	9314577	Hidden profile
invalid-hostname	9314580	Hidden profile
invalid-hostname	9314589	Hidden profile
invalid-hostname	9314606	Hidden profile
invalid-hostname	9314619	Hidden profile
invalid-hostname	9314639	Hidden profile
invalid-hostname	9314643	Hidden profile
invalid-hostname	9314645	Hidden profile
invalid-hostname	9314650	Hidden profile
invalid-hostname	9314654	Hidden profile
invalid-hostname	9314655	Hidden profile
invalid-hostname	9314666	Hidden profile
invalid-hostname	9314670	Hidden profile
invalid-hostname	9314677	Hidden profile
invalid-hostname	9314683	Hidden profile
invalid-hostname	9314706	Hidden profile
invalid-hostname	9314711	Hidden profile
invalid-hostname	9314743	Hidden profile
invalid-hostname	9314768	Hidden profile
invalid-hostname	9314770	Hidden profile
invalid-hostname	9314788	Hidden profile
invalid-hostname	9314791	Hidden profile
invalid-hostname	9314811	Hidden profile
invalid-hostname	9314814	Hidden profile
invalid-hostname	9314823	Hidden profile
invalid-hostname	9314833	Hidden profile
invalid-hostname	9314842	Hidden profile
invalid-hostname	9314858	Hidden profile
invalid-hostname	9314867	Hidden profile
invalid-hostname	9314889	Hidden profile
invalid-hostname	9314902	Hidden profile
invalid-hostname	9314921	Hidden profile
invalid-hostname	9314956	Hidden profile
invalid-hostname	9314962	Hidden profile
invalid-hostname	9314965	Hidden profile
invalid-hostname	9314969	Hidden profile
invalid-hostname	9314971	Hidden profile
invalid-hostname	9314976	Hidden profile
invalid-hostname	9314980	Hidden profile
invalid-hostname	9314991	Hidden profile
invalid-hostname	9315044	Hidden profile
invalid-hostname	9315078	Hidden profile
invalid-hostname	9315086	Hidden profile
invalid-hostname	9315130	Hidden profile
invalid-hostname	9315152	Hidden profile
invalid-hostname	9315161	Hidden profile
invalid-hostname	9315176	Hidden profile
invalid-hostname	9315196	Hidden profile
invalid-hostname	9315219	Hidden profile
invalid-hostname	9315233	Hidden profile
invalid-hostname	9315241	Hidden profile
invalid-hostname	9315275	Hidden profile
invalid-hostname	9315277	Hidden profile
invalid-hostname	9315290	Hidden profile
invalid-hostname	9315382	Hidden profile
invalid-hostname	9315384	Hidden profile
invalid-hostname	9315387	Hidden profile
invalid-hostname	9315396	Hidden profile
invalid-hostname	9315400	Hidden profile
invalid-hostname	9315411	Hidden profile
invalid-hostname	9315425	Hidden profile
invalid-hostname	9315450	Hidden profile
invalid-hostname	9315459	Hidden profile
invalid-hostname	9315467	Hidden profile
invalid-hostname	9315470	Hidden profile
invalid-hostname	9315481	Hidden profile
invalid-hostname	9315542	Hidden profile
invalid-hostname	9315559	Hidden profile
invalid-hostname	9315567	Hidden profile
invalid-hostname	9315573	Hidden profile
invalid-hostname	9315582	Hidden profile
invalid-hostname	9315646	Hidden profile
invalid-hostname	9315685	Hidden profile
invalid-hostname	9315696	Hidden profile
invalid-hostname	9315742	Hidden profile
invalid-hostname	9315757	Hidden profile
invalid-hostname	9315776	Hidden profile
invalid-hostname	9315792	Hidden profile
invalid-hostname	9315855	Hidden profile
invalid-hostname	9315856	Hidden profile
invalid-hostname	9315891	Hidden profile
invalid-hostname	9315897	Hidden profile
invalid-hostname	9315902	Hidden profile
invalid-hostname	9315956	Hidden profile
invalid-hostname	9315976	Hidden profile
invalid-hostname	9315990	Hidden profile
invalid-hostname	9316012	Hidden profile
invalid-hostname	9316089	Hidden profile
invalid-hostname	9316111	Hidden profile
invalid-hostname	9316120	Hidden profile
invalid-hostname	9316146	Hidden profile
invalid-hostname	9316180	Hidden profile
invalid-hostname	9316210	Hidden profile
invalid-hostname	9316251	Hidden profile
invalid-hostname	9316257	Hidden profile
invalid-hostname	9316266	Hidden profile
invalid-hostname	9316296	Hidden profile
invalid-hostname	9316319	Hidden profile
invalid-hostname	9316333	Hidden profile
invalid-hostname	9316344	Hidden profile
invalid-hostname	9316345	Hidden profile
invalid-hostname	9316346	Hidden profile
invalid-hostname	9316422	Hidden profile
invalid-hostname	9316465	Hidden profile
invalid-hostname	9316530	Hidden profile
invalid-hostname	9316534	Hidden profile
invalid-hostname	9316536	Hidden profile
invalid-hostname	9316537	Hidden profile
invalid-hostname	9316539	Hidden profile
invalid-hostname	9316553	Hidden profile
invalid-hostname	9316566	Hidden profile
invalid-hostname	9316614	Hidden profile
invalid-hostname	9316625	Hidden profile
invalid-hostname	9316651	Hidden profile
invalid-hostname	9316671	Hidden profile
invalid-hostname	9316715	Hidden profile
invalid-hostname	9316745	Hidden profile
invalid-hostname	9316747	Hidden profile
invalid-hostname	9316770	Hidden profile
invalid-hostname	9316798	Hidden profile
invalid-hostname	9316802	Hidden profile
invalid-hostname	9316809	Hidden profile
invalid-hostname	9316814	Hidden profile
invalid-hostname	9316824	Hidden profile
invalid-hostname	9316877	Hidden profile
invalid-hostname	9316890	Hidden profile
invalid-hostname	9316928	Hidden profile
invalid-hostname	9316978	Hidden profile
invalid-hostname	9316987	Hidden profile
invalid-hostname	9316994	Hidden profile
invalid-hostname	9316997	Hidden profile
invalid-hostname	9317038	Hidden profile
invalid-hostname	9317046	Hidden profile
invalid-hostname	9317070	Hidden profile
invalid-hostname	9317104	Hidden profile
invalid-hostname	9317109	Hidden profile
invalid-hostname	9317134	Hidden profile
invalid-hostname	9317154	Hidden profile
invalid-hostname	9317164	Hidden profile
invalid-hostname	9317168	Hidden profile
invalid-hostname	9317189	Hidden profile
invalid-hostname	9317195	Hidden profile
invalid-hostname	9317196	Hidden profile
invalid-hostname	9317224	Hidden profile
invalid-hostname	9317281	Hidden profile
invalid-hostname	9317283	Hidden profile
invalid-hostname	9317285	Hidden profile
invalid-hostname	9317289	Hidden profile
invalid-hostname	9317361	Hidden profile
invalid-hostname	9317371	Hidden profile
invalid-hostname	9317394	Hidden profile
invalid-hostname	9317410	Hidden profile
invalid-hostname	9317413	Hidden profile
invalid-hostname	9317431	Hidden profile
invalid-hostname	9317443	Hidden profile
invalid-hostname	9317445	Hidden profile
invalid-hostname	9317463	Hidden profile
invalid-hostname	9317464	Hidden profile
invalid-hostname	9317481	Hidden profile
invalid-hostname	9317487	Hidden profile
invalid-hostname	9317509	Hidden profile
invalid-hostname	9317516	Hidden profile
invalid-hostname	9317518	Hidden profile
invalid-hostname	9317537	Hidden profile
invalid-hostname	9317559	Hidden profile
invalid-hostname	9317561	Hidden profile
invalid-hostname	9317581	Hidden profile
invalid-hostname	9317600	Hidden profile
invalid-hostname	9317611	Hidden profile
invalid-hostname	9317643	Hidden profile
invalid-hostname	9317673	Hidden profile
invalid-hostname	9317724	Hidden profile
invalid-hostname	9317726	Hidden profile
invalid-hostname	9317728	Hidden profile
invalid-hostname	9317751	Hidden profile
invalid-hostname	9317752	Hidden profile
invalid-hostname	9317756	Hidden profile
invalid-hostname	9317775	Hidden profile
invalid-hostname	9317818	Hidden profile
invalid-hostname	9317823	Hidden profile
invalid-hostname	9317828	Hidden profile
invalid-hostname	9317853	Hidden profile
invalid-hostname	9317861	Hidden profile
invalid-hostname	9317866	Hidden profile
invalid-hostname	9317882	Hidden profile
invalid-hostname	9317920	Hidden profile
invalid-hostname	9317938	Hidden profile
invalid-hostname	9317940	Hidden profile
invalid-hostname	9317977	Hidden profile
invalid-hostname	9317998	Hidden profile
invalid-hostname	9318009	Hidden profile
invalid-hostname	9318012	Hidden profile
invalid-hostname	9318034	Hidden profile
invalid-hostname	9318048	Hidden profile
invalid-hostname	9318059	Hidden profile
invalid-hostname	9318111	Hidden profile
invalid-hostname	9318112	Hidden profile
invalid-hostname	9318118	Hidden profile
invalid-hostname	9318121	Hidden profile
invalid-hostname	9318137	Hidden profile
invalid-hostname	9318174	Hidden profile
invalid-hostname	9318180	Hidden profile
invalid-hostname	9318225	Hidden profile
invalid-hostname	9318260	Hidden profile
invalid-hostname	9318346	Hidden profile
invalid-hostname	9318360	Hidden profile
invalid-hostname	9318380	Hidden profile
invalid-hostname	9318384	Hidden profile
invalid-hostname	9318404	Hidden profile
invalid-hostname	9318424	Hidden profile
invalid-hostname	9318428	Hidden profile
invalid-hostname	9318498	Hidden profile
invalid-hostname	9318504	Hidden profile
invalid-hostname	9318563	Hidden profile
invalid-hostname	9318584	Hidden profile
invalid-hostname	9318589	Hidden profile
invalid-hostname	9318607	Hidden profile
invalid-hostname	9318608	Hidden profile
invalid-hostname	9318654	Hidden profile
invalid-hostname	9318659	Hidden profile
invalid-hostname	9318666	Hidden profile
invalid-hostname	9318679	Hidden profile
invalid-hostname	9318683	Hidden profile
invalid-hostname	9318727	Hidden profile
invalid-hostname	9318752	Hidden profile
invalid-hostname	9318762	Hidden profile
invalid-hostname	9318773	Hidden profile
invalid-hostname	9318787	Hidden profile
invalid-hostname	9318800	Hidden profile
invalid-hostname	9318896	Hidden profile
invalid-hostname	9318915	Hidden profile
invalid-hostname	9318917	Hidden profile
invalid-hostname	9318972	Hidden profile
invalid-hostname	9318980	Hidden profile
invalid-hostname	9319035	Hidden profile
invalid-hostname	9319132	Hidden profile
invalid-hostname	9319145	Hidden profile
invalid-hostname	9319181	Hidden profile
invalid-hostname	9319192	Hidden profile
invalid-hostname	9319204	Hidden profile
invalid-hostname	9319224	Hidden profile
invalid-hostname	9319290	Hidden profile
invalid-hostname	9319297	Hidden profile
invalid-hostname	9319328	Hidden profile
invalid-hostname	9319434	Hidden profile
invalid-hostname	9319437	Hidden profile
invalid-hostname	9319468	Hidden profile
invalid-hostname	9319494	Hidden profile
invalid-hostname	9319526	Hidden profile
invalid-hostname	9319644	Hidden profile
invalid-hostname	9319659	Hidden profile
invalid-hostname	9319698	Hidden profile
invalid-hostname	9319720	Hidden profile
invalid-hostname	9319746	Hidden profile
invalid-hostname	9319830	Hidden profile
invalid-hostname	9319863	Hidden profile
invalid-hostname	9319872	Hidden profile
invalid-hostname	9319877	Hidden profile
invalid-hostname	9319894	Hidden profile
invalid-hostname	9319903	Hidden profile
invalid-hostname	9319907	Hidden profile
invalid-hostname	9319936	Hidden profile
invalid-hostname	9319955	Hidden profile
invalid-hostname	9319959	Hidden profile
invalid-hostname	9319963	Hidden profile
invalid-hostname	9319970	Hidden profile
invalid-hostname	9319993	Hidden profile
invalid-hostname	9320026	Hidden profile
invalid-hostname	9320037	Hidden profile
invalid-hostname	9320038	Hidden profile
invalid-hostname	9320043	Hidden profile
invalid-hostname	9320050	Hidden profile
invalid-hostname	9320063	Hidden profile
invalid-hostname	9320092	Hidden profile
invalid-hostname	9320096	Hidden profile
invalid-hostname	9320104	Hidden profile
invalid-hostname	9320107	Hidden profile
invalid-hostname	9320135	Hidden profile
invalid-hostname	9320179	Hidden profile
invalid-hostname	9320184	Hidden profile
invalid-hostname	9320195	Hidden profile
invalid-hostname	9320263	Hidden profile
invalid-hostname	9320282	Hidden profile
invalid-hostname	9320286	Hidden profile
invalid-hostname	9320320	Hidden profile
invalid-hostname	9320348	Hidden profile
invalid-hostname	9320384	Hidden profile
invalid-hostname	9320392	Hidden profile
invalid-hostname	9320412	Hidden profile
invalid-hostname	9320457	Hidden profile
invalid-hostname	9320480	Hidden profile
invalid-hostname	9320490	Hidden profile
invalid-hostname	9320498	Hidden profile
invalid-hostname	9320505	Hidden profile
invalid-hostname	9320533	Hidden profile
invalid-hostname	9320548	Hidden profile
invalid-hostname	9320552	Hidden profile
invalid-hostname	9320553	Hidden profile
invalid-hostname	9320594	Hidden profile
invalid-hostname	9320609	Hidden profile
invalid-hostname	9320617	Hidden profile
invalid-hostname	9320633	Hidden profile
invalid-hostname	9320640	Hidden profile
invalid-hostname	9320652	Hidden profile
invalid-hostname	9320657	Hidden profile
invalid-hostname	9320724	Hidden profile
invalid-hostname	9320730	Hidden profile
invalid-hostname	9320739	Hidden profile
invalid-hostname	9320743	Hidden profile
invalid-hostname	9320768	Hidden profile
invalid-hostname	9320892	Hidden profile
invalid-hostname	9320893	Hidden profile
invalid-hostname	9320904	Hidden profile
invalid-hostname	9320971	Hidden profile
invalid-hostname	9320989	Hidden profile
invalid-hostname	9320999	Hidden profile
invalid-hostname	9321018	Hidden profile
invalid-hostname	9321026	Hidden profile
invalid-hostname	9321057	Hidden profile
invalid-hostname	9321137	Hidden profile
invalid-hostname	9321185	Hidden profile
invalid-hostname	9321193	Hidden profile
invalid-hostname	9321216	Hidden profile
invalid-hostname	9321262	Hidden profile
invalid-hostname	9321272	Hidden profile
invalid-hostname	9321307	Hidden profile
invalid-hostname	9321310	Hidden profile
invalid-hostname	9321397	Hidden profile
invalid-hostname	9321458	Hidden profile
invalid-hostname	9321526	Hidden profile
invalid-hostname	9321534	Hidden profile
invalid-hostname	9321543	Hidden profile
invalid-hostname	9321562	Hidden profile
invalid-hostname	9321622	Hidden profile
invalid-hostname	9321641	Hidden profile
invalid-hostname	9321666	Hidden profile
invalid-hostname	9321685	Hidden profile
invalid-hostname	9321700	Hidden profile
invalid-hostname	9321731	Hidden profile
invalid-hostname	9321743	Hidden profile
invalid-hostname	9321749	Hidden profile
invalid-hostname	9321757	Hidden profile
invalid-hostname	9321806	Hidden profile
invalid-hostname	9321881	Hidden profile
invalid-hostname	9321899	Hidden profile
invalid-hostname	9321949	Hidden profile
invalid-hostname	9321971	Hidden profile
invalid-hostname	9321992	Hidden profile
invalid-hostname	9322004	Hidden profile
invalid-hostname	9322030	Hidden profile
invalid-hostname	9322063	Hidden profile
invalid-hostname	9322066	Hidden profile
invalid-hostname	9322073	Hidden profile
invalid-hostname	9322089	Hidden profile
invalid-hostname	9322093	Hidden profile
invalid-hostname	9322102	Hidden profile
invalid-hostname	9322133	Hidden profile
invalid-hostname	9322144	Hidden profile
invalid-hostname	9322151	Hidden profile
invalid-hostname	9322186	Hidden profile
invalid-hostname	9322233	Hidden profile
invalid-hostname	9322358	Hidden profile
invalid-hostname	9322374	Hidden profile
invalid-hostname	9322409	Hidden profile
invalid-hostname	9322416	Hidden profile
invalid-hostname	9322451	Hidden profile
invalid-hostname	9322467	Hidden profile
invalid-hostname	9322498	Hidden profile
invalid-hostname	9322514	Hidden profile
invalid-hostname	9322527	Hidden profile
invalid-hostname	9322550	Hidden profile
invalid-hostname	9322551	Hidden profile
invalid-hostname	9322558	Hidden profile
invalid-hostname	9322562	Hidden profile
invalid-hostname	9322620	Hidden profile
invalid-hostname	9322634	Hidden profile
invalid-hostname	9322683	Hidden profile
invalid-hostname	9322686	Hidden profile
invalid-hostname	9322695	Hidden profile
invalid-hostname	9322728	Hidden profile
invalid-hostname	9322744	Hidden profile
invalid-hostname	9322762	Hidden profile
invalid-hostname	9322765	Hidden profile
invalid-hostname	9322766	Hidden profile
invalid-hostname	9322831	Hidden profile
invalid-hostname	9322860	Hidden profile
invalid-hostname	9322885	Hidden profile
invalid-hostname	9322891	Hidden profile
invalid-hostname	9322892	Hidden profile
invalid-hostname	9322947	Hidden profile
invalid-hostname	9322955	Hidden profile
invalid-hostname	9322996	Hidden profile
invalid-hostname	9323000	Hidden profile
invalid-hostname	9323014	Hidden profile
invalid-hostname	9323028	Hidden profile
invalid-hostname	9323058	Hidden profile
invalid-hostname	9323065	Hidden profile
invalid-hostname	9323074	Hidden profile
invalid-hostname	9323080	Hidden profile
invalid-hostname	9323115	Hidden profile
invalid-hostname	9323134	Hidden profile
invalid-hostname	9323183	Hidden profile
invalid-hostname	9323190	Hidden profile
invalid-hostname	9323216	Hidden profile
invalid-hostname	9323231	Hidden profile
invalid-hostname	9323232	Hidden profile
invalid-hostname	9323242	Hidden profile
invalid-hostname	9323281	Hidden profile
invalid-hostname	9323322	Hidden profile
invalid-hostname	9323327	Hidden profile
invalid-hostname	9323337	Hidden profile
invalid-hostname	9323395	Hidden profile
invalid-hostname	9323480	Hidden profile
invalid-hostname	9323491	Hidden profile
invalid-hostname	9323535	Hidden profile
invalid-hostname	9323565	Hidden profile
invalid-hostname	9323569	Hidden profile
invalid-hostname	9323641	Hidden profile
invalid-hostname	9323687	Hidden profile
invalid-hostname	9323717	Hidden profile
invalid-hostname	9323767	Hidden profile
invalid-hostname	9323782	Hidden profile
invalid-hostname	9323791	Hidden profile
invalid-hostname	9323840	Hidden profile
invalid-hostname	9323842	Hidden profile
invalid-hostname	9323853	Hidden profile
invalid-hostname	9323865	Hidden profile
invalid-hostname	9323872	Hidden profile
invalid-hostname	9323881	Hidden profile
invalid-hostname	9323890	Hidden profile
invalid-hostname	9323913	Hidden profile
invalid-hostname	9323946	Hidden profile
invalid-hostname	9323977	Hidden profile
invalid-hostname	9324023	Hidden profile
invalid-hostname	9324118	Hidden profile
invalid-hostname	9324121	Hidden profile
invalid-hostname	9324148	Hidden profile
invalid-hostname	9324160	Hidden profile
invalid-hostname	9324183	Hidden profile
invalid-hostname	9324208	Hidden profile
invalid-hostname	9324220	Hidden profile
invalid-hostname	9324258	Hidden profile
invalid-hostname	9324264	Hidden profile
invalid-hostname	9324298	Hidden profile
invalid-hostname	9324303	Hidden profile
invalid-hostname	9324370	Hidden profile
invalid-hostname	9324385	Hidden profile
invalid-hostname	9324386	Hidden profile
invalid-hostname	9324388	Hidden profile
invalid-hostname	9324448	Hidden profile
invalid-hostname	9324515	Hidden profile
invalid-hostname	9324535	Hidden profile
invalid-hostname	9324609	Hidden profile
invalid-hostname	9324618	Hidden profile
invalid-hostname	9324628	Hidden profile
invalid-hostname	9324657	Hidden profile
invalid-hostname	9324665	Hidden profile
invalid-hostname	9324729	Hidden profile
invalid-hostname	9324783	Hidden profile
invalid-hostname	9324801	Hidden profile
invalid-hostname	9324826	Hidden profile
invalid-hostname	9324853	Hidden profile
invalid-hostname	9324854	Hidden profile
invalid-hostname	9324890	Hidden profile
invalid-hostname	9324910	Hidden profile
invalid-hostname	9324974	Hidden profile
invalid-hostname	9325006	Hidden profile
invalid-hostname	9325008	Hidden profile
invalid-hostname	9325039	Hidden profile
invalid-hostname	9325073	Hidden profile
invalid-hostname	9325089	Hidden profile
invalid-hostname	9325110	Hidden profile
invalid-hostname	9325111	Hidden profile
invalid-hostname	9325149	Hidden profile
invalid-hostname	9325226	Hidden profile
invalid-hostname	9325243	Hidden profile
invalid-hostname	9325331	Hidden profile
invalid-hostname	9325353	Hidden profile
invalid-hostname	9325456	Hidden profile
invalid-hostname	9325472	Hidden profile
invalid-hostname	9325513	Hidden profile
invalid-hostname	9325525	Hidden profile
invalid-hostname	9325533	Hidden profile
invalid-hostname	9325556	Hidden profile
invalid-hostname	9325584	Hidden profile
invalid-hostname	9325609	Hidden profile
invalid-hostname	9325622	Hidden profile
invalid-hostname	9325665	Hidden profile
invalid-hostname	9325684	Hidden profile
invalid-hostname	9325713	Hidden profile
invalid-hostname	9325735	Hidden profile
invalid-hostname	9325743	Hidden profile
invalid-hostname	9325750	Hidden profile
invalid-hostname	9325847	Hidden profile
invalid-hostname	9325903	Hidden profile
invalid-hostname	9325909	Hidden profile
invalid-hostname	9325923	Hidden profile
invalid-hostname	9325948	Hidden profile
invalid-hostname	9325955	Hidden profile
invalid-hostname	9325971	Hidden profile
invalid-hostname	9325979	Hidden profile
invalid-hostname	9325981	Hidden profile
invalid-hostname	9325984	Hidden profile
invalid-hostname	9326003	Hidden profile
invalid-hostname	9326059	Hidden profile
invalid-hostname	9326070	Hidden profile
invalid-hostname	9326076	Hidden profile
invalid-hostname	9326173	Hidden profile
invalid-hostname	9326178	Hidden profile
invalid-hostname	9326224	Hidden profile
invalid-hostname	9326311	Hidden profile
invalid-hostname	9326400	Hidden profile
invalid-hostname	9326414	Hidden profile
invalid-hostname	9326444	Hidden profile
invalid-hostname	9326480	Hidden profile
invalid-hostname	9326481	Hidden profile
invalid-hostname	9326496	Hidden profile
invalid-hostname	9326519	Hidden profile
invalid-hostname	9326524	Hidden profile
invalid-hostname	9326585	Hidden profile
invalid-hostname	9326637	Hidden profile
invalid-hostname	9326665	Hidden profile
invalid-hostname	9326709	Hidden profile
invalid-hostname	9326741	Hidden profile
invalid-hostname	9326776	Hidden profile
invalid-hostname	9326794	Hidden profile
invalid-hostname	9326804	Hidden profile
invalid-hostname	9326853	Hidden profile
invalid-hostname	9326864	Hidden profile
invalid-hostname	9326872	Hidden profile
invalid-hostname	9326888	Hidden profile
invalid-hostname	9326908	Hidden profile
invalid-hostname	9326964	Hidden profile
invalid-hostname	9327093	Hidden profile
invalid-hostname	9327137	Hidden profile
invalid-hostname	9327145	Hidden profile
invalid-hostname	9327151	Hidden profile
invalid-hostname	9327231	Hidden profile
invalid-hostname	9327240	Hidden profile
invalid-hostname	9327243	Hidden profile
invalid-hostname	9327281	Hidden profile
invalid-hostname	9327319	Hidden profile
invalid-hostname	9327390	Hidden profile
invalid-hostname	9327522	Hidden profile
invalid-hostname	9327544	Hidden profile
invalid-hostname	9327648	Hidden profile
invalid-hostname	9327711	Hidden profile
invalid-hostname	9327754	Hidden profile
invalid-hostname	9327842	Hidden profile
invalid-hostname	9327866	Hidden profile
invalid-hostname	9327876	Hidden profile
invalid-hostname	9327889	Hidden profile
invalid-hostname	9327913	Hidden profile
invalid-hostname	9327930	Hidden profile
invalid-hostname	9327962	Hidden profile
invalid-hostname	9327981	Hidden profile
invalid-hostname	9327984	Hidden profile
invalid-hostname	9327994	Hidden profile
invalid-hostname	9328014	Hidden profile
invalid-hostname	9328050	Hidden profile
invalid-hostname	9328081	Hidden profile
invalid-hostname	9328085	Hidden profile
invalid-hostname	9328149	Hidden profile
invalid-hostname	9328163	Hidden profile
invalid-hostname	9328196	Hidden profile
invalid-hostname	9328204	Hidden profile
invalid-hostname	9328213	Hidden profile
invalid-hostname	9328232	Hidden profile
invalid-hostname	9328283	Hidden profile
invalid-hostname	9328361	Hidden profile
invalid-hostname	9328399	Hidden profile
invalid-hostname	9328412	Hidden profile
invalid-hostname	9328423	Hidden profile
invalid-hostname	9328432	Hidden profile
invalid-hostname	9328448	Hidden profile
invalid-hostname	9328452	Hidden profile
invalid-hostname	9328465	Hidden profile
invalid-hostname	9328541	Hidden profile
invalid-hostname	9328571	Hidden profile
invalid-hostname	9328573	Hidden profile
invalid-hostname	9328587	Hidden profile
invalid-hostname	9328698	Hidden profile
invalid-hostname	9328711	Hidden profile
invalid-hostname	9328816	Hidden profile
invalid-hostname	9328890	Hidden profile
invalid-hostname	9328898	Hidden profile
invalid-hostname	9328903	Hidden profile
invalid-hostname	9328905	Hidden profile
invalid-hostname	9328910	Hidden profile
invalid-hostname	9328916	Hidden profile
invalid-hostname	9328921	Hidden profile
invalid-hostname	9328943	Hidden profile
invalid-hostname	9328949	Hidden profile
invalid-hostname	9328970	Hidden profile
invalid-hostname	9328973	Hidden profile
invalid-hostname	9329086	Hidden profile
invalid-hostname	9329132	Hidden profile
invalid-hostname	9329155	Hidden profile
invalid-hostname	9329157	Hidden profile
invalid-hostname	9329162	Hidden profile
invalid-hostname	9329237	Hidden profile
invalid-hostname	9329238	Hidden profile
invalid-hostname	9329324	Hidden profile
invalid-hostname	9329339	Hidden profile
invalid-hostname	9329348	Hidden profile
invalid-hostname	9329357	Hidden profile
invalid-hostname	9329405	Hidden profile
invalid-hostname	9329410	Hidden profile
invalid-hostname	9329427	Hidden profile
invalid-hostname	9329434	Hidden profile
invalid-hostname	9329438	Hidden profile
invalid-hostname	9329454	Hidden profile
invalid-hostname	9329498	Hidden profile
invalid-hostname	9329544	Hidden profile
invalid-hostname	9329608	Hidden profile
invalid-hostname	9329671	Hidden profile
invalid-hostname	9329673	Hidden profile
invalid-hostname	9329727	Hidden profile
invalid-hostname	9329791	Hidden profile
invalid-hostname	9329909	Hidden profile
invalid-hostname	9329970	Hidden profile
invalid-hostname	9329982	Hidden profile
invalid-hostname	9329996	Hidden profile
invalid-hostname	9330011	Hidden profile
invalid-hostname	9330044	Hidden profile
invalid-hostname	9330065	Hidden profile
invalid-hostname	9330089	Hidden profile
invalid-hostname	9330132	Hidden profile
invalid-hostname	9330225	Hidden profile
invalid-hostname	9330227	Hidden profile
invalid-hostname	9330250	Hidden profile
invalid-hostname	9330454	Hidden profile
invalid-hostname	9330456	Hidden profile
invalid-hostname	9330488	Hidden profile
invalid-hostname	9330498	Hidden profile
invalid-hostname	9330679	Hidden profile
invalid-hostname	9330707	Hidden profile
invalid-hostname	9330716	Hidden profile
invalid-hostname	9330770	Hidden profile
invalid-hostname	9330899	Hidden profile
invalid-hostname	9331064	Hidden profile
invalid-hostname	9331351	Hidden profile
invalid-hostname	9331480	Hidden profile
invalid-hostname	9331521	Hidden profile
invalid-hostname	9331704	Hidden profile
invalid-hostname	9331869	Hidden profile
invalid-hostname	9331891	Hidden profile
invalid-hostname	9331939	Hidden profile
invalid-hostname	9332336	Hidden profile
invalid-hostname	9332402	Hidden profile
invalid-hostname	9332445	Hidden profile
invalid-hostname	9332563	Hidden profile
invalid-hostname	9369444	www.com
invalid-hostname	9373050	www.youtube
invalid-hostname	9388224	www.la
invalid-hostname	9417765	www.uz
invalid-hostname	9447264	www.google
invalid-hostname	9448520	www.gt
invalid-hostname	9524384	www.org
invalid-hostname	9544541	www.tv
invalid-hostname	9579641	www.ee
invalid-hostname	9603601	www.sg
invalid-hostname	9611400	www.gov
invalid-hostname	9614306	www.fr
invalid-hostname	9639134	www.hr
invalid-hostname	9651210	www.coop
invalid-hostname	9664936	www.amazon
invalid-hostname	9684076	www.de
invalid-hostname	9706925	www.xxx
invalid-hostname	9734782	www.uol
invalid-hostname	9737541	www.in
invalid-hostname	9761703	www.gr
invalid-hostname	9773435	www.ru
invalid-hostname	9838487	www.by
invalid-hostname	9893489	www.you
invalid-hostname	9929757	www.website
invalid-hostname	9965673	www.ck
invalid-hostname	9965963	www.va
invalid-hostname	9971225	www.kw
invalid-hostname	9980411	www.my
invalid-hostname	10021863	www.se
invalid-hostname	10064909	www.microsoft
invalid-hostname	10151763	www.int
invalid-hostname	10165804	www.tt
invalid-hostname	10167195	www.jp
invalid-hostname	10287841	www.net
invalid-hostname	10293010	www.fi
invalid-hostname	10304412	www.pa
invalid-hostname	10380999	www.li
invalid-hostname	10389525	www.pl
invalid-hostname	10400209	www.ch
invalid-hostname	10406262	www.site
invalid-hostname	10418238	www.me
invalid-hostname	10439244	www.bbc
invalid-hostname	10449119	www.edu
invalid-hostname	10485467	www.co
invalid-hostname	10500574	www.es
invalid-hostname	10507645	www.to
invalid-hostname	10528391	www.ca
invalid-hostname	10535912	www.info
invalid-hostname	10637985	www.app
invalid-hostname	10753426	www.yahoo
invalid-hostname	10758448	www.re
invalid-hostname	10816729	www.bzh
invalid-hostname	10824761	www.flickr
invalid-hostname	10829110	www.ibm
invalid-hostname	10834286	www.fm
invalid-hostname	10863713	www.ar
invalid-hostname	10905119	www.country
invalid-hostname	10905520	www.cz
invalid-hostname	10913661	www.xyz
invalid-hostname	10954600	www.am
invalid-hostname	10960086	www.world
invalid-hostname	11004400	www.be
invalid-hostname	11060500	www.il
invalid-hostname	11090622	www.it
invalid-hostname	11148401	www.nl
invalid-hostname	11331584	www.ba
invalid-hostname	11405295	www.link
invalid-hostname	11416837	www.open
invalid-hostname	11424418	www.science
invalid-hostname	11430819	www.mo
invalid-hostname	11431680	www.ac
invalid-hostname	11434568	www.business
invalid-hostname	11435355	www.az
invalid-hostname	11489174	www.host
invalid-hostname	11490683	www.dj
invalid-hostname	11497077	www.abc
invalid-hostname	11525203	www.ma
invalid-hostname	11534899	www.here
invalid-hostname	11553948	www.cd
invalid-hostname	11555310	www.online
invalid-hostname	11572924	www.sa
invalid-hostname	11601314	www.pwc
invalid-hostname	11616444	www.xn--80aswg
invalid-hostname	11621778	www.name
invalid-hostname	11622762	www.na
invalid-hostname	11626695	www.al
invalid-hostname	11650171	www.imdb
invalid-hostname	11656815	www.au
invalid-hostname	11690181	www.new
invalid-hostname	11703896	www.eu
invalid-hostname	11733082	www.goog
invalid-hostname	11785372	www.news
invalid-hostname	11811151	www.sc
invalid-hostname	11846833	www.blog
invalid-hostname	11857891	www.cern
invalid-hostname	11912379	www.ai
invalid-hostname	11920659	www.kz
invalid-hostname	11994024	www.no
invalid-hostname	12011360	www.plus
invalid-hostname	12022522	www.garden
invalid-hostname	12033459	www.apple
invalid-hostname	12073397	www.mckinsey
invalid-hostname	12106712	www.as
invalid-hostname	12123589	www.cc
invalid-hostname	12137265	www.free
invalid-hostname	12147092	www.tc
invalid-hostname	12163004	www.io
invalid-hostname	12170149	www.st
invalid-hostname	12235956	www.law
invalid-hostname	12248345	www.us
invalid-hostname	12260564	www.br
invalid-hostname	12279178	www.th
invalid-hostname	12297427	www.city
invalid-hostname	12299461	www.tr
invalid-hostname	12323193	www.health
invalid-hostname	12397628	www.dev
invalid-hostname	12498816	www.pr
invalid-hostname	12511063	www.kiwi
invalid-hostname	12512650	www.fast
invalid-hostname	12513975	www.tk
invalid-hostname	12582359	www.kr
invalid-hostname	12590748	www.sh
invalid-hostname	12599350	www.af
invalid-hostname	12639009	www.at
invalid-hostname	12656372	www.ag
invalid-hostname	12686345	www.goo
invalid-hostname	12686713	www.energy
invalid-hostname	12694780	www.bloomberg
invalid-hostname	12696087	www.education
invalid-hostname	12697276	www.global
invalid-hostname	12741145	www.data
invalid-hostname	12765810	www.international
invalid-hostname	12884378	www.nf
invalid-hostname	12885709	www.baidu
invalid-hostname	12919427	www.sv
invalid-hostname	12944579	www.ro
invalid-hostname	13044124	www.do
invalid-hostname	13090820	www.ph
invalid-hostname	13125556	www.cn
invalid-hostname	13128735	www.space
invalid-hostname	13142307	www.im
invalid-hostname	13164298	www.cr
invalid-hostname	13252462	www.gmail
invalid-hostname	13294573	www.green
invalid-hostname	13411432	www.so
invalid-hostname	13462467	www.ki
invalid-hostname	13463192	www.bi
invalid-hostname	13486740	www.porn
invalid-hostname	13557401	www.id
invalid-hostname	13586927	www.radio
invalid-hostname	13614497	www.community
invalid-hostname	13621383	www.tech
invalid-hostname	13622119	www.pro
invalid-hostname	13661726	www.dk
invalid-hostname	13730460	www.digital
invalid-hostname	13843302	www.man
invalid-hostname	13871051	www.ni
invalid-hostname	13907167	www.med
invalid-hostname	13919975	www.fo
invalid-hostname	14198248	www.report
invalid-hostname	14401123	www.lease
invalid-hostname	14417460	www.cam
invalid-hostname	14429494	www.lu
invalid-hostname	14433043	www.bo
invalid-hostname	14441020	www.museum
invalid-hostname	14444085	www.lv
invalid-hostname	14472389	www.accenture
invalid-hostname	14546869	www.asia
invalid-hostname	14574594	www.is
invalid-hostname	14627299	www.gl
invalid-hostname	14645991	www.forum
invalid-hostname	14709654	www.cu
invalid-hostname	14792827	www.life
invalid-hostname	14843197	www.oracle
invalid-hostname	14858511	www.travel
invalid-hostname	14920857	www.ad
invalid-hostname	14998071	www.family
invalid-hostname	15005717	www.gn
invalid-hostname	15014185	www.salon
invalid-hostname	15069035	www.help
invalid-hostname	15092040	www.lk
invalid-hostname	15094113	www.zip
invalid-hostname	15106109	www.hotmail
invalid-hostname	15106984	www.smart
invalid-hostname	15163959	www.weather
invalid-hostname	15213975	www.ups
invalid-hostname	15254445	www.kg
invalid-hostname	15386298	www.ly
invalid-hostname	15406622	www.live
invalid-hostname	15478398	www.samsung
invalid-hostname	15489145	www.sport
invalid-hostname	15545964	www.company
invalid-hostname	15548589	www.financial
invalid-hostname	15630556	www.xn--qxam
invalid-hostname	15717790	www.toyota
invalid-hostname	15718216	www.sk
invalid-hostname	15757906	www.tw
invalid-hostname	15822963	www.ieee
invalid-hostname	15836792	www.vi
invalid-hostname	15925391	www.office
invalid-hostname	15931352	www.cl
invalid-hostname	15992264	www.sb
invalid-hostname	16015956	www.gu
invalid-hostname	16017655	www.red
invalid-hostname	16031776	www.food
invalid-hostname	16035026	www.om
invalid-hostname	16055078	www.aaa
invalid-hostname	16074059	www.movie
invalid-hostname	16084919	www.search
invalid-hostname	16112256	www.cat
invalid-hostname	16116825	www.hu
invalid-hostname	16126336	www.guardian
invalid-hostname	16165881	www.talk
invalid-hostname	16173215	www.virgin
invalid-hostname	16180598	www.fox
invalid-hostname	16193432	www.ve
invalid-hostname	16301987	www.art
invalid-hostname	16325412	www.marriott
invalid-hostname	16402000	www.top
invalid-hostname	16484690	www.how
invalid-hostname	16576983	www.contact
invalid-hostname	16603155	www.nyc
invalid-hostname	16643559	www.aol
invalid-hostname	16727528	www.ge
invalid-hostname	16796104	www.skype
invalid-hostname	16809727	www.je
invalid-hostname	16814328	www.symantec
invalid-hostname	16889021	www.md
invalid-hostname	16920614	www.ir
invalid-hostname	16934408	www.media
invalid-hostname	16949262	www.car
invalid-hostname	16988539	www.shop
invalid-hostname	16996106	www.engineering
invalid-hostname	17008251	www.deloitte
invalid-hostname	17029210	www.bio
invalid-hostname	17057386	www.auto
invalid-hostname	17140716	www.bing
invalid-hostname	17141324	www.ne
invalid-hostname	17162041	www.pe
invalid-hostname	17238856	www.philips
invalid-hostname	17342482	www.studio
invalid-hostname	17365544	www.social
invalid-hostname	17383413	www.er
invalid-hostname	17384523	www.nc
invalid-hostname	17419048	www.netflix
invalid-hostname	17466473	www.cisco
invalid-hostname	17466594	www.sm
invalid-hostname	17495315	www.kp
invalid-hostname	17568678	www.ht
invalid-hostname	17584694	www.land
invalid-hostname	17635985	www.casino
invalid-hostname	17652455	www.spiegel
invalid-hostname	17687681	www.tf
invalid-hostname	17704288	www.ng
invalid-hostname	17705242	www.abb
invalid-hostname	17727468	www.ci
invalid-hostname	17735020	www.design
invalid-hostname	17738249	www.intel
invalid-hostname	17810720	www.tl
invalid-hostname	17829484	www.tel
invalid-hostname	17867040	www.vn
invalid-hostname	17925456	www.gp
invalid-hostname	17954750	www.music
invalid-hostname	17956062	www.si
invalid-hostname	17956491	www.dm
invalid-hostname	17968553	www.ms
invalid-hostname	18075940	www.one
invalid-hostname	18079995	www.ws
invalid-hostname	18106655	www.school
invalid-hostname	18119024	www.ga
invalid-hostname	18205264	www.fly
invalid-hostname	18231448	www.uk
invalid-hostname	18274346	www.hot
invalid-hostname	18373239	www.za
invalid-hostname	18420653	www.hn
invalid-hostname	18502905	www.casa
invalid-hostname	18550273	www.sex
invalid-hostname	18550318	www.mk
invalid-hostname	18596685	www.mm
invalid-hostname	18666125	www.nu
invalid-hostname	18700783	www.biz
invalid-hostname	18798332	www.mv
invalid-hostname	18822662	www.silk
invalid-hostname	18875858	www.sn
invalid-hostname	18922384	www.nico
invalid-hostname	18957477	www.cfa
invalid-hostname	18983633	www.ke
invalid-hostname	18986580	www.canon
invalid-hostname	19038899	www.bestbuy
invalid-hostname	19061555	www.bg
invalid-hostname	19100293	www.tn
invalid-hostname	19102343	www.pt
invalid-hostname	19104778	www.delta
invalid-hostname	19190519	www.safe
invalid-hostname	19224279	www.black
invalid-hostname	19300041	www.onl
invalid-hostname	19314076	www.pm
invalid-hostname	19369746	www.hr
invalid-hostname	19444385	www.uol
invalid-hostname	19570438	www.com
invalid-hostname	19576297	www.org
invalid-hostname	19601420	www.la
invalid-hostname	19607303	www.youtube
invalid-hostname	19647736	www.google
invalid-hostname	19871789	www.sg
invalid-hostname	19874959	www.ck
invalid-hostname	19889088	www.fm
invalid-hostname	19908105	www.in
invalid-hostname	19908783	www.pa
invalid-hostname	19960575	www.amazon
invalid-hostname	19965650	www.va
invalid-hostname	19976382	www.info
invalid-hostname	19985243	www.blog
invalid-hostname	20059948	www.me
invalid-hostname	20064866	www.gov
invalid-hostname	20127120	www.tc
invalid-hostname	20471523	www.music
invalid-hostname	20802936	www.microsoft
invalid-hostname	20803161	www.int
invalid-hostname	20803872	www.net
invalid-hostname	20818477	www.imdb
invalid-hostname	20819795	www.website
invalid-hostname	20859918	www.dk
invalid-hostname	20872099	www.site
invalid-hostname	20881235	www.edu
invalid-hostname	20929171	www.tv
invalid-hostname	20959165	www.dj
invalid-hostname	20965291	www.apple
invalid-hostname	21007819	www.gt
invalid-hostname	21014099	www.xyz
invalid-hostname	21059818	www.ru
invalid-hostname	21070341	www.lv
invalid-hostname	21072750	www.flickr
invalid-hostname	21114821	www.id
invalid-hostname	21179843	www.pid
invalid-hostname	21194258	www.bbc
invalid-hostname	21332672	www.kw
invalid-hostname	21339864	www.business
invalid-hostname	21358487	www.yandex
invalid-hostname	21369997	www.eu
invalid-hostname	21475556	www.de
invalid-hostname	21567216	www.my
invalid-hostname	21595970	www.health
invalid-hostname	21695617	www.link
invalid-hostname	21764196	www.mo
invalid-hostname	21767237	www.law
invalid-hostname	21787116	www.samsung
invalid-hostname	21788528	www.ca
invalid-hostname	21811441	www.us
invalid-hostname	21825665	www.new
invalid-hostname	21965558	www.contact
invalid-hostname	22024467	www.no
invalid-hostname	22032265	www.al
invalid-hostname	22105836	www.gr
invalid-hostname	22107037	www.goog
invalid-hostname	22112683	www.secure
invalid-hostname	22147935	www.sony
invalid-hostname	22173049	www.xxx
invalid-hostname	22216705	www.money
invalid-hostname	22231239	www.media
invalid-hostname	22232582	www.love
invalid-hostname	22241458	www.ua
invalid-hostname	22270036	www.by
invalid-hostname	22273390	www.community
invalid-hostname	22295312	www.boston
invalid-hostname	22322135	www.af
invalid-hostname	22356703	www.watch
invalid-hostname	22365405	www.clubmed
invalid-hostname	22370357	www.foundation
invalid-hostname	22381247	www.mls
invalid-hostname	22382814	www.es
invalid-hostname	22397847	www.goo
invalid-hostname	22534361	www.to
invalid-hostname	22623406	www.swiss
invalid-hostname	22664146	www.bar
invalid-hostname	22673774	www.delivery
invalid-hostname	22674407	www.plus
invalid-hostname	22734804	www.name
invalid-hostname	22736413	www.ve
invalid-hostname	22743265	www.fr
invalid-hostname	22800755	www.click
invalid-hostname	22820789	www.deloitte
invalid-hostname	22870687	www.ch
invalid-hostname	22875880	www.cz
invalid-hostname	22902626	www.na
invalid-hostname	22965116	www.nfl
invalid-hostname	22980340	www.marriott
invalid-hostname	22985862	www.host
invalid-hostname	23003995	www.nowtv
invalid-hostname	23070874	www.teva
invalid-hostname	23230576	www.am
invalid-hostname	23247032	www.vet
invalid-hostname	23298061	www.aaa
invalid-hostname	23363818	www.vi
invalid-hostname	23443790	www.book
invalid-hostname	23501760	www.aramco
invalid-hostname	23510861	www.mu
invalid-hostname	23521658	www.at
invalid-hostname	23525142	www.nf
invalid-hostname	23568545	www.you
invalid-hostname	23584675	www.poker
invalid-hostname	23690438	www.mn
invalid-hostname	23698748	www.world
invalid-hostname	23883703	www.cern
invalid-hostname	23923367	www.st
invalid-hostname	23985843	www.coop
invalid-hostname	23991293	www.kz
invalid-hostname	23997180	www.co
invalid-hostname	24079557	www.re
invalid-hostname	24120735	www.design
invalid-hostname	24146348	www.data
invalid-hostname	24272922	www.tech
invalid-hostname	24279622	www.fo
invalid-hostname	24284046	www.mini
invalid-hostname	24314831	www.lu
invalid-hostname	24409821	www.support
invalid-hostname	24424379	www.mit
invalid-hostname	24427383	www.im
invalid-hostname	24431701	www.aarp
invalid-hostname	24511886	www.pr
invalid-hostname	24614845	www.ibm
invalid-hostname	24871877	www.sk
invalid-hostname	24894109	www.uz
invalid-hostname	24917378	www.cu
invalid-hostname	24939048	www.mom
invalid-hostname	24998396	www.li
invalid-hostname	25082730	www.cy
invalid-hostname	25105892	www.accenture
invalid-hostname	25123564	www.news
invalid-hostname	25192953	www.forum
invalid-hostname	25277568	www.here
invalid-hostname	25418682	www.sc
invalid-hostname	25475175	www.mckinsey
invalid-hostname	25482116	www.ba
invalid-hostname	25531642	www.science
invalid-hostname	25589654	www.az
invalid-hostname	25711283	www.ec
invalid-hostname	25775429	www.salon
invalid-hostname	25804631	www.globo
invalid-hostname	25899771	www.ki
invalid-hostname	25923317	www.nu
invalid-hostname	25954514	www.house
invalid-hostname	26123097	www.ac
invalid-hostname	26171220	www.cbs
invalid-hostname	26183206	www.pin
invalid-hostname	26237410	www.finance
invalid-hostname	26237887	www.pro
invalid-hostname	26242878	www.kiwi
invalid-hostname	26267593	www.scot
invalid-hostname	26278321	www.tr
invalid-hostname	26286417	www.fi
invalid-hostname	26336646	www.ge
invalid-hostname	26375584	www.today
invalid-hostname	26391751	www.philips
invalid-hostname	26400451	www.cfa
invalid-hostname	26417006	www.city
invalid-hostname	26424861	www.digital
invalid-hostname	26433296	www.se
invalid-hostname	26497739	www.jp
invalid-hostname	26527449	www.ee
invalid-hostname	26635678	www.ag
invalid-hostname	26658723	www.win
invalid-hostname	26687572	www.bo
invalid-hostname	26719256	www.mr
invalid-hostname	26728168	www.sap
invalid-hostname	26970231	www.catholic
invalid-hostname	27036013	www.mobile
invalid-hostname	27036461	www.army
invalid-hostname	27038229	www.sa
invalid-hostname	27039229	www.intel
invalid-hostname	27064902	www.tf
invalid-hostname	27065030	www.tl
invalid-hostname	27146237	www.sh
invalid-hostname	27285064	www.bible
invalid-hostname	27349003	www.bio
invalid-hostname	27363102	www.ie
invalid-hostname	27374857	www.online
invalid-hostname	27411168	www.memorial
invalid-hostname	27446975	www.nr
invalid-hostname	27455117	www.ist
invalid-hostname	27458391	www.engineering
invalid-hostname	27464793	www.abc
invalid-hostname	27492741	www.ma
invalid-hostname	27501118	www.tel
invalid-hostname	27502212	www.museum
invalid-hostname	27569697	www.international
invalid-hostname	27605093	www.hot
invalid-hostname	27662380	www.cars
invalid-hostname	27691726	www.ne
invalid-hostname	27696398	www.il
invalid-hostname	27747777	www.ws
invalid-hostname	27761942	www.art
invalid-hostname	27779226	www.bms
invalid-hostname	27836082	www.movie
invalid-hostname	27929048	www.it
invalid-hostname	27930747	www.ice
invalid-hostname	27932784	www.sbi
invalid-hostname	28007518	www.wine
invalid-hostname	28058723	www.tw
invalid-hostname	28069237	www.qa
invalid-hostname	28100315	www.tk
invalid-hostname	28103072	www.th
invalid-hostname	28208373	www.london
invalid-hostname	28249158	www.med
invalid-hostname	28323819	www.glass
invalid-hostname	28391481	www.delta
invalid-hostname	28448173	www.is
invalid-hostname	28452215	www.club
invalid-hostname	28509104	www.cat
invalid-hostname	28519409	www.juniper
invalid-hostname	28524638	www.gmail
invalid-hostname	28525191	www.cisco
invalid-hostname	28534384	www.sd
invalid-hostname	28667462	www.yahoo
invalid-hostname	28747077	www.best
invalid-hostname	28877798	www.pfizer
invalid-hostname	28959464	www.vote
invalid-hostname	29006100	www.cd
invalid-hostname	29070656	www.zip
invalid-hostname	29135332	www.radio
invalid-hostname	29172992	www.pt
invalid-hostname	29205012	www.jo
invalid-hostname	29333292	m&tbank.com
invalid-hostname	29342396	www.com
invalid-hostname	29367932	www.website
invalid-hostname	29373316	www.xyz
invalid-hostname	29373921	www.youtube
invalid-hostname	29374553	www.google
invalid-hostname	29424069	www.lv
invalid-hostname	29496285	www.org
invalid-hostname	29506937	www.edu
invalid-hostname	29623473	www.baidu
invalid-hostname	29637680	www.cisco
invalid-hostname	29649971	www.id
invalid-hostname	29770122	www.pid
invalid-hostname	29798460	www.xxx
invalid-hostname	29798461	www.site
invalid-hostname	29805092	www.in
invalid-hostname	29811752	www.il
invalid-hostname	29811754	www.de
invalid-hostname	29854812	www.microsoft
invalid-hostname	29862645	www.la
invalid-hostname	29880074	www.net
invalid-hostname	29926120	www.world
invalid-hostname	29926125	www.abc
invalid-hostname	29976351	www.hr
invalid-hostname	29976352	www.blog
invalid-hostname	29986416	www.ee
invalid-hostname	29997262	www.va
invalid-hostname	29997263	www.gt
invalid-hostname	30020943	www.sg
invalid-hostname	30020944	www.by
invalid-hostname	30070485	www.uol
invalid-hostname	30082429	www.ck
invalid-hostname	30107941	www.me
invalid-hostname	30107942	www.es
invalid-hostname	30107943	www.amazon
invalid-hostname	30120507	www.tv
invalid-hostname	30133542	www.fm
invalid-hostname	30175210	www.gr
invalid-hostname	30189616	www.bbc
invalid-hostname	30204214	www.flickr
invalid-hostname	30250040	www.pa
invalid-hostname	30283181	www.fi
invalid-hostname	30299725	www.it
invalid-hostname	30299726	www.az
invalid-hostname	30316719	www.army
invalid-hostname	30373736	www.dj
invalid-hostname	30524740	www.al
invalid-hostname	30550303	www.af
invalid-hostname	30594907	www.best
invalid-hostname	30639808	www.new
invalid-hostname	30639809	www.int
invalid-hostname	30662580	www.news
invalid-hostname	30662582	www.bo
invalid-hostname	30662583	www.bloomberg
invalid-hostname	30686178	www.fr
invalid-hostname	30686180	www.au
invalid-hostname	30710197	www.jp
invalid-hostname	30710198	www.coop
invalid-hostname	30710199	www.cd
invalid-hostname	30734904	www.kz
invalid-hostname	30786185	www.tt
invalid-hostname	30786186	www.law
invalid-hostname	30786187	www.co
invalid-hostname	30786188	www.city
invalid-hostname	30811516	www.uz
invalid-hostname	30888654	www.kw
invalid-hostname	30966701	www.online
invalid-hostname	30966704	www.live
invalid-hostname	30966710	www.eu
invalid-hostname	31003912	www.imdb
invalid-hostname	31042672	www.zippo
invalid-hostname	31042673	www.weather
invalid-hostname	31042682	www.cfa
invalid-hostname	31077262	www.tk
invalid-hostname	31111287	www.salon
invalid-hostname	31111291	www.london
invalid-hostname	31111295	www.cl
invalid-hostname	31145646	www.gu
invalid-hostname	31180535	www.uk
invalid-hostname	31253495	www.gn
invalid-hostname	31293360	www.pr
invalid-hostname	31293365	www.catholic
invalid-hostname	31293366	www.boston
invalid-hostname	31334668	www.sony
invalid-hostname	31334670	www.money
invalid-hostname	31334671	www.lu
invalid-hostname	31334676	www.community
invalid-hostname	31374165	www.virgin
invalid-hostname	31456118	www.is
invalid-hostname	31536188	www.space
invalid-hostname	31617546	www.mv
invalid-hostname	31617548	www.hn
invalid-hostname	31662741	www.museum
invalid-hostname	31662742	www.ms
invalid-hostname	31662752	www.cu
invalid-hostname	31707618	www.ua
invalid-hostname	31754347	www.vc
invalid-hostname	31843508	www.guide
invalid-hostname	31888947	www.zone
invalid-hostname	31888948	www.sbs
invalid-hostname	31888949	www.report
invalid-hostname	31888952	www.coffee
invalid-hostname	31888954	www.box
invalid-hostname	31936031	www.date
invalid-hostname	31979466	www.nfl
invalid-hostname	31979470	www.eg
invalid-hostname	32131264	www.futbol
invalid-hostname	32267416	www.you
invalid-hostname	32267422	www.gov
invalid-hostname	32267425	www.blue
invalid-hostname	32320578	www.sh
invalid-hostname	32371723	ankaraboyac?.com
invalid-hostname	32428030	www.swatch
invalid-hostname	32483124	www.my
invalid-hostname	32483129	www.data
invalid-hostname	32540763	www.target
invalid-hostname	32540766	www.ch
invalid-hostname	32600168	www.ma
invalid-hostname	32663125	www.sa
invalid-hostname	32663126	www.info
invalid-hostname	32663129	www.as
invalid-hostname	32751061	k?rklareli.gov.tr
invalid-hostname	32810194	k?r?kkale.gov.tr
invalid-hostname	32825248	diyarbak?r.gov.tr
invalid-hostname	32834470	bart?n.gov.tr
invalid-hostname	32834906	ayd?n.gov.tr
invalid-hostname	32841170	www.ru
invalid-hostname	32841173	www.no
invalid-hostname	32841174	www.mo
invalid-hostname	32841177	www.free
invalid-hostname	32901903	agr?.gov.tr
invalid-hostname	32969175	www.to
invalid-hostname	32969196	www.business
invalid-hostname	33035090	www.ac
invalid-hostname	33068798	k?rklees.gov.uk
invalid-hostname	33074278	ideayay?nevi.com
invalid-hostname	33105028	www.media
invalid-hostname	33186969	www.us
invalid-hostname	33186971	www.tc
invalid-hostname	33201556	sar?kaya.gov.tr
invalid-hostname	33201753	sand?kl?.bel.tr
invalid-hostname	33209085	osmanl?ca.com
invalid-hostname	33211464	?nforms.org
invalid-hostname	33212023	?ndependent.co.uk
invalid-hostname	33224147	invest?nmanchester.com
invalid-hostname	33230055	gorilla?ndex.co.uk
invalid-hostname	33269949	adapazar?merkez.bel.tr
invalid-hostname	33337711	e-kitapc?m.com
invalid-hostname	33359572	www.ci
invalid-hostname	33448647	www.corsica
invalid-hostname	33538687	yay?mc?sweekly.com
invalid-hostname	33539446	www.ro
invalid-hostname	33539460	www.hgtv
invalid-hostname	33539476	www.br
invalid-hostname	33560120	sagl?k.gov.tr
invalid-hostname	33600295	haplr-?ndex.com
invalid-hostname	33607300	findart?cles.com
invalid-hostname	33609432	eurohavaliman?.com
invalid-hostname	33624142	cappadoc?a.com
invalid-hostname	33625805	brusselshavaliman?.be
invalid-hostname	33633597	aral?kedebiyat.com
invalid-hostname	33640281	zurich-havaliman?.com
invalid-hostname	33642325	www.engineering
invalid-hostname	33646447	viennahavaliman?.com
invalid-hostname	33652659	thelat?nl?brary.com
invalid-hostname	33662548	seap?cs.com
invalid-hostname	33674258	?owa.gov
invalid-hostname	33676485	nyt?mes.com
invalid-hostname	33676774	?ntoscana.it
invalid-hostname	33679206	national-football-tak?ms.com
invalid-hostname	33680321	musicaenacc?on.com
invalid-hostname	33680850	?mperia.it
invalid-hostname	33689885	laqu?la.it
invalid-hostname	33692612	k?br?scumhuriyeti2009.org.cy
invalid-hostname	33696943	iran?ca.com
invalid-hostname	33699343	iktidars?z.com
invalid-hostname	33700184	ians?mpsonarchitects.com
invalid-hostname	33703999	havaliman?sonline.info
invalid-hostname	33707631	globalun?versitiesranking.org
invalid-hostname	33726482	cyprushavaliman?s.com.cy
invalid-hostname	33736317	c?a.gov
invalid-hostname	33738036	bresc?a?nvetrina.it
invalid-hostname	33738768	borchal?.net
invalid-hostname	33756877	www.yahoo
invalid-hostname	33757202	worldcatl?braries.org
invalid-hostname	33769641	s?rnak.gov.tr
invalid-hostname	33770055	?sparta.gov.tr
invalid-hostname	33776033	sar?kaya.bel.tr
invalid-hostname	33776316	sanl?urfa.gov.tr
invalid-hostname	33776720	sal?pazar?.gov.tr
invalid-hostname	33776721	sal?pazar?.bel.tr
invalid-hostname	33785751	p?narhisar.gov.tr
invalid-hostname	33785752	p?narhisar.bel.tr
invalid-hostname	33807191	?ll.org
invalid-hostname	33811560	k?rsehir.gov.tr
invalid-hostname	33811700	k?rcehir.gov.tr
invalid-hostname	33812874	kimyaodas?.org
invalid-hostname	33821967	havaliman?.dn.ua
invalid-hostname	33821968	havaliman?al.hu
invalid-hostname	33822033	hasankeyfkaz?lar?.org.tr
invalid-hostname	33822099	harmanc?k.gov.tr
invalid-hostname	33822691	gurp?nar.gov.tr
invalid-hostname	33822692	gurp?nar.bel.tr
invalid-hostname	33823028	groningenhavaliman?.nl
invalid-hostname	33824739	georg?aencyclopedia.org
invalid-hostname	33835419	?d2020.org
invalid-hostname	33838244	c?lavuz.net
invalid-hostname	33841081	cank?r?.bel.tr
invalid-hostname	33842087	bucharesthavaliman?s.ro
invalid-hostname	33845450	bay?ndir.gov.tr
invalid-hostname	33845451	bay?ndir.bel.tr
invalid-hostname	33845936	bal?kesir.gov.tr
invalid-hostname	33847975	ar?cak.gov.tr
invalid-hostname	33847976	ar?cak.bel.tr
invalid-hostname	33850941	ad?yaman.gov.tr
invalid-hostname	33851387	ac?payam.bel.tr
invalid-hostname	33855332	www.international
invalid-hostname	33886711	rad?ssonblu.co.uk
invalid-hostname	33918896	havaliman?baikal.ru
invalid-hostname	33955749	www.cr
invalid-hostname	33955754	www.be
invalid-hostname	33982804	qad?nkimi.com
invalid-hostname	34007711	keskintakazl?.com
invalid-hostname	34017185	havaliman?ia.com
invalid-hostname	34017186	havaliman?.by
invalid-hostname	34057109	www.ki
invalid-hostname	34147910	www.radio
invalid-hostname	34147913	www.life
invalid-hostname	34147917	www.here
invalid-hostname	34324083	www.pg
invalid-hostname	34324084	www.panerai
invalid-hostname	34324094	www.mk
invalid-hostname	34324109	www.hotmail
invalid-hostname	34421932	www.se
invalid-hostname	34651299	www.guardian
invalid-hostname	34651304	www.family
invalid-hostname	34651309	www.cbn
invalid-hostname	34779779	www.gmail
invalid-hostname	34779836	www.car
invalid-hostname	34908193	www.party
invalid-hostname	34908271	www.ag
invalid-hostname	35148082	www.grainger
invalid-hostname	35358324	www.kids
invalid-hostname	35465090	www.su
invalid-hostname	35465100	www.mu
invalid-hostname	35572513	www.pt
invalid-hostname	35695689	yaylabal?.com
invalid-hostname	35701761	turk?yerehber.com
invalid-hostname	35753720	kuran?ker?m.com
invalid-hostname	35758122	kap?.com
invalid-hostname	35773722	hastal?klar.com
invalid-hostname	35831961	www.aco
invalid-hostname	35875269	sar?k.com
invalid-hostname	36129325	www.gm
invalid-hostname	36159849	s?z?nt?.com
invalid-hostname	36162366	suleymaniyevakf?.com
invalid-hostname	36168147	soyad?n.com
invalid-hostname	36179033	sc?oturkiye.com
invalid-hostname	36299048	www.town
invalid-hostname	36306247	vesileyan?k.com
invalid-hostname	36373506	maddeninard?ndakisir.com
invalid-hostname	36400642	haberdiyarbak?r.com
invalid-hostname	36406643	gerizekal?lar.com
invalid-hostname	36407701	gavs?sani.com
invalid-hostname	36429751	djciciforumlar?.net
invalid-hostname	36445505	cinc?rland.com
invalid-hostname	36452979	cafefernand?.com
invalid-hostname	36473882	anan?z?sikm.com
invalid-hostname	36496716	tatl?ked?.com
invalid-hostname	36497132	tahtal?runtosky.com
invalid-hostname	36498292	sudenaz?m?.com
invalid-hostname	36505580	sah?b?nden.com.tr
invalid-hostname	36515403	p?narvakf?.com
invalid-hostname	36521712	odunpazar?.bel.tr
invalid-hostname	36543295	k?zoyunlar?.com
invalid-hostname	36544836	klipzaman?i.com
invalid-hostname	36546795	kayranel?m.kz
invalid-hostname	36552485	izmirlokmac?.com
invalid-hostname	36554698	insankaynaklar?.com
invalid-hostname	36664293	yukar?kayanlar.com
invalid-hostname	36664294	yukar?kayalar.com
invalid-hostname	36664993	yemekduas?.com
invalid-hostname	36665085	yazsamr?manolur.com
invalid-hostname	36675140	t?klabence.net
invalid-hostname	36733988	gjwfg2i58354ifmq3?dz48m722m5169ts.org
invalid-hostname	36734008	gj61u74u6gwa1o014g8m?j6lusf17569s.org
invalid-hostname	36741863	g4d7z2?73es1qc6f581m2?0u0u7r6u0zs.org
invalid-hostname	36741903	g15azdg443qbt?48euu6618y015g0y0js.org
invalid-hostname	36789784	digitalbask?.gen.tr
invalid-hostname	36822012	chr?st?nesnowdon.net
invalid-hostname	36836789	yemekduas?.com.tr
invalid-hostname	36870139	mutlulukgulusundesakl?.com.tr
invalid-hostname	36941203	kankams?n.com.tr
invalid-hostname	36993485	dursaliyesahankitaplar?.com
invalid-hostname	36995400	dheyr?u.com.tr
invalid-hostname	37000919	chedeli?ko.com
invalid-hostname	37011685	arkas?radak?ler.com
invalid-hostname	37011686	arkas?radakiler.com
invalid-hostname	37022077	www.netbank
invalid-hostname	37137951	nazl?.com
invalid-hostname	37155819	k?z?ltepeajans.com
invalid-hostname	37315894	salladunyay?.com
invalid-hostname	37403584	www.observer
invalid-hostname	37403610	www.lds
invalid-hostname	37403614	www.kindle
invalid-hostname	37403621	www.jaguar
invalid-hostname	37403664	www.fedex
invalid-hostname	37440336	sah?lrestaurant.net
invalid-hostname	37498655	k?z?ltepeajns?.org
invalid-hostname	37533339	gocmendayan?sma.org
invalid-hostname	37558436	d?yanet.com.tr
invalid-hostname	37606442	arkas?radkiler.com.tr
invalid-hostname	37637180	www.agency
invalid-hostname	38012008	www.zip
invalid-hostname	38012012	www.ws
invalid-hostname	38012026	www.tr
invalid-hostname	38012041	www.shop
invalid-hostname	38012047	www.sap
invalid-hostname	38012067	www.oracle
invalid-hostname	38012141	www.dog
invalid-hostname	38012148	www.company
invalid-hostname	38012155	www.cat
invalid-hostname	38012186	www.aeg
invalid-hostname	38192976	www.talk
invalid-hostname	38193153	www.bn
invalid-hostname	38377377	www.th
invalid-hostname	38377385	www.silk
invalid-hostname	38536835	ayval?k.bel.tr
invalid-hostname	38555474	www.xn--wgbh1c
invalid-hostname	38555507	www.skin
invalid-hostname	38555568	www.ie
invalid-hostname	38555570	www.health
invalid-hostname	38555607	www.ca
invalid-hostname	38555612	www.booking
invalid-hostname	38712537	ball?ca29.com
invalid-hostname	38732318	www.loans
invalid-hostname	38732319	www.link
invalid-hostname	38732325	www.ke
invalid-hostname	38732326	www.jo
invalid-hostname	38732335	www.host
invalid-hostname	38732376	www.ai
invalid-hostname	38915603	www.team
invalid-hostname	38915630	www.nf
invalid-hostname	38915668	www.global
invalid-hostname	38915693	www.apple
invalid-hostname	39124009	www.re
invalid-hostname	39124017	www.med
invalid-hostname	39124043	www.garden
invalid-hostname	39124052	www.delivery
invalid-hostname	39137377	office
invalid-hostname	39137514	windows
invalid-hostname	39140039	Search
