hostname	testedAt	dnsStatus	ipv4	ipv6	dnsError	httpClassification	httpStatus	httpRedirectCount	httpRedirectChain	httpFinalUrl	httpFinalHostname	httpContentType	httpServer	httpChallengeSuspected	httpError	httpsClassification	httpsStatus	httpsRedirectCount	httpsRedirectChain	httpsFinalUrl	httpsFinalHostname	httpsContentType	httpsServer	httpsChallengeSuspected	httpsError	combinedClassification	suggestedAction
0am.jp	2026-07-21T16:33:45.2436695+00:00	failed			Exception calling "Wait" with "1" argument(s): "One or more errors occurred."	request-failure	0	0		http://0am.jp/	0am.jp			False	Exception calling "GetResult" with "0" argument(s): "An error occurred while sending the request."	request-failure	0	0		https://0am.jp/	0am.jp			False	Exception calling "GetResult" with "0" argument(s): "An error occurred while sending the request."	not-resolved	no-automatic-action
0g0.jp	2026-07-21T16:33:46.7795320+00:00	failed			Exception calling "Wait" with "1" argument(s): "One or more errors occurred."	request-failure	0	0		http://0g0.jp/	0g0.jp			False	Exception calling "GetResult" with "0" argument(s): "An error occurred while sending the request."	request-failure	0	0		https://0g0.jp/	0g0.jp			False	Exception calling "GetResult" with "0" argument(s): "An error occurred while sending the request."	not-resolved	no-automatic-action
0j0.jp	2026-07-21T16:33:48.1007186+00:00	failed			Exception calling "Wait" with "1" argument(s): "One or more errors occurred."	request-failure	0	0		http://0j0.jp/	0j0.jp			False	Exception calling "GetResult" with "0" argument(s): "An error occurred while sending the request."	request-failure	0	0		https://0j0.jp/	0j0.jp			False	Exception calling "GetResult" with "0" argument(s): "An error occurred while sending the request."	not-resolved	no-automatic-action
0t0.jp	2026-07-21T16:33:49.3721835+00:00	failed			Exception calling "Wait" with "1" argument(s): "One or more errors occurred."	request-failure	0	0		http://0t0.jp/	0t0.jp			False	Exception calling "GetResult" with "0" argument(s): "An error occurred while sending the request."	request-failure	0	0		https://0t0.jp/	0t0.jp			False	Exception calling "GetResult" with "0" argument(s): "An error occurred while sending the request."	not-resolved	no-automatic-action
1.azurestaticapps.net	2026-07-21T16:33:50.6829547+00:00	failed			Exception calling "Wait" with "1" argument(s): "One or more errors occurred."	request-failure	0	0		http://1.azurestaticapps.net/	1.azurestaticapps.net			False	Exception calling "GetResult" with "0" argument(s): "An error occurred while sending the request."	request-failure	0	0		https://1.azurestaticapps.net/	1.azurestaticapps.net			False	Exception calling "GetResult" with "0" argument(s): "An error occurred while sending the request."	not-resolved	no-automatic-action
180r.com	2026-07-21T16:33:51.7022577+00:00	failed			Exception calling "Wait" with "1" argument(s): "One or more errors occurred."	request-failure	0	0		http://180r.com/	180r.com			False	Exception calling "GetResult" with "0" argument(s): "An error occurred while sending the request."	request-failure	0	0		https://180r.com/	180r.com			False	Exception calling "GetResult" with "0" argument(s): "An error occurred while sending the request."	not-resolved	no-automatic-action
2.azurestaticapps.net	2026-07-21T16:33:53.0065773+00:00	failed			Exception calling "Wait" with "1" argument(s): "One or more errors occurred."	request-failure	0	0		http://2.azurestaticapps.net/	2.azurestaticapps.net			False	Exception calling "GetResult" with "0" argument(s): "An error occurred while sending the request."	request-failure	0	0		https://2.azurestaticapps.net/	2.azurestaticapps.net			False	Exception calling "GetResult" with "0" argument(s): "An error occurred while sending the request."	not-resolved	no-automatic-action
2-d.jp	2026-07-21T16:33:54.0261068+00:00	failed			Exception calling "Wait" with "1" argument(s): "One or more errors occurred."	request-failure	0	0		http://2-d.jp/	2-d.jp			False	Exception calling "GetResult" with "0" argument(s): "An error occurred while sending the request."	request-failure	0	0		https://2-d.jp/	2-d.jp			False	Exception calling "GetResult" with "0" argument(s): "An error occurred while sending the request."	not-resolved	no-automatic-action
4.at	2026-07-21T16:33:55.6000126+00:00	failed			Exception calling "Wait" with "1" argument(s): "One or more errors occurred."	request-failure	0	0		http://4.at/	4.at			False	Exception calling "GetResult" with "0" argument(s): "An error occurred while sending the request."	request-failure	0	0		https://4.at/	4.at			False	Exception calling "GetResult" with "0" argument(s): "An error occurred while sending the request."	not-resolved	no-automatic-action
4.bg	2026-07-21T16:33:56.6830545+00:00	failed			Exception calling "Wait" with "1" argument(s): "One or more errors occurred."	request-failure	0	0		http://4.bg/	4.bg			False	Exception calling "GetResult" with "0" argument(s): "An error occurred while sending the request."	request-failure	0	0		https://4.bg/	4.bg			False	Exception calling "GetResult" with "0" argument(s): "An error occurred while sending the request."	not-resolved	no-automatic-action
5g.in	2026-07-21T16:33:57.7378880+00:00	failed			Exception calling "Wait" with "1" argument(s): "One or more errors occurred."	request-failure	0	0		http://5g.in/	5g.in			False	Exception calling "GetResult" with "0" argument(s): "An error occurred while sending the request."	request-failure	0	0		https://5g.in/	5g.in			False	Exception calling "GetResult" with "0" argument(s): "An error occurred while sending the request."	not-resolved	no-automatic-action
611.to	2026-07-21T16:33:58.7872541+00:00	failed			Exception calling "Wait" with "1" argument(s): "One or more errors occurred."	request-failure	0	0		http://611.to/	611.to			False	Exception calling "GetResult" with "0" argument(s): "An error occurred while sending the request."	request-failure	0	0		https://611.to/	611.to			False	Exception calling "GetResult" with "0" argument(s): "An error occurred while sending the request."	not-resolved	no-automatic-action
6g.in	2026-07-21T16:33:59.8433567+00:00	failed			Exception calling "Wait" with "1" argument(s): "One or more errors occurred."	request-failure	0	0		http://6g.in/	6g.in			False	Exception calling "GetResult" with "0" argument(s): "An error occurred while sending the request."	request-failure	0	0		https://6g.in/	6g.in			False	Exception calling "GetResult" with "0" argument(s): "An error occurred while sending the request."	not-resolved	no-automatic-action
a.se	2026-07-21T16:34:00.8982492+00:00	failed			Exception calling "Wait" with "1" argument(s): "One or more errors occurred."	request-failure	0	0		http://a.se/	a.se			False	Exception calling "GetResult" with "0" argument(s): "An error occurred while sending the request."	request-failure	0	0		https://a.se/	a.se			False	Exception calling "GetResult" with "0" argument(s): "An error occurred while sending the request."	not-resolved	no-automatic-action
a2hosted.com	2026-07-21T16:34:01.9521791+00:00	failed			Exception calling "Wait" with "1" argument(s): "One or more errors occurred."	request-failure	0	0		http://a2hosted.com/	a2hosted.com			False	Exception calling "GetResult" with "0" argument(s): "An error occurred while sending the request."	request-failure	0	0		https://a2hosted.com/	a2hosted.com			False	Exception calling "GetResult" with "0" argument(s): "An error occurred while sending the request."	not-resolved	no-automatic-action
ab.ca	2026-07-21T16:34:02.9860178+00:00	failed			Exception calling "Wait" with "1" argument(s): "One or more errors occurred."	request-failure	0	0		http://ab.ca/	ab.ca			False	Exception calling "GetResult" with "0" argument(s): "An error occurred while sending the request."	request-failure	0	0		https://ab.ca/	ab.ca			False	Exception calling "GetResult" with "0" argument(s): "An error occurred while sending the request."	not-resolved	no-automatic-action
abc.br	2026-07-21T16:34:04.0275137+00:00	failed			Exception calling "Wait" with "1" argument(s): "One or more errors occurred."	request-failure	0	0		http://abc.br/	abc.br			False	Exception calling "GetResult" with "0" argument(s): "An error occurred while sending the request."	request-failure	0	0		https://abc.br/	abc.br			False	Exception calling "GetResult" with "0" argument(s): "An error occurred while sending the request."	not-resolved	no-automatic-action
abruzzo.it	2026-07-21T16:34:05.1303582+00:00	failed			Exception calling "Wait" with "1" argument(s): "One or more errors occurred."	request-failure	0	0		http://abruzzo.it/	abruzzo.it			False	Exception calling "GetResult" with "0" argument(s): "An error occurred while sending the request."	request-failure	0	0		https://abruzzo.it/	abruzzo.it			False	Exception calling "GetResult" with "0" argument(s): "An error occurred while sending the request."	not-resolved	no-automatic-action
ac.ae	2026-07-21T16:34:09.6597924+00:00	failed			Exception calling "Wait" with "1" argument(s): "One or more errors occurred."	request-failure	0	0		http://ac.ae/	ac.ae			False	Exception calling "GetResult" with "0" argument(s): "An error occurred while sending the request."	request-failure	0	0		https://ac.ae/	ac.ae			False	Exception calling "GetResult" with "0" argument(s): "An error occurred while sending the request."	not-resolved	no-automatic-action
ac.at	2026-07-21T16:34:10.8627170+00:00	failed			Exception calling "Wait" with "1" argument(s): "One or more errors occurred."	request-failure	0	0		http://ac.at/	ac.at			False	Exception calling "GetResult" with "0" argument(s): "An error occurred while sending the request."	request-failure	0	0		https://ac.at/	ac.at			False	Exception calling "GetResult" with "0" argument(s): "An error occurred while sending the request."	not-resolved	no-automatic-action
ac.bd	2026-07-21T16:34:11.8981928+00:00	failed			Exception calling "Wait" with "1" argument(s): "One or more errors occurred."	request-failure	0	0		http://ac.bd/	ac.bd			False	Exception calling "GetResult" with "0" argument(s): "An error occurred while sending the request."	request-failure	0	0		https://ac.bd/	ac.bd			False	Exception calling "GetResult" with "0" argument(s): "An error occurred while sending the request."	not-resolved	no-automatic-action
ac.be	2026-07-21T16:34:13.1552967+00:00	failed			Exception calling "Wait" with "1" argument(s): "One or more errors occurred."	request-failure	0	0		http://ac.be/	ac.be			False	Exception calling "GetResult" with "0" argument(s): "An error occurred while sending the request."	request-failure	0	0		https://ac.be/	ac.be			False	Exception calling "GetResult" with "0" argument(s): "An error occurred while sending the request."	not-resolved	no-automatic-action
ac.bw	2026-07-21T16:34:14.2207234+00:00	failed			Exception calling "Wait" with "1" argument(s): "One or more errors occurred."	request-failure	0	0		http://ac.bw/	ac.bw			False	Exception calling "GetResult" with "0" argument(s): "An error occurred while sending the request."	request-failure	0	0		https://ac.bw/	ac.bw			False	Exception calling "GetResult" with "0" argument(s): "An error occurred while sending the request."	not-resolved	no-automatic-action
ac.cn	2026-07-21T16:34:15.4621300+00:00	failed			Exception calling "Wait" with "1" argument(s): "One or more errors occurred."	request-failure	0	0		http://ac.cn/	ac.cn			False	Exception calling "GetResult" with "0" argument(s): "An error occurred while sending the request."	request-failure	0	0		https://ac.cn/	ac.cn			False	Exception calling "GetResult" with "0" argument(s): "An error occurred while sending the request."	not-resolved	no-automatic-action
ac.cr	2026-07-21T16:34:16.6666023+00:00	failed			Exception calling "Wait" with "1" argument(s): "One or more errors occurred."	request-failure	0	0		http://ac.cr/	ac.cr			False	Exception calling "GetResult" with "0" argument(s): "An error occurred while sending the request."	request-failure	0	0		https://ac.cr/	ac.cr			False	Exception calling "GetResult" with "0" argument(s): "An error occurred while sending the request."	not-resolved	no-automatic-action
ac.cy	2026-07-21T16:34:17.7011089+00:00	failed			Exception calling "Wait" with "1" argument(s): "One or more errors occurred."	request-failure	0	0		http://ac.cy/	ac.cy			False	Exception calling "GetResult" with "0" argument(s): "An error occurred while sending the request."	request-failure	0	0		https://ac.cy/	ac.cy			False	Exception calling "GetResult" with "0" argument(s): "An error occurred while sending the request."	not-resolved	no-automatic-action
ac.eg	2026-07-21T16:34:18.7347769+00:00	failed			Exception calling "Wait" with "1" argument(s): "One or more errors occurred."	request-failure	0	0		http://ac.eg/	ac.eg			False	Exception calling "GetResult" with "0" argument(s): "An error occurred while sending the request."	request-failure	0	0		https://ac.eg/	ac.eg			False	Exception calling "GetResult" with "0" argument(s): "An error occurred while sending the request."	not-resolved	no-automatic-action
ac.fj	2026-07-21T16:34:20.1777622+00:00	failed			Exception calling "Wait" with "1" argument(s): "One or more errors occurred."	request-failure	0	0		http://ac.fj/	ac.fj			False	Exception calling "GetResult" with "0" argument(s): "An error occurred while sending the request."	request-failure	0	0		https://ac.fj/	ac.fj			False	Exception calling "GetResult" with "0" argument(s): "An error occurred while sending the request."	not-resolved	no-automatic-action
ac.id	2026-07-21T16:34:21.2267427+00:00	failed			Exception calling "Wait" with "1" argument(s): "One or more errors occurred."	request-failure	0	0		http://ac.id/	ac.id			False	Exception calling "GetResult" with "0" argument(s): "An error occurred while sending the request."	request-failure	0	0		https://ac.id/	ac.id			False	Exception calling "GetResult" with "0" argument(s): "An error occurred while sending the request."	not-resolved	no-automatic-action
ac.il	2026-07-21T16:34:22.3841261+00:00	failed			Exception calling "Wait" with "1" argument(s): "One or more errors occurred."	request-failure	0	0		http://ac.il/	ac.il			False	Exception calling "GetResult" with "0" argument(s): "An error occurred while sending the request."	request-failure	0	0		https://ac.il/	ac.il			False	Exception calling "GetResult" with "0" argument(s): "An error occurred while sending the request."	not-resolved	no-automatic-action
ac.im	2026-07-21T16:34:23.4870716+00:00	failed			Exception calling "Wait" with "1" argument(s): "One or more errors occurred."	request-failure	0	0		http://ac.im/	ac.im			False	Exception calling "GetResult" with "0" argument(s): "An error occurred while sending the request."	request-failure	0	0		https://ac.im/	ac.im			False	Exception calling "GetResult" with "0" argument(s): "An error occurred while sending the request."	not-resolved	no-automatic-action
ac.in	2026-07-21T16:34:24.5368537+00:00	failed			Exception calling "Wait" with "1" argument(s): "One or more errors occurred."	request-failure	0	0		http://ac.in/	ac.in			False	Exception calling "GetResult" with "0" argument(s): "An error occurred while sending the request."	request-failure	0	0		https://ac.in/	ac.in			False	Exception calling "GetResult" with "0" argument(s): "An error occurred while sending the request."	not-resolved	no-automatic-action
ac.ir	2026-07-21T16:34:25.5939186+00:00	failed			Exception calling "Wait" with "1" argument(s): "One or more errors occurred."	request-failure	0	0		http://ac.ir/	ac.ir			False	Exception calling "GetResult" with "0" argument(s): "An error occurred while sending the request."	request-failure	0	0		https://ac.ir/	ac.ir			False	Exception calling "GetResult" with "0" argument(s): "An error occurred while sending the request."	not-resolved	no-automatic-action
ac.jp	2026-07-21T16:34:26.7145429+00:00	failed			Exception calling "Wait" with "1" argument(s): "One or more errors occurred."	request-failure	0	0		http://ac.jp/	ac.jp			False	Exception calling "GetResult" with "0" argument(s): "An error occurred while sending the request."	request-failure	0	0		https://ac.jp/	ac.jp			False	Exception calling "GetResult" with "0" argument(s): "An error occurred while sending the request."	not-resolved	no-automatic-action
ac.ke	2026-07-21T16:34:28.0179978+00:00	failed			Exception calling "Wait" with "1" argument(s): "One or more errors occurred."	request-failure	0	0		http://ac.ke/	ac.ke			False	Exception calling "GetResult" with "0" argument(s): "An error occurred while sending the request."	request-failure	0	0		https://ac.ke/	ac.ke			False	Exception calling "GetResult" with "0" argument(s): "An error occurred while sending the request."	not-resolved	no-automatic-action
ac.kr	2026-07-21T16:34:29.2067759+00:00	failed			Exception calling "Wait" with "1" argument(s): "One or more errors occurred."	request-failure	0	0		http://ac.kr/	ac.kr			False	Exception calling "GetResult" with "0" argument(s): "An error occurred while sending the request."	request-failure	0	0		https://ac.kr/	ac.kr			False	Exception calling "GetResult" with "0" argument(s): "An error occurred while sending the request."	not-resolved	no-automatic-action
ac.leg.br	2026-07-21T16:34:30.5591712+00:00	failed			Exception calling "Wait" with "1" argument(s): "One or more errors occurred."	request-failure	0	0		http://ac.leg.br/	ac.leg.br			False	Exception calling "GetResult" with "0" argument(s): "An error occurred while sending the request."	request-failure	0	0		https://ac.leg.br/	ac.leg.br			False	Exception calling "GetResult" with "0" argument(s): "An error occurred while sending the request."	not-resolved	no-automatic-action
ac.ma	2026-07-21T16:34:31.8497194+00:00	failed			Exception calling "Wait" with "1" argument(s): "One or more errors occurred."	request-failure	0	0		http://ac.ma/	ac.ma			False	Exception calling "GetResult" with "0" argument(s): "An error occurred while sending the request."	request-failure	0	0		https://ac.ma/	ac.ma			False	Exception calling "GetResult" with "0" argument(s): "An error occurred while sending the request."	not-resolved	no-automatic-action
ac.me	2026-07-21T16:34:32.9684815+00:00	resolved	89.188.43.10			request-failure	0	0		http://ac.me/	ac.me			False	Exception calling "GetResult" with "0" argument(s): "An error occurred while sending the request."	request-failure	0	0		https://ac.me/	ac.me			False	Exception calling "GetResult" with "0" argument(s): "An error occurred while sending the request."	dns-only	retest-or-review-exact-host
ac.mu	2026-07-21T16:34:37.5161330+00:00	failed			Exception calling "Wait" with "1" argument(s): "One or more errors occurred."	request-failure	0	0		http://ac.mu/	ac.mu			False	Exception calling "GetResult" with "0" argument(s): "An error occurred while sending the request."	request-failure	0	0		https://ac.mu/	ac.mu			False	Exception calling "GetResult" with "0" argument(s): "An error occurred while sending the request."	not-resolved	no-automatic-action
ac.mw	2026-07-21T16:34:38.5881253+00:00	failed			Exception calling "Wait" with "1" argument(s): "One or more errors occurred."	request-failure	0	0		http://ac.mw/	ac.mw			False	Exception calling "GetResult" with "0" argument(s): "An error occurred while sending the request."	request-failure	0	0		https://ac.mw/	ac.mw			False	Exception calling "GetResult" with "0" argument(s): "An error occurred while sending the request."	not-resolved	no-automatic-action
ac.mz	2026-07-21T16:34:39.6449609+00:00	failed			Exception calling "Wait" with "1" argument(s): "One or more errors occurred."	request-failure	0	0		http://ac.mz/	ac.mz			False	Exception calling "GetResult" with "0" argument(s): "An error occurred while sending the request."	request-failure	0	0		https://ac.mz/	ac.mz			False	Exception calling "GetResult" with "0" argument(s): "An error occurred while sending the request."	not-resolved	no-automatic-action
ac.nz	2026-07-21T16:34:40.8652606+00:00	failed			Exception calling "Wait" with "1" argument(s): "One or more errors occurred."	request-failure	0	0		http://ac.nz/	ac.nz			False	Exception calling "GetResult" with "0" argument(s): "An error occurred while sending the request."	request-failure	0	0		https://ac.nz/	ac.nz			False	Exception calling "GetResult" with "0" argument(s): "An error occurred while sending the request."	not-resolved	no-automatic-action
ac.pa	2026-07-21T16:34:41.8848079+00:00	failed			Exception calling "Wait" with "1" argument(s): "One or more errors occurred."	request-failure	0	0		http://ac.pa/	ac.pa			False	Exception calling "GetResult" with "0" argument(s): "An error occurred while sending the request."	request-failure	0	0		https://ac.pa/	ac.pa			False	Exception calling "GetResult" with "0" argument(s): "An error occurred while sending the request."	not-resolved	no-automatic-action
ac.pr	2026-07-21T16:34:43.0892258+00:00	failed			Exception calling "Wait" with "1" argument(s): "One or more errors occurred."	request-failure	0	0		http://ac.pr/	ac.pr			False	Exception calling "GetResult" with "0" argument(s): "An error occurred while sending the request."	request-failure	0	0		https://ac.pr/	ac.pr			False	Exception calling "GetResult" with "0" argument(s): "An error occurred while sending the request."	not-resolved	no-automatic-action
ac.rs	2026-07-21T16:34:44.1248466+00:00	failed			Exception calling "Wait" with "1" argument(s): "One or more errors occurred."	request-failure	0	0		http://ac.rs/	ac.rs			False	Exception calling "GetResult" with "0" argument(s): "An error occurred while sending the request."	request-failure	0	0		https://ac.rs/	ac.rs			False	Exception calling "GetResult" with "0" argument(s): "An error occurred while sending the request."	not-resolved	no-automatic-action
ac.ru	2026-07-21T16:34:45.1803923+00:00	failed			Exception calling "Wait" with "1" argument(s): "One or more errors occurred."	request-failure	0	0		http://ac.ru/	ac.ru			False	Exception calling "GetResult" with "0" argument(s): "An error occurred while sending the request."	request-failure	0	0		https://ac.ru/	ac.ru			False	Exception calling "GetResult" with "0" argument(s): "An error occurred while sending the request."	not-resolved	no-automatic-action
ac.rw	2026-07-21T16:34:46.3154378+00:00	failed			Exception calling "Wait" with "1" argument(s): "One or more errors occurred."	request-failure	0	0		http://ac.rw/	ac.rw			False	Exception calling "GetResult" with "0" argument(s): "An error occurred while sending the request."	request-failure	0	0		https://ac.rw/	ac.rw			False	Exception calling "GetResult" with "0" argument(s): "An error occurred while sending the request."	not-resolved	no-automatic-action
ac.se	2026-07-21T16:34:47.5518827+00:00	failed			Exception calling "Wait" with "1" argument(s): "One or more errors occurred."	request-failure	0	0		http://ac.se/	ac.se			False	Exception calling "GetResult" with "0" argument(s): "An error occurred while sending the request."	request-failure	0	0		https://ac.se/	ac.se			False	Exception calling "GetResult" with "0" argument(s): "An error occurred while sending the request."	not-resolved	no-automatic-action
ac.th	2026-07-21T16:34:48.6306559+00:00	failed			Exception calling "Wait" with "1" argument(s): "One or more errors occurred."	request-failure	0	0		http://ac.th/	ac.th			False	Exception calling "GetResult" with "0" argument(s): "An error occurred while sending the request."	request-failure	0	0		https://ac.th/	ac.th			False	Exception calling "GetResult" with "0" argument(s): "An error occurred while sending the request."	not-resolved	no-automatic-action
ac.tz	2026-07-21T16:34:49.7281506+00:00	failed			Exception calling "Wait" with "1" argument(s): "One or more errors occurred."	request-failure	0	0		http://ac.tz/	ac.tz			False	Exception calling "GetResult" with "0" argument(s): "An error occurred while sending the request."	request-failure	0	0		https://ac.tz/	ac.tz			False	Exception calling "GetResult" with "0" argument(s): "An error occurred while sending the request."	not-resolved	no-automatic-action
ac.ug	2026-07-21T16:34:50.7850484+00:00	failed			Exception calling "Wait" with "1" argument(s): "One or more errors occurred."	request-failure	0	0		http://ac.ug/	ac.ug			False	Exception calling "GetResult" with "0" argument(s): "An error occurred while sending the request."	request-failure	0	0		https://ac.ug/	ac.ug			False	Exception calling "GetResult" with "0" argument(s): "An error occurred while sending the request."	not-resolved	no-automatic-action
ac.uk	2026-07-21T16:34:51.8205199+00:00	failed			Exception calling "Wait" with "1" argument(s): "One or more errors occurred."	request-failure	0	0		http://ac.uk/	ac.uk			False	Exception calling "GetResult" with "0" argument(s): "An error occurred while sending the request."	request-failure	0	0		https://ac.uk/	ac.uk			False	Exception calling "GetResult" with "0" argument(s): "An error occurred while sending the request."	not-resolved	no-automatic-action
ac.vn	2026-07-21T16:34:52.9627826+00:00	failed			Exception calling "Wait" with "1" argument(s): "One or more errors occurred."	request-failure	0	0		http://ac.vn/	ac.vn			False	Exception calling "GetResult" with "0" argument(s): "An error occurred while sending the request."	request-failure	0	0		https://ac.vn/	ac.vn			False	Exception calling "GetResult" with "0" argument(s): "An error occurred while sending the request."	not-resolved	no-automatic-action
ac.za	2026-07-21T16:34:54.2069571+00:00	failed			Exception calling "Wait" with "1" argument(s): "One or more errors occurred."	request-failure	0	0		http://ac.za/	ac.za			False	Exception calling "GetResult" with "0" argument(s): "An error occurred while sending the request."	request-failure	0	0		https://ac.za/	ac.za			False	Exception calling "GetResult" with "0" argument(s): "An error occurred while sending the request."	not-resolved	no-automatic-action
ac.zm	2026-07-21T16:34:55.5105332+00:00	failed			Exception calling "Wait" with "1" argument(s): "One or more errors occurred."	request-failure	0	0		http://ac.zm/	ac.zm			False	Exception calling "GetResult" with "0" argument(s): "An error occurred while sending the request."	request-failure	0	0		https://ac.zm/	ac.zm			False	Exception calling "GetResult" with "0" argument(s): "An error occurred while sending the request."	not-resolved	no-automatic-action
ac.zw	2026-07-21T16:34:56.5611297+00:00	failed			Exception calling "Wait" with "1" argument(s): "One or more errors occurred."	request-failure	0	0		http://ac.zw/	ac.zw			False	Exception calling "GetResult" with "0" argument(s): "An error occurred while sending the request."	request-failure	0	0		https://ac.zw/	ac.zw			False	Exception calling "GetResult" with "0" argument(s): "An error occurred while sending the request."	not-resolved	no-automatic-action
act.edu.au	2026-07-21T16:34:57.6647056+00:00	failed			Exception calling "Wait" with "1" argument(s): "One or more errors occurred."	request-failure	0	0		http://act.edu.au/	act.edu.au			False	Exception calling "GetResult" with "0" argument(s): "An error occurred while sending the request."	request-failure	0	0		https://act.edu.au/	act.edu.au			False	Exception calling "GetResult" with "0" argument(s): "An error occurred while sending the request."	not-resolved	no-automatic-action
ad.jp	2026-07-21T16:34:58.7210855+00:00	failed			Exception calling "Wait" with "1" argument(s): "One or more errors occurred."	request-failure	0	0		http://ad.jp/	ad.jp			False	Exception calling "GetResult" with "0" argument(s): "An error occurred while sending the request."	request-failure	0	0		https://ad.jp/	ad.jp			False	Exception calling "GetResult" with "0" argument(s): "An error occurred while sending the request."	not-resolved	no-automatic-action
adaptable.app	2026-07-21T16:34:59.7721272+00:00	failed			Exception calling "Wait" with "1" argument(s): "One or more errors occurred."	request-failure	0	0		http://adaptable.app/	adaptable.app			False	Exception calling "GetResult" with "0" argument(s): "An error occurred while sending the request."	request-failure	0	0		https://adaptable.app/	adaptable.app			False	Exception calling "GetResult" with "0" argument(s): "An error occurred while sending the request."	not-resolved	no-automatic-action
adimo.co.uk	2026-07-21T16:35:01.1139073+00:00	failed			Exception calling "Wait" with "1" argument(s): "One or more errors occurred."	request-failure	0	0		http://adimo.co.uk/	adimo.co.uk			False	Exception calling "GetResult" with "0" argument(s): "An error occurred while sending the request."	request-failure	0	0		https://adimo.co.uk/	adimo.co.uk			False	Exception calling "GetResult" with "0" argument(s): "An error occurred while sending the request."	not-resolved	no-automatic-action
adm.br	2026-07-21T16:35:02.3481677+00:00	failed			Exception calling "Wait" with "1" argument(s): "One or more errors occurred."	request-failure	0	0		http://adm.br/	adm.br			False	Exception calling "GetResult" with "0" argument(s): "An error occurred while sending the request."	request-failure	0	0		https://adm.br/	adm.br			False	Exception calling "GetResult" with "0" argument(s): "An error occurred while sending the request."	not-resolved	no-automatic-action
adobeaemcloud.com	2026-07-21T16:35:03.4263287+00:00	resolved	151.101.131.10,151.101.195.10,151.101.3.10,151.101.67.10			request-failure	301	1	https://adobeaemcloud.com/	http://adobeaemcloud.com/	adobeaemcloud.com		Varnish	False	Exception calling "GetResult" with "0" argument(s): "An error occurred while sending the request."	request-failure	0	0		https://adobeaemcloud.com/	adobeaemcloud.com			False	Exception calling "GetResult" with "0" argument(s): "An error occurred while sending the request."	dns-only	retest-or-review-exact-host
adobeaemcloud.net	2026-07-21T16:35:04.6992997+00:00	failed			Exception calling "Wait" with "1" argument(s): "One or more errors occurred."	request-failure	0	0		http://adobeaemcloud.net/	adobeaemcloud.net			False	Exception calling "GetResult" with "0" argument(s): "An error occurred while sending the request."	request-failure	0	0		https://adobeaemcloud.net/	adobeaemcloud.net			False	Exception calling "GetResult" with "0" argument(s): "An error occurred while sending the request."	not-resolved	no-automatic-action
adobeio-static.net	2026-07-21T16:35:05.7563928+00:00	failed			Exception calling "Wait" with "1" argument(s): "One or more errors occurred."	request-failure	0	0		http://adobeio-static.net/	adobeio-static.net			False	Exception calling "GetResult" with "0" argument(s): "An error occurred while sending the request."	request-failure	0	0		https://adobeio-static.net/	adobeio-static.net			False	Exception calling "GetResult" with "0" argument(s): "An error occurred while sending the request."	not-resolved	no-automatic-action
adv.br	2026-07-21T16:35:06.7903171+00:00	failed			Exception calling "Wait" with "1" argument(s): "One or more errors occurred."	request-failure	0	0		http://adv.br/	adv.br			False	Exception calling "GetResult" with "0" argument(s): "An error occurred while sending the request."	request-failure	0	0		https://adv.br/	adv.br			False	Exception calling "GetResult" with "0" argument(s): "An error occurred while sending the request."	not-resolved	no-automatic-action
aem.page	2026-07-21T16:35:07.9466802+00:00	failed			Exception calling "Wait" with "1" argument(s): "One or more errors occurred."	request-failure	0	0		http://aem.page/	aem.page			False	Exception calling "GetResult" with "0" argument(s): "An error occurred while sending the request."	request-failure	0	0		https://aem.page/	aem.page			False	Exception calling "GetResult" with "0" argument(s): "An error occurred while sending the request."	not-resolved	no-automatic-action
aeroport.fr	2026-07-21T16:35:08.9962359+00:00	failed			Exception calling "Wait" with "1" argument(s): "One or more errors occurred."	request-failure	0	0		http://aeroport.fr/	aeroport.fr			False	Exception calling "GetResult" with "0" argument(s): "An error occurred while sending the request."	request-failure	0	0		https://aeroport.fr/	aeroport.fr			False	Exception calling "GetResult" with "0" argument(s): "An error occurred while sending the request."	not-resolved	no-automatic-action
afjord.no	2026-07-21T16:35:10.0821780+00:00	failed			Exception calling "Wait" with "1" argument(s): "One or more errors occurred."	request-failure	0	0		http://afjord.no/	afjord.no			False	Exception calling "GetResult" with "0" argument(s): "An error occurred while sending the request."	request-failure	0	0		https://afjord.no/	afjord.no			False	Exception calling "GetResult" with "0" argument(s): "An error occurred while sending the request."	not-resolved	no-automatic-action
ag.it	2026-07-21T16:35:11.1613103+00:00	failed			Exception calling "Wait" with "1" argument(s): "One or more errors occurred."	request-failure	0	0		http://ag.it/	ag.it			False	Exception calling "GetResult" with "0" argument(s): "An error occurred while sending the request."	request-failure	0	0		https://ag.it/	ag.it			False	Exception calling "GetResult" with "0" argument(s): "An error occurred while sending the request."	not-resolved	no-automatic-action
agr.br	2026-07-21T16:35:12.1975058+00:00	failed			Exception calling "Wait" with "1" argument(s): "One or more errors occurred."	request-failure	0	0		http://agr.br/	agr.br			False	Exception calling "GetResult" with "0" argument(s): "An error occurred while sending the request."	request-failure	0	0		https://agr.br/	agr.br			False	Exception calling "GetResult" with "0" argument(s): "An error occurred while sending the request."	not-resolved	no-automatic-action
agric.za	2026-07-21T16:35:13.3622137+00:00	failed			Exception calling "Wait" with "1" argument(s): "One or more errors occurred."	request-failure	0	0		http://agric.za/	agric.za			False	Exception calling "GetResult" with "0" argument(s): "An error occurred while sending the request."	request-failure	0	0		https://agric.za/	agric.za			False	Exception calling "GetResult" with "0" argument(s): "An error occurred while sending the request."	not-resolved	no-automatic-action
agrigento.it	2026-07-21T16:35:14.7866093+00:00	failed			Exception calling "Wait" with "1" argument(s): "One or more errors occurred."	request-failure	0	0		http://agrigento.it/	agrigento.it			False	Exception calling "GetResult" with "0" argument(s): "An error occurred while sending the request."	request-failure	0	0		https://agrigento.it/	agrigento.it			False	Exception calling "GetResult" with "0" argument(s): "An error occurred while sending the request."	not-resolved	no-automatic-action
agro.pl	2026-07-21T16:35:15.8162626+00:00	failed			Exception calling "Wait" with "1" argument(s): "One or more errors occurred."	request-failure	0	0		http://agro.pl/	agro.pl			False	Exception calling "GetResult" with "0" argument(s): "An error occurred while sending the request."	request-failure	0	0		https://agro.pl/	agro.pl			False	Exception calling "GetResult" with "0" argument(s): "An error occurred while sending the request."	not-resolved	no-automatic-action
ah.cn	2026-07-21T16:35:16.8811573+00:00	failed			Exception calling "Wait" with "1" argument(s): "One or more errors occurred."	request-failure	0	0		http://ah.cn/	ah.cn			False	Exception calling "GetResult" with "0" argument(s): "An error occurred while sending the request."	request-failure	0	0		https://ah.cn/	ah.cn			False	Exception calling "GetResult" with "0" argument(s): "An error occurred while sending the request."	not-resolved	no-automatic-action
ai.in	2026-07-21T16:35:18.1319046+00:00	failed			Exception calling "Wait" with "1" argument(s): "One or more errors occurred."	request-failure	0	0		http://ai.in/	ai.in			False	Exception calling "GetResult" with "0" argument(s): "An error occurred while sending the request."	request-failure	0	0		https://ai.in/	ai.in			False	Exception calling "GetResult" with "0" argument(s): "An error occurred while sending the request."	not-resolved	no-automatic-action
ai.kr	2026-07-21T16:35:19.1693644+00:00	failed			Exception calling "Wait" with "1" argument(s): "One or more errors occurred."	request-failure	0	0		http://ai.kr/	ai.kr			False	Exception calling "GetResult" with "0" argument(s): "An error occurred while sending the request."	request-failure	0	0		https://ai.kr/	ai.kr			False	Exception calling "GetResult" with "0" argument(s): "An error occurred while sending the request."	not-resolved	no-automatic-action
ai.vn	2026-07-21T16:35:20.2304880+00:00	failed			Exception calling "Wait" with "1" argument(s): "One or more errors occurred."	request-failure	0	0		http://ai.vn/	ai.vn			False	Exception calling "GetResult" with "0" argument(s): "An error occurred while sending the request."	request-failure	0	0		https://ai.vn/	ai.vn			False	Exception calling "GetResult" with "0" argument(s): "An error occurred while sending the request."	not-resolved	no-automatic-action
aichi.jp	2026-07-21T16:35:21.4675392+00:00	failed			Exception calling "Wait" with "1" argument(s): "One or more errors occurred."	request-failure	0	0		http://aichi.jp/	aichi.jp			False	Exception calling "GetResult" with "0" argument(s): "An error occurred while sending the request."	request-failure	0	0		https://aichi.jp/	aichi.jp			False	Exception calling "GetResult" with "0" argument(s): "An error occurred while sending the request."	not-resolved	no-automatic-action
aid.pl	2026-07-21T16:35:22.5239679+00:00	failed			Exception calling "Wait" with "1" argument(s): "One or more errors occurred."	request-failure	0	0		http://aid.pl/	aid.pl			False	Exception calling "GetResult" with "0" argument(s): "An error occurred while sending the request."	request-failure	0	0		https://aid.pl/	aid.pl			False	Exception calling "GetResult" with "0" argument(s): "An error occurred while sending the request."	not-resolved	no-automatic-action
aivencloud.com	2026-07-21T16:35:23.5650258+00:00	failed			Exception calling "Wait" with "1" argument(s): "One or more errors occurred."	request-failure	0	0		http://aivencloud.com/	aivencloud.com			False	Exception calling "GetResult" with "0" argument(s): "An error occurred while sending the request."	request-failure	0	0		https://aivencloud.com/	aivencloud.com			False	Exception calling "GetResult" with "0" argument(s): "An error occurred while sending the request."	not-resolved	no-automatic-action
aju.br	2026-07-21T16:35:24.6009735+00:00	failed			Exception calling "Wait" with "1" argument(s): "One or more errors occurred."	request-failure	0	0		http://aju.br/	aju.br			False	Exception calling "GetResult" with "0" argument(s): "An error occurred while sending the request."	request-failure	0	0		https://aju.br/	aju.br			False	Exception calling "GetResult" with "0" argument(s): "An error occurred while sending the request."	not-resolved	no-automatic-action
ak.us	2026-07-21T16:35:25.6746663+00:00	failed			Exception calling "Wait" with "1" argument(s): "One or more errors occurred."	request-failure	0	0		http://ak.us/	ak.us			False	Exception calling "GetResult" with "0" argument(s): "An error occurred while sending the request."	request-failure	0	0		https://ak.us/	ak.us			False	Exception calling "GetResult" with "0" argument(s): "An error occurred while sending the request."	not-resolved	no-automatic-action
akadns.net	2026-07-21T16:35:26.7269876+00:00	failed			Exception calling "Wait" with "1" argument(s): "One or more errors occurred."	request-failure	0	0		http://akadns.net/	akadns.net			False	Exception calling "GetResult" with "0" argument(s): "An error occurred while sending the request."	request-failure	0	0		https://akadns.net/	akadns.net			False	Exception calling "GetResult" with "0" argument(s): "An error occurred while sending the request."	not-resolved	no-automatic-action
akamai.net	2026-07-21T16:35:27.7541738+00:00	failed			Exception calling "Wait" with "1" argument(s): "One or more errors occurred."	request-failure	0	0		http://akamai.net/	akamai.net			False	Exception calling "GetResult" with "0" argument(s): "An error occurred while sending the request."	request-failure	0	0		https://akamai.net/	akamai.net			False	Exception calling "GetResult" with "0" argument(s): "An error occurred while sending the request."	not-resolved	no-automatic-action
akamaiedge.net	2026-07-21T16:35:28.7841030+00:00	failed			Exception calling "Wait" with "1" argument(s): "One or more errors occurred."	request-failure	0	0		http://akamaiedge.net/	akamaiedge.net			False	Exception calling "GetResult" with "0" argument(s): "An error occurred while sending the request."	request-failure	0	0		https://akamaiedge.net/	akamaiedge.net			False	Exception calling "GetResult" with "0" argument(s): "An error occurred while sending the request."	not-resolved	no-automatic-action
akamaiedge-staging.net	2026-07-21T16:35:29.8176378+00:00	failed			Exception calling "Wait" with "1" argument(s): "One or more errors occurred."	request-failure	0	0		http://akamaiedge-staging.net/	akamaiedge-staging.net			False	Exception calling "GetResult" with "0" argument(s): "An error occurred while sending the request."	request-failure	0	0		https://akamaiedge-staging.net/	akamaiedge-staging.net			False	Exception calling "GetResult" with "0" argument(s): "An error occurred while sending the request."	not-resolved	no-automatic-action
akamaihd.net	2026-07-21T16:35:30.8480465+00:00	failed			Exception calling "Wait" with "1" argument(s): "One or more errors occurred."	request-failure	0	0		http://akamaihd.net/	akamaihd.net			False	Exception calling "GetResult" with "0" argument(s): "An error occurred while sending the request."	request-failure	0	0		https://akamaihd.net/	akamaihd.net			False	Exception calling "GetResult" with "0" argument(s): "An error occurred while sending the request."	not-resolved	no-automatic-action
akamaiorigin.net	2026-07-21T16:35:31.8813760+00:00	failed			Exception calling "Wait" with "1" argument(s): "One or more errors occurred."	request-failure	0	0		http://akamaiorigin.net/	akamaiorigin.net			False	Exception calling "GetResult" with "0" argument(s): "An error occurred while sending the request."	request-failure	0	0		https://akamaiorigin.net/	akamaiorigin.net			False	Exception calling "GetResult" with "0" argument(s): "An error occurred while sending the request."	not-resolved	no-automatic-action
akamai-staging.net	2026-07-21T16:35:32.9341315+00:00	failed			Exception calling "Wait" with "1" argument(s): "One or more errors occurred."	request-failure	0	0		http://akamai-staging.net/	akamai-staging.net			False	Exception calling "GetResult" with "0" argument(s): "An error occurred while sending the request."	request-failure	0	0		https://akamai-staging.net/	akamai-staging.net			False	Exception calling "GetResult" with "0" argument(s): "An error occurred while sending the request."	not-resolved	no-automatic-action
akamaized.net	2026-07-21T16:35:34.0175160+00:00	failed			Exception calling "Wait" with "1" argument(s): "One or more errors occurred."	request-failure	0	0		http://akamaized.net/	akamaized.net			False	Exception calling "GetResult" with "0" argument(s): "An error occurred while sending the request."	request-failure	0	0		https://akamaized.net/	akamaized.net			False	Exception calling "GetResult" with "0" argument(s): "An error occurred while sending the request."	not-resolved	no-automatic-action
akamaized-staging.net	2026-07-21T16:35:35.0507454+00:00	failed			Exception calling "Wait" with "1" argument(s): "One or more errors occurred."	request-failure	0	0		http://akamaized-staging.net/	akamaized-staging.net			False	Exception calling "GetResult" with "0" argument(s): "An error occurred while sending the request."	request-failure	0	0		https://akamaized-staging.net/	akamaized-staging.net			False	Exception calling "GetResult" with "0" argument(s): "An error occurred while sending the request."	not-resolved	no-automatic-action
akita.jp	2026-07-21T16:35:36.1009726+00:00	failed			Exception calling "Wait" with "1" argument(s): "One or more errors occurred."	request-failure	0	0		http://akita.jp/	akita.jp			False	Exception calling "GetResult" with "0" argument(s): "An error occurred while sending the request."	request-failure	0	0		https://akita.jp/	akita.jp			False	Exception calling "GetResult" with "0" argument(s): "An error occurred while sending the request."	not-resolved	no-automatic-action
al.gov.br	2026-07-21T16:35:37.1943169+00:00	failed			Exception calling "Wait" with "1" argument(s): "One or more errors occurred."	request-failure	0	0		http://al.gov.br/	al.gov.br			False	Exception calling "GetResult" with "0" argument(s): "An error occurred while sending the request."	request-failure	0	0		https://al.gov.br/	al.gov.br			False	Exception calling "GetResult" with "0" argument(s): "An error occurred while sending the request."	not-resolved	no-automatic-action
al.it	2026-07-21T16:35:38.6971228+00:00	failed			Exception calling "Wait" with "1" argument(s): "One or more errors occurred."	request-failure	0	0		http://al.it/	al.it			False	Exception calling "GetResult" with "0" argument(s): "An error occurred while sending the request."	request-failure	0	0		https://al.it/	al.it			False	Exception calling "GetResult" with "0" argument(s): "An error occurred while sending the request."	not-resolved	no-automatic-action
al.leg.br	2026-07-21T16:35:39.7274620+00:00	failed			Exception calling "Wait" with "1" argument(s): "One or more errors occurred."	request-failure	0	0		http://al.leg.br/	al.leg.br			False	Exception calling "GetResult" with "0" argument(s): "An error occurred while sending the request."	request-failure	0	0		https://al.leg.br/	al.leg.br			False	Exception calling "GetResult" with "0" argument(s): "An error occurred while sending the request."	not-resolved	no-automatic-action
al.no	2026-07-21T16:35:41.0243659+00:00	failed			Exception calling "Wait" with "1" argument(s): "One or more errors occurred."	request-failure	0	0		http://al.no/	al.no			False	Exception calling "GetResult" with "0" argument(s): "An error occurred while sending the request."	request-failure	0	0		https://al.no/	al.no			False	Exception calling "GetResult" with "0" argument(s): "An error occurred while sending the request."	not-resolved	no-automatic-action
al.us	2026-07-21T16:35:42.1103172+00:00	failed			Exception calling "Wait" with "1" argument(s): "One or more errors occurred."	request-failure	0	0		http://al.us/	al.us			False	Exception calling "GetResult" with "0" argument(s): "An error occurred while sending the request."	request-failure	0	0		https://al.us/	al.us			False	Exception calling "GetResult" with "0" argument(s): "An error occurred while sending the request."	not-resolved	no-automatic-action
aland.fi	2026-07-21T16:35:43.1679955+00:00	failed			Exception calling "Wait" with "1" argument(s): "One or more errors occurred."	request-failure	0	0		http://aland.fi/	aland.fi			False	Exception calling "GetResult" with "0" argument(s): "An error occurred while sending the request."	request-failure	0	0		https://aland.fi/	aland.fi			False	Exception calling "GetResult" with "0" argument(s): "An error occurred while sending the request."	not-resolved	no-automatic-action
alessandria.it	2026-07-21T16:35:44.2591020+00:00	failed			Exception calling "Wait" with "1" argument(s): "One or more errors occurred."	request-failure	0	0		http://alessandria.it/	alessandria.it			False	Exception calling "GetResult" with "0" argument(s): "An error occurred while sending the request."	request-failure	0	0		https://alessandria.it/	alessandria.it			False	Exception calling "GetResult" with "0" argument(s): "An error occurred while sending the request."	not-resolved	no-automatic-action
aliases121.com	2026-07-21T16:35:45.2906994+00:00	failed			Exception calling "Wait" with "1" argument(s): "One or more errors occurred."	request-failure	0	0		http://aliases121.com/	aliases121.com			False	Exception calling "GetResult" with "0" argument(s): "An error occurred while sending the request."	request-failure	0	0		https://aliases121.com/	aliases121.com			False	Exception calling "GetResult" with "0" argument(s): "An error occurred while sending the request."	not-resolved	no-automatic-action
alpha-myqnapcloud.com	2026-07-21T16:36:04.5577693+00:00	resolved	100.48.34.9,44.206.100.220	2600:1f18:6740:6a00:b551:9cc5:dca4:b9d7,2600:1f18:6740:6a01:d4b3:1709:a58e:5375		timeout	0	0		http://alpha-myqnapcloud.com/	alpha-myqnapcloud.com			False	Exception calling "GetResult" with "0" argument(s): "A task was canceled."	timeout	0	0		https://alpha-myqnapcloud.com/	alpha-myqnapcloud.com			False	Exception calling "GetResult" with "0" argument(s): "A task was canceled."	temporarily-inconclusive	retest-later
alta.no	2026-07-21T16:36:45.7977249+00:00	failed			Exception calling "Wait" with "1" argument(s): "One or more errors occurred."	request-failure	0	0		http://alta.no/	alta.no			False	Exception calling "GetResult" with "0" argument(s): "An error occurred while sending the request."	request-failure	0	0		https://alta.no/	alta.no			False	Exception calling "GetResult" with "0" argument(s): "An error occurred while sending the request."	not-resolved	no-automatic-action
alumni.in	2026-07-21T16:36:46.8602208+00:00	failed			Exception calling "Wait" with "1" argument(s): "One or more errors occurred."	request-failure	0	0		http://alumni.in/	alumni.in			False	Exception calling "GetResult" with "0" argument(s): "An error occurred while sending the request."	request-failure	0	0		https://alumni.in/	alumni.in			False	Exception calling "GetResult" with "0" argument(s): "An error occurred while sending the request."	not-resolved	no-automatic-action
alwaysdata.net	2026-07-21T16:36:47.9140718+00:00	resolved	185.31.40.5	2a00:b6e0:1:210:130::1		timeout	0	0		http://alwaysdata.net/	alwaysdata.net			False	Exception calling "GetResult" with "0" argument(s): "A task was canceled."	timeout	0	0		https://alwaysdata.net/	alwaysdata.net			False	Exception calling "GetResult" with "0" argument(s): "A task was canceled."	temporarily-inconclusive	retest-later
am.br	2026-07-21T16:37:28.9950301+00:00	failed			Exception calling "Wait" with "1" argument(s): "One or more errors occurred."	request-failure	0	0		http://am.br/	am.br			False	Exception calling "GetResult" with "0" argument(s): "An error occurred while sending the request."	request-failure	0	0		https://am.br/	am.br			False	Exception calling "GetResult" with "0" argument(s): "An error occurred while sending the request."	not-resolved	no-automatic-action
am.gov.br	2026-07-21T16:37:30.0597304+00:00	failed			Exception calling "Wait" with "1" argument(s): "One or more errors occurred."	request-failure	0	0		http://am.gov.br/	am.gov.br			False	Exception calling "GetResult" with "0" argument(s): "An error occurred while sending the request."	request-failure	0	0		https://am.gov.br/	am.gov.br			False	Exception calling "GetResult" with "0" argument(s): "An error occurred while sending the request."	not-resolved	no-automatic-action
am.in	2026-07-21T16:37:31.5115353+00:00	failed			Exception calling "Wait" with "1" argument(s): "One or more errors occurred."	request-failure	0	0		http://am.in/	am.in			False	Exception calling "GetResult" with "0" argument(s): "An error occurred while sending the request."	request-failure	0	0		https://am.in/	am.in			False	Exception calling "GetResult" with "0" argument(s): "An error occurred while sending the request."	not-resolved	no-automatic-action
am.leg.br	2026-07-21T16:37:32.5580789+00:00	failed			Exception calling "Wait" with "1" argument(s): "One or more errors occurred."	request-failure	0	0		http://am.leg.br/	am.leg.br			False	Exception calling "GetResult" with "0" argument(s): "An error occurred while sending the request."	request-failure	0	0		https://am.leg.br/	am.leg.br			False	Exception calling "GetResult" with "0" argument(s): "An error occurred while sending the request."	not-resolved	no-automatic-action
amli.no	2026-07-21T16:37:33.8527207+00:00	failed			Exception calling "Wait" with "1" argument(s): "One or more errors occurred."	request-failure	0	0		http://amli.no/	amli.no			False	Exception calling "GetResult" with "0" argument(s): "An error occurred while sending the request."	request-failure	0	0		https://amli.no/	amli.no			False	Exception calling "GetResult" with "0" argument(s): "An error occurred while sending the request."	not-resolved	no-automatic-action
amplifyapp.com	2026-07-21T16:37:34.9281794+00:00	failed			Exception calling "Wait" with "1" argument(s): "One or more errors occurred."	request-failure	0	0		http://amplifyapp.com/	amplifyapp.com			False	Exception calling "GetResult" with "0" argument(s): "An error occurred while sending the request."	request-failure	0	0		https://amplifyapp.com/	amplifyapp.com			False	Exception calling "GetResult" with "0" argument(s): "An error occurred while sending the request."	not-resolved	no-automatic-action
an.it	2026-07-21T16:37:35.9722590+00:00	failed			Exception calling "Wait" with "1" argument(s): "One or more errors occurred."	request-failure	0	0		http://an.it/	an.it			False	Exception calling "GetResult" with "0" argument(s): "An error occurred while sending the request."	request-failure	0	0		https://an.it/	an.it			False	Exception calling "GetResult" with "0" argument(s): "An error occurred while sending the request."	not-resolved	no-automatic-action
ancona.it	2026-07-21T16:37:37.0031086+00:00	failed			Exception calling "Wait" with "1" argument(s): "One or more errors occurred."	request-failure	0	0		http://ancona.it/	ancona.it			False	Exception calling "GetResult" with "0" argument(s): "An error occurred while sending the request."	request-failure	0	0		https://ancona.it/	ancona.it			False	Exception calling "GetResult" with "0" argument(s): "An error occurred while sending the request."	not-resolved	no-automatic-action
antagonist.cloud	2026-07-21T16:37:38.0312002+00:00	resolved	77.111.243.67	2a02:2350:5:113:ca:931:7e6e:d4a6		request-failure	307	1	https://antagonist.cloud/	http://antagonist.cloud/	antagonist.cloud	text/html; charset=utf-8		False	Exception calling "GetResult" with "0" argument(s): "An error occurred while sending the request."	request-failure	0	0		https://antagonist.cloud/	antagonist.cloud			False	Exception calling "GetResult" with "0" argument(s): "An error occurred while sending the request."	dns-only	retest-or-review-exact-host
ao.it	2026-07-21T16:37:39.5249781+00:00	failed			Exception calling "Wait" with "1" argument(s): "One or more errors occurred."	request-failure	0	0		http://ao.it/	ao.it			False	Exception calling "GetResult" with "0" argument(s): "An error occurred while sending the request."	request-failure	0	0		https://ao.it/	ao.it			False	Exception calling "GetResult" with "0" argument(s): "An error occurred while sending the request."	not-resolved	no-automatic-action
aomori.jp	2026-07-21T16:37:40.5560575+00:00	failed			Exception calling "Wait" with "1" argument(s): "One or more errors occurred."	request-failure	0	0		http://aomori.jp/	aomori.jp			False	Exception calling "GetResult" with "0" argument(s): "An error occurred while sending the request."	request-failure	0	0		https://aomori.jp/	aomori.jp			False	Exception calling "GetResult" with "0" argument(s): "An error occurred while sending the request."	not-resolved	no-automatic-action
aosta.it	2026-07-21T16:37:41.6054566+00:00	failed			Exception calling "Wait" with "1" argument(s): "One or more errors occurred."	request-failure	0	0		http://aosta.it/	aosta.it			False	Exception calling "GetResult" with "0" argument(s): "An error occurred while sending the request."	request-failure	0	0		https://aosta.it/	aosta.it			False	Exception calling "GetResult" with "0" argument(s): "An error occurred while sending the request."	not-resolved	no-automatic-action
ap.gov.br	2026-07-21T16:37:42.6372704+00:00	resolved	177.84.201.15			timeout	0	0		http://ap.gov.br/	ap.gov.br			False	Exception calling "GetResult" with "0" argument(s): "A task was canceled."	timeout	0	0		https://ap.gov.br/	ap.gov.br			False	Exception calling "GetResult" with "0" argument(s): "A task was canceled."	temporarily-inconclusive	retest-later
ap.gov.pl	2026-07-21T16:38:23.9358436+00:00	failed			Exception calling "Wait" with "1" argument(s): "One or more errors occurred."	request-failure	0	0		http://ap.gov.pl/	ap.gov.pl			False	Exception calling "GetResult" with "0" argument(s): "An error occurred while sending the request."	request-failure	0	0		https://ap.gov.pl/	ap.gov.pl			False	Exception calling "GetResult" with "0" argument(s): "An error occurred while sending the request."	not-resolved	no-automatic-action
ap.it	2026-07-21T16:38:24.9639262+00:00	failed			Exception calling "Wait" with "1" argument(s): "One or more errors occurred."	request-failure	0	0		http://ap.it/	ap.it			False	Exception calling "GetResult" with "0" argument(s): "An error occurred while sending the request."	request-failure	0	0		https://ap.it/	ap.it			False	Exception calling "GetResult" with "0" argument(s): "An error occurred while sending the request."	not-resolved	no-automatic-action
ap.leg.br	2026-07-21T16:38:26.0255719+00:00	failed			Exception calling "Wait" with "1" argument(s): "One or more errors occurred."	request-failure	0	0		http://ap.leg.br/	ap.leg.br			False	Exception calling "GetResult" with "0" argument(s): "An error occurred while sending the request."	request-failure	0	0		https://ap.leg.br/	ap.leg.br			False	Exception calling "GetResult" with "0" argument(s): "An error occurred while sending the request."	not-resolved	no-automatic-action
api.br	2026-07-21T16:38:27.4307101+00:00	failed			Exception calling "Wait" with "1" argument(s): "One or more errors occurred."	request-failure	0	0		http://api.br/	api.br			False	Exception calling "GetResult" with "0" argument(s): "An error occurred while sending the request."	request-failure	0	0		https://api.br/	api.br			False	Exception calling "GetResult" with "0" argument(s): "An error occurred while sending the request."	not-resolved	no-automatic-action
apigee.io	2026-07-21T16:38:28.4921039+00:00	failed			Exception calling "Wait" with "1" argument(s): "One or more errors occurred."	request-failure	0	0		http://apigee.io/	apigee.io			False	Exception calling "GetResult" with "0" argument(s): "An error occurred while sending the request."	request-failure	0	0		https://apigee.io/	apigee.io			False	Exception calling "GetResult" with "0" argument(s): "An error occurred while sending the request."	not-resolved	no-automatic-action
app.br	2026-07-21T16:38:29.8666818+00:00	failed			Exception calling "Wait" with "1" argument(s): "One or more errors occurred."	request-failure	0	0		http://app.br/	app.br			False	Exception calling "GetResult" with "0" argument(s): "An error occurred while sending the request."	request-failure	0	0		https://app.br/	app.br			False	Exception calling "GetResult" with "0" argument(s): "An error occurred while sending the request."	not-resolved	no-automatic-action
app-ionos.space	2026-07-21T16:38:31.0525950+00:00	failed			Exception calling "Wait" with "1" argument(s): "One or more errors occurred."	request-failure	0	0		http://app-ionos.space/	app-ionos.space			False	Exception calling "GetResult" with "0" argument(s): "An error occurred while sending the request."	request-failure	0	0		https://app-ionos.space/	app-ionos.space			False	Exception calling "GetResult" with "0" argument(s): "An error occurred while sending the request."	not-resolved	no-automatic-action
apps-1and1.com	2026-07-21T16:38:32.1461330+00:00	failed			Exception calling "Wait" with "1" argument(s): "One or more errors occurred."	request-failure	0	0		http://apps-1and1.com/	apps-1and1.com			False	Exception calling "GetResult" with "0" argument(s): "An error occurred while sending the request."	request-failure	0	0		https://apps-1and1.com/	apps-1and1.com			False	Exception calling "GetResult" with "0" argument(s): "An error occurred while sending the request."	not-resolved	no-automatic-action
apps-1and1.net	2026-07-21T16:38:33.1954280+00:00	failed			Exception calling "Wait" with "1" argument(s): "One or more errors occurred."	request-failure	0	0		http://apps-1and1.net/	apps-1and1.net			False	Exception calling "GetResult" with "0" argument(s): "An error occurred while sending the request."	request-failure	0	0		https://apps-1and1.net/	apps-1and1.net			False	Exception calling "GetResult" with "0" argument(s): "An error occurred while sending the request."	not-resolved	no-automatic-action
aq.it	2026-07-21T16:38:34.2902678+00:00	failed			Exception calling "Wait" with "1" argument(s): "One or more errors occurred."	request-failure	0	0		http://aq.it/	aq.it			False	Exception calling "GetResult" with "0" argument(s): "An error occurred while sending the request."	request-failure	0	0		https://aq.it/	aq.it			False	Exception calling "GetResult" with "0" argument(s): "An error occurred while sending the request."	not-resolved	no-automatic-action
aquila.it	2026-07-21T16:38:35.3338024+00:00	resolved	139.162.174.209,139.162.181.76,172.104.149.86,172.104.203.186,172.104.251.198	2a01:7e01::2000:dff:fec1:5cdb,2a01:7e01::f03c:95ff:fe00:2692,2a01:7e01::f03c:95ff:fe91:5d91,2a01:7e01::f03c:95ff:feeb:9d4b,2a01:7e01::f03c:95ff:feed:783e		timeout	0	0		http://aquila.it/	aquila.it			False	Exception calling "GetResult" with "0" argument(s): "A task was canceled."	timeout	0	0		https://aquila.it/	aquila.it			False	Exception calling "GetResult" with "0" argument(s): "A task was canceled."	temporarily-inconclusive	retest-later
ar.it	2026-07-21T16:39:16.4294929+00:00	failed			Exception calling "Wait" with "1" argument(s): "One or more errors occurred."	request-failure	0	0		http://ar.it/	ar.it			False	Exception calling "GetResult" with "0" argument(s): "An error occurred while sending the request."	request-failure	0	0		https://ar.it/	ar.it			False	Exception calling "GetResult" with "0" argument(s): "An error occurred while sending the request."	not-resolved	no-automatic-action
ar.us	2026-07-21T16:39:17.4582221+00:00	failed			Exception calling "Wait" with "1" argument(s): "One or more errors occurred."	request-failure	0	0		http://ar.us/	ar.us			False	Exception calling "GetResult" with "0" argument(s): "An error occurred while sending the request."	request-failure	0	0		https://ar.us/	ar.us			False	Exception calling "GetResult" with "0" argument(s): "An error occurred while sending the request."	not-resolved	no-automatic-action
ardal.no	2026-07-21T16:39:18.4986389+00:00	failed			Exception calling "Wait" with "1" argument(s): "One or more errors occurred."	request-failure	0	0		http://ardal.no/	ardal.no			False	Exception calling "GetResult" with "0" argument(s): "An error occurred while sending the request."	request-failure	0	0		https://ardal.no/	ardal.no			False	Exception calling "GetResult" with "0" argument(s): "An error occurred while sending the request."	not-resolved	no-automatic-action
aremark.no	2026-07-21T16:39:19.5904724+00:00	failed			Exception calling "Wait" with "1" argument(s): "One or more errors occurred."	request-failure	0	0		http://aremark.no/	aremark.no			False	Exception calling "GetResult" with "0" argument(s): "An error occurred while sending the request."	request-failure	0	0		https://aremark.no/	aremark.no			False	Exception calling "GetResult" with "0" argument(s): "An error occurred while sending the request."	not-resolved	no-automatic-action
arezzo.it	2026-07-21T16:39:20.6684994+00:00	failed			Exception calling "Wait" with "1" argument(s): "One or more errors occurred."	request-failure	0	0		http://arezzo.it/	arezzo.it			False	Exception calling "GetResult" with "0" argument(s): "An error occurred while sending the request."	request-failure	0	0		https://arezzo.it/	arezzo.it			False	Exception calling "GetResult" with "0" argument(s): "An error occurred while sending the request."	not-resolved	no-automatic-action
arq.br	2026-07-21T16:39:21.7088569+00:00	failed			Exception calling "Wait" with "1" argument(s): "One or more errors occurred."	request-failure	0	0		http://arq.br/	arq.br			False	Exception calling "GetResult" with "0" argument(s): "An error occurred while sending the request."	request-failure	0	0		https://arq.br/	arq.br			False	Exception calling "GetResult" with "0" argument(s): "An error occurred while sending the request."	not-resolved	no-automatic-action
art.br	2026-07-21T16:39:22.7718551+00:00	failed			Exception calling "Wait" with "1" argument(s): "One or more errors occurred."	request-failure	0	0		http://art.br/	art.br			False	Exception calling "GetResult" with "0" argument(s): "An error occurred while sending the request."	request-failure	0	0		https://art.br/	art.br			False	Exception calling "GetResult" with "0" argument(s): "An error occurred while sending the request."	not-resolved	no-automatic-action
arts.ro	2026-07-21T16:39:23.8213556+00:00	failed			Exception calling "Wait" with "1" argument(s): "One or more errors occurred."	request-failure	0	0		http://arts.ro/	arts.ro			False	Exception calling "GetResult" with "0" argument(s): "An error occurred while sending the request."	request-failure	0	0		https://arts.ro/	arts.ro			False	Exception calling "GetResult" with "0" argument(s): "An error occurred while sending the request."	not-resolved	no-automatic-action
arvanedge.ir	2026-07-21T16:39:24.8834357+00:00	resolved	185.143.232.200,185.143.233.200,185.143.234.200,185.143.235.200			request-failure	301	1	https://arvanedge.ir/	http://arvanedge.ir/	arvanedge.ir	text/html	ArvanCloud	False	Exception calling "GetResult" with "0" argument(s): "An error occurred while sending the request."	request-failure	0	0		https://arvanedge.ir/	arvanedge.ir			False	Exception calling "GetResult" with "0" argument(s): "An error occurred while sending the request."	dns-only	retest-or-review-exact-host
askvoll.no	2026-07-21T16:39:26.2857812+00:00	failed			Exception calling "Wait" with "1" argument(s): "One or more errors occurred."	request-failure	0	0		http://askvoll.no/	askvoll.no			False	Exception calling "GetResult" with "0" argument(s): "An error occurred while sending the request."	request-failure	0	0		https://askvoll.no/	askvoll.no			False	Exception calling "GetResult" with "0" argument(s): "An error occurred while sending the request."	not-resolved	no-automatic-action
asn.au	2026-07-21T16:39:27.3481388+00:00	failed			Exception calling "Wait" with "1" argument(s): "One or more errors occurred."	request-failure	0	0		http://asn.au/	asn.au			False	Exception calling "GetResult" with "0" argument(s): "An error occurred while sending the request."	request-failure	0	0		https://asn.au/	asn.au			False	Exception calling "GetResult" with "0" argument(s): "An error occurred while sending the request."	not-resolved	no-automatic-action
asso.fr	2026-07-21T16:39:28.4005910+00:00	failed			Exception calling "Wait" with "1" argument(s): "One or more errors occurred."	request-failure	0	0		http://asso.fr/	asso.fr			False	Exception calling "GetResult" with "0" argument(s): "An error occurred while sending the request."	request-failure	0	0		https://asso.fr/	asso.fr			False	Exception calling "GetResult" with "0" argument(s): "An error occurred while sending the request."	not-resolved	no-automatic-action
asso.mc	2026-07-21T16:39:29.4297966+00:00	failed			Exception calling "Wait" with "1" argument(s): "One or more errors occurred."	request-failure	0	0		http://asso.mc/	asso.mc			False	Exception calling "GetResult" with "0" argument(s): "An error occurred while sending the request."	request-failure	0	0		https://asso.mc/	asso.mc			False	Exception calling "GetResult" with "0" argument(s): "An error occurred while sending the request."	not-resolved	no-automatic-action
asti.it	2026-07-21T16:39:30.5070080+00:00	failed			Exception calling "Wait" with "1" argument(s): "One or more errors occurred."	request-failure	0	0		http://asti.it/	asti.it			False	Exception calling "GetResult" with "0" argument(s): "An error occurred while sending the request."	request-failure	0	0		https://asti.it/	asti.it			False	Exception calling "GetResult" with "0" argument(s): "An error occurred while sending the request."	not-resolved	no-automatic-action
at.it	2026-07-21T16:39:31.5672865+00:00	failed			Exception calling "Wait" with "1" argument(s): "One or more errors occurred."	request-failure	0	0		http://at.it/	at.it			False	Exception calling "GetResult" with "0" argument(s): "An error occurred while sending the request."	request-failure	0	0		https://at.it/	at.it			False	Exception calling "GetResult" with "0" argument(s): "An error occurred while sending the request."	not-resolved	no-automatic-action
atm.pl	2026-07-21T16:39:32.5956032+00:00	failed			Exception calling "Wait" with "1" argument(s): "One or more errors occurred."	request-failure	0	0		http://atm.pl/	atm.pl			False	Exception calling "GetResult" with "0" argument(s): "An error occurred while sending the request."	request-failure	0	0		https://atm.pl/	atm.pl			False	Exception calling "GetResult" with "0" argument(s): "An error occurred while sending the request."	not-resolved	no-automatic-action
atmeta.com	2026-07-21T16:39:33.6291267+00:00	failed			Exception calling "Wait" with "1" argument(s): "One or more errors occurred."	request-failure	0	0		http://atmeta.com/	atmeta.com			False	Exception calling "GetResult" with "0" argument(s): "An error occurred while sending the request."	request-failure	0	0		https://atmeta.com/	atmeta.com			False	Exception calling "GetResult" with "0" argument(s): "An error occurred while sending the request."	not-resolved	no-automatic-action
augustow.pl	2026-07-21T16:39:34.6754095+00:00	failed			Exception calling "Wait" with "1" argument(s): "One or more errors occurred."	request-failure	0	0		http://augustow.pl/	augustow.pl			False	Exception calling "GetResult" with "0" argument(s): "An error occurred while sending the request."	request-failure	0	0		https://augustow.pl/	augustow.pl			False	Exception calling "GetResult" with "0" argument(s): "An error occurred while sending the request."	not-resolved	no-automatic-action
aus.basketball	2026-07-21T16:39:35.7351839+00:00	failed			Exception calling "Wait" with "1" argument(s): "One or more errors occurred."	request-failure	0	0		http://aus.basketball/	aus.basketball			False	Exception calling "GetResult" with "0" argument(s): "An error occurred while sending the request."	request-failure	0	0		https://aus.basketball/	aus.basketball			False	Exception calling "GetResult" with "0" argument(s): "An error occurred while sending the request."	not-resolved	no-automatic-action
auto.pl	2026-07-21T16:39:36.7865202+00:00	failed			Exception calling "Wait" with "1" argument(s): "One or more errors occurred."	request-failure	0	0		http://auto.pl/	auto.pl			False	Exception calling "GetResult" with "0" argument(s): "An error occurred while sending the request."	request-failure	0	0		https://auto.pl/	auto.pl			False	Exception calling "GetResult" with "0" argument(s): "An error occurred while sending the request."	not-resolved	no-automatic-action
av.it	2026-07-21T16:39:37.8327163+00:00	failed			Exception calling "Wait" with "1" argument(s): "One or more errors occurred."	request-failure	0	0		http://av.it/	av.it			False	Exception calling "GetResult" with "0" argument(s): "An error occurred while sending the request."	request-failure	0	0		https://av.it/	av.it			False	Exception calling "GetResult" with "0" argument(s): "An error occurred while sending the request."	not-resolved	no-automatic-action
av.tr	2026-07-21T16:39:38.8637690+00:00	failed			Exception calling "Wait" with "1" argument(s): "One or more errors occurred."	request-failure	0	0		http://av.tr/	av.tr			False	Exception calling "GetResult" with "0" argument(s): "An error occurred while sending the request."	request-failure	0	0		https://av.tr/	av.tr			False	Exception calling "GetResult" with "0" argument(s): "An error occurred while sending the request."	not-resolved	no-automatic-action
avellino.it	2026-07-21T16:39:39.9127792+00:00	failed			Exception calling "Wait" with "1" argument(s): "One or more errors occurred."	request-failure	0	0		http://avellino.it/	avellino.it			False	Exception calling "GetResult" with "0" argument(s): "An error occurred while sending the request."	request-failure	0	0		https://avellino.it/	avellino.it			False	Exception calling "GetResult" with "0" argument(s): "An error occurred while sending the request."	not-resolved	no-automatic-action
averoy.no	2026-07-21T16:39:40.9432893+00:00	failed			Exception calling "Wait" with "1" argument(s): "One or more errors occurred."	request-failure	0	0		http://averoy.no/	averoy.no			False	Exception calling "GetResult" with "0" argument(s): "An error occurred while sending the request."	request-failure	0	0		https://averoy.no/	averoy.no			False	Exception calling "GetResult" with "0" argument(s): "An error occurred while sending the request."	not-resolved	no-automatic-action
awsglobalaccelerator.com	2026-07-21T16:39:42.0226989+00:00	failed			Exception calling "Wait" with "1" argument(s): "One or more errors occurred."	request-failure	0	0		http://awsglobalaccelerator.com/	awsglobalaccelerator.com			False	Exception calling "GetResult" with "0" argument(s): "An error occurred while sending the request."	request-failure	0	0		https://awsglobalaccelerator.com/	awsglobalaccelerator.com			False	Exception calling "GetResult" with "0" argument(s): "An error occurred while sending the request."	not-resolved	no-automatic-action
az.us	2026-07-21T16:39:43.0701837+00:00	failed			Exception calling "Wait" with "1" argument(s): "One or more errors occurred."	request-failure	0	0		http://az.us/	az.us			False	Exception calling "GetResult" with "0" argument(s): "An error occurred while sending the request."	request-failure	0	0		https://az.us/	az.us			False	Exception calling "GetResult" with "0" argument(s): "An error occurred while sending the request."	not-resolved	no-automatic-action
azumino.nagano.jp	2026-07-21T16:39:44.1208824+00:00	failed			Exception calling "Wait" with "1" argument(s): "One or more errors occurred."	request-failure	0	0		http://azumino.nagano.jp/	azumino.nagano.jp			False	Exception calling "GetResult" with "0" argument(s): "An error occurred while sending the request."	request-failure	0	0		https://azumino.nagano.jp/	azumino.nagano.jp			False	Exception calling "GetResult" with "0" argument(s): "An error occurred while sending the request."	not-resolved	no-automatic-action
azure-api.net	2026-07-21T16:39:45.6779926+00:00	failed			Exception calling "Wait" with "1" argument(s): "One or more errors occurred."	request-failure	0	0		http://azure-api.net/	azure-api.net			False	Exception calling "GetResult" with "0" argument(s): "An error occurred while sending the request."	request-failure	0	0		https://azure-api.net/	azure-api.net			False	Exception calling "GetResult" with "0" argument(s): "An error occurred while sending the request."	not-resolved	no-automatic-action
azure-api.us	2026-07-21T16:39:46.7240046+00:00	failed			Exception calling "Wait" with "1" argument(s): "One or more errors occurred."	request-failure	0	0		http://azure-api.us/	azure-api.us			False	Exception calling "GetResult" with "0" argument(s): "An error occurred while sending the request."	request-failure	0	0		https://azure-api.us/	azure-api.us			False	Exception calling "GetResult" with "0" argument(s): "An error occurred while sending the request."	not-resolved	no-automatic-action
azureedge.net	2026-07-21T16:39:47.8790560+00:00	failed			Exception calling "Wait" with "1" argument(s): "One or more errors occurred."	request-failure	0	0		http://azureedge.net/	azureedge.net			False	Exception calling "GetResult" with "0" argument(s): "An error occurred while sending the request."	request-failure	0	0		https://azureedge.net/	azureedge.net			False	Exception calling "GetResult" with "0" argument(s): "An error occurred while sending the request."	not-resolved	no-automatic-action
azurefd.net	2026-07-21T16:39:48.9094837+00:00	failed			Exception calling "Wait" with "1" argument(s): "One or more errors occurred."	request-failure	0	0		http://azurefd.net/	azurefd.net			False	Exception calling "GetResult" with "0" argument(s): "An error occurred while sending the request."	request-failure	0	0		https://azurefd.net/	azurefd.net			False	Exception calling "GetResult" with "0" argument(s): "An error occurred while sending the request."	not-resolved	no-automatic-action
azure-mobile.net	2026-07-21T16:39:49.9394367+00:00	failed			Exception calling "Wait" with "1" argument(s): "One or more errors occurred."	request-failure	0	0		http://azure-mobile.net/	azure-mobile.net			False	Exception calling "GetResult" with "0" argument(s): "An error occurred while sending the request."	request-failure	0	0		https://azure-mobile.net/	azure-mobile.net			False	Exception calling "GetResult" with "0" argument(s): "An error occurred while sending the request."	not-resolved	no-automatic-action
azurestaticapps.net	2026-07-21T16:39:50.9730009+00:00	failed			Exception calling "Wait" with "1" argument(s): "One or more errors occurred."	request-failure	0	0		http://azurestaticapps.net/	azurestaticapps.net			False	Exception calling "GetResult" with "0" argument(s): "An error occurred while sending the request."	request-failure	0	0		https://azurestaticapps.net/	azurestaticapps.net			False	Exception calling "GetResult" with "0" argument(s): "An error occurred while sending the request."	not-resolved	no-automatic-action
azurewebsites.net	2026-07-21T16:39:52.0179054+00:00	failed			Exception calling "Wait" with "1" argument(s): "One or more errors occurred."	request-failure	0	0		http://azurewebsites.net/	azurewebsites.net			False	Exception calling "GetResult" with "0" argument(s): "An error occurred while sending the request."	request-failure	0	0		https://azurewebsites.net/	azurewebsites.net			False	Exception calling "GetResult" with "0" argument(s): "An error occurred while sending the request."	not-resolved	no-automatic-action
azurewebsites.us	2026-07-21T16:39:53.0493605+00:00	failed			Exception calling "Wait" with "1" argument(s): "One or more errors occurred."	request-failure	0	0		http://azurewebsites.us/	azurewebsites.us			False	Exception calling "GetResult" with "0" argument(s): "An error occurred while sending the request."	request-failure	0	0		https://azurewebsites.us/	azurewebsites.us			False	Exception calling "GetResult" with "0" argument(s): "An error occurred while sending the request."	not-resolved	no-automatic-action
b.br	2026-07-21T16:39:54.1921267+00:00	failed			Exception calling "Wait" with "1" argument(s): "One or more errors occurred."	request-failure	0	0		http://b.br/	b.br			False	Exception calling "GetResult" with "0" argument(s): "An error occurred while sending the request."	request-failure	0	0		https://b.br/	b.br			False	Exception calling "GetResult" with "0" argument(s): "An error occurred while sending the request."	not-resolved	no-automatic-action
ba.gov.br	2026-07-21T16:39:55.2716738+00:00	resolved	200.187.32.253			timeout	0	0		http://ba.gov.br/	ba.gov.br			False	Exception calling "GetResult" with "0" argument(s): "A task was canceled."	timeout	0	0		https://ba.gov.br/	ba.gov.br			False	Exception calling "GetResult" with "0" argument(s): "A task was canceled."	temporarily-inconclusive	retest-later
ba.it	2026-07-21T16:40:39.5744416+00:00	failed			Exception calling "Wait" with "1" argument(s): "One or more errors occurred."	request-failure	0	0		http://ba.it/	ba.it			False	Exception calling "GetResult" with "0" argument(s): "An error occurred while sending the request."	request-failure	0	0		https://ba.it/	ba.it			False	Exception calling "GetResult" with "0" argument(s): "An error occurred while sending the request."	not-resolved	no-automatic-action
ba.leg.br	2026-07-21T16:40:40.6553048+00:00	failed			Exception calling "Wait" with "1" argument(s): "One or more errors occurred."	request-failure	0	0		http://ba.leg.br/	ba.leg.br			False	Exception calling "GetResult" with "0" argument(s): "An error occurred while sending the request."	request-failure	0	0		https://ba.leg.br/	ba.leg.br			False	Exception calling "GetResult" with "0" argument(s): "An error occurred while sending the request."	not-resolved	no-automatic-action
babia-gora.pl	2026-07-21T16:40:41.9377095+00:00	failed			Exception calling "Wait" with "1" argument(s): "One or more errors occurred."	request-failure	0	0		http://babia-gora.pl/	babia-gora.pl			False	Exception calling "GetResult" with "0" argument(s): "An error occurred while sending the request."	request-failure	0	0		https://babia-gora.pl/	babia-gora.pl			False	Exception calling "GetResult" with "0" argument(s): "An error occurred while sending the request."	not-resolved	no-automatic-action
bainbridge-isl.wa.us	2026-07-21T16:40:43.0004576+00:00	failed			Exception calling "Wait" with "1" argument(s): "One or more errors occurred."	request-failure	0	0		http://bainbridge-isl.wa.us/	bainbridge-isl.wa.us			False	Exception calling "GetResult" with "0" argument(s): "An error occurred while sending the request."	request-failure	0	0		https://bainbridge-isl.wa.us/	bainbridge-isl.wa.us			False	Exception calling "GetResult" with "0" argument(s): "An error occurred while sending the request."	not-resolved	no-automatic-action
balena-devices.com	2026-07-21T16:40:44.5776520+00:00	failed			Exception calling "Wait" with "1" argument(s): "One or more errors occurred."	request-failure	0	0		http://balena-devices.com/	balena-devices.com			False	Exception calling "GetResult" with "0" argument(s): "An error occurred while sending the request."	request-failure	0	0		https://balena-devices.com/	balena-devices.com			False	Exception calling "GetResult" with "0" argument(s): "An error occurred while sending the request."	not-resolved	no-automatic-action
bank.in	2026-07-21T16:40:45.6109688+00:00	failed			Exception calling "Wait" with "1" argument(s): "One or more errors occurred."	request-failure	0	0		http://bank.in/	bank.in			False	Exception calling "GetResult" with "0" argument(s): "An error occurred while sending the request."	request-failure	0	0		https://bank.in/	bank.in			False	Exception calling "GetResult" with "0" argument(s): "An error occurred while sending the request."	not-resolved	no-automatic-action
bari.it	2026-07-21T16:40:46.6723625+00:00	failed			Exception calling "Wait" with "1" argument(s): "One or more errors occurred."	request-failure	0	0		http://bari.it/	bari.it			False	Exception calling "GetResult" with "0" argument(s): "An error occurred while sending the request."	request-failure	0	0		https://bari.it/	bari.it			False	Exception calling "GetResult" with "0" argument(s): "An error occurred while sending the request."	not-resolved	no-automatic-action
barsy.in	2026-07-21T16:40:47.7303503+00:00	failed			Exception calling "Wait" with "1" argument(s): "One or more errors occurred."	request-failure	0	0		http://barsy.in/	barsy.in			False	Exception calling "GetResult" with "0" argument(s): "An error occurred while sending the request."	request-failure	0	0		https://barsy.in/	barsy.in			False	Exception calling "GetResult" with "0" argument(s): "An error occurred while sending the request."	not-resolved	no-automatic-action
barsy.support	2026-07-21T16:40:48.8326732+00:00	resolved	149.33.16.29			timeout	0	0		http://barsy.support/	barsy.support			False	Exception calling "GetResult" with "0" argument(s): "A task was canceled."	timeout	0	0		https://barsy.support/	barsy.support			False	Exception calling "GetResult" with "0" argument(s): "A task was canceled."	temporarily-inconclusive	retest-later
basicserver.io	2026-07-21T16:41:30.1601851+00:00	failed			Exception calling "Wait" with "1" argument(s): "One or more errors occurred."	request-failure	0	0		http://basicserver.io/	basicserver.io			False	Exception calling "GetResult" with "0" argument(s): "An error occurred while sending the request."	request-failure	0	0		https://basicserver.io/	basicserver.io			False	Exception calling "GetResult" with "0" argument(s): "An error occurred while sending the request."	not-resolved	no-automatic-action
basilicata.it	2026-07-21T16:41:31.2666746+00:00	failed			Exception calling "Wait" with "1" argument(s): "One or more errors occurred."	request-failure	0	0		http://basilicata.it/	basilicata.it			False	Exception calling "GetResult" with "0" argument(s): "An error occurred while sending the request."	request-failure	0	0		https://basilicata.it/	basilicata.it			False	Exception calling "GetResult" with "0" argument(s): "An error occurred while sending the request."	not-resolved	no-automatic-action
bbs.tr	2026-07-21T16:41:32.3279409+00:00	failed			Exception calling "Wait" with "1" argument(s): "One or more errors occurred."	request-failure	0	0		http://bbs.tr/	bbs.tr			False	Exception calling "GetResult" with "0" argument(s): "An error occurred while sending the request."	request-failure	0	0		https://bbs.tr/	bbs.tr			False	Exception calling "GetResult" with "0" argument(s): "An error occurred while sending the request."	not-resolved	no-automatic-action
bc.ca	2026-07-21T16:41:33.4078292+00:00	failed			Exception calling "Wait" with "1" argument(s): "One or more errors occurred."	request-failure	0	0		http://bc.ca/	bc.ca			False	Exception calling "GetResult" with "0" argument(s): "An error occurred while sending the request."	request-failure	0	0		https://bc.ca/	bc.ca			False	Exception calling "GetResult" with "0" argument(s): "An error occurred while sending the request."	not-resolved	no-automatic-action
b-data.io	2026-07-21T16:41:34.4728516+00:00	resolved	51.154.66.131	2a04:ee41:2:d0a2:eee7:a7ff:fe01:418c		timeout	0	0		http://b-data.io/	b-data.io			False	Exception calling "GetResult" with "0" argument(s): "A task was canceled."	timeout	0	0		https://b-data.io/	b-data.io			False	Exception calling "GetResult" with "0" argument(s): "A task was canceled."	temporarily-inconclusive	retest-later
bedzin.pl	2026-07-21T16:42:15.5443097+00:00	failed			Exception calling "Wait" with "1" argument(s): "One or more errors occurred."	request-failure	0	0		http://bedzin.pl/	bedzin.pl			False	Exception calling "GetResult" with "0" argument(s): "An error occurred while sending the request."	request-failure	0	0		https://bedzin.pl/	bedzin.pl			False	Exception calling "GetResult" with "0" argument(s): "An error occurred while sending the request."	not-resolved	no-automatic-action
bel.tr	2026-07-21T16:42:16.6228444+00:00	failed			Exception calling "Wait" with "1" argument(s): "One or more errors occurred."	request-failure	0	0		http://bel.tr/	bel.tr			False	Exception calling "GetResult" with "0" argument(s): "An error occurred while sending the request."	request-failure	0	0		https://bel.tr/	bel.tr			False	Exception calling "GetResult" with "0" argument(s): "An error occurred while sending the request."	not-resolved	no-automatic-action
belem.br	2026-07-21T16:42:17.6819404+00:00	failed			Exception calling "Wait" with "1" argument(s): "One or more errors occurred."	request-failure	0	0		http://belem.br/	belem.br			False	Exception calling "GetResult" with "0" argument(s): "An error occurred while sending the request."	request-failure	0	0		https://belem.br/	belem.br			False	Exception calling "GetResult" with "0" argument(s): "An error occurred while sending the request."	not-resolved	no-automatic-action
bellevue.wa.us	2026-07-21T16:42:18.7397084+00:00	failed			Exception calling "Wait" with "1" argument(s): "One or more errors occurred."	request-failure	0	0		http://bellevue.wa.us/	bellevue.wa.us			False	Exception calling "GetResult" with "0" argument(s): "An error occurred while sending the request."	request-failure	0	0		https://bellevue.wa.us/	bellevue.wa.us			False	Exception calling "GetResult" with "0" argument(s): "An error occurred while sending the request."	not-resolved	no-automatic-action
belluno.it	2026-07-21T16:42:20.1406858+00:00	failed			Exception calling "Wait" with "1" argument(s): "One or more errors occurred."	request-failure	0	0		http://belluno.it/	belluno.it			False	Exception calling "GetResult" with "0" argument(s): "An error occurred while sending the request."	request-failure	0	0		https://belluno.it/	belluno.it			False	Exception calling "GetResult" with "0" argument(s): "An error occurred while sending the request."	not-resolved	no-automatic-action
benevento.it	2026-07-21T16:42:21.2000283+00:00	failed			Exception calling "Wait" with "1" argument(s): "One or more errors occurred."	request-failure	0	0		http://benevento.it/	benevento.it			False	Exception calling "GetResult" with "0" argument(s): "An error occurred while sending the request."	request-failure	0	0		https://benevento.it/	benevento.it			False	Exception calling "GetResult" with "0" argument(s): "An error occurred while sending the request."	not-resolved	no-automatic-action
bergamo.it	2026-07-21T16:42:22.2639886+00:00	failed			Exception calling "Wait" with "1" argument(s): "One or more errors occurred."	request-failure	0	0		http://bergamo.it/	bergamo.it			False	Exception calling "GetResult" with "0" argument(s): "An error occurred while sending the request."	request-failure	0	0		https://bergamo.it/	bergamo.it			False	Exception calling "GetResult" with "0" argument(s): "An error occurred while sending the request."	not-resolved	no-automatic-action
beskidy.pl	2026-07-21T16:42:23.3079466+00:00	failed			Exception calling "Wait" with "1" argument(s): "One or more errors occurred."	request-failure	0	0		http://beskidy.pl/	beskidy.pl			False	Exception calling "GetResult" with "0" argument(s): "An error occurred while sending the request."	request-failure	0	0		https://beskidy.pl/	beskidy.pl			False	Exception calling "GetResult" with "0" argument(s): "An error occurred while sending the request."	not-resolved	no-automatic-action
bet.ar	2026-07-21T16:42:24.3523461+00:00	failed			Exception calling "Wait" with "1" argument(s): "One or more errors occurred."	request-failure	0	0		http://bet.ar/	bet.ar			False	Exception calling "GetResult" with "0" argument(s): "An error occurred while sending the request."	request-failure	0	0		https://bet.ar/	bet.ar			False	Exception calling "GetResult" with "0" argument(s): "An error occurred while sending the request."	not-resolved	no-automatic-action
bet.br	2026-07-21T16:42:25.4139056+00:00	failed			Exception calling "Wait" with "1" argument(s): "One or more errors occurred."	request-failure	0	0		http://bet.br/	bet.br			False	Exception calling "GetResult" with "0" argument(s): "An error occurred while sending the request."	request-failure	0	0		https://bet.br/	bet.br			False	Exception calling "GetResult" with "0" argument(s): "An error occurred while sending the request."	not-resolved	no-automatic-action
bg.it	2026-07-21T16:42:26.4799229+00:00	failed			Exception calling "Wait" with "1" argument(s): "One or more errors occurred."	request-failure	0	0		http://bg.it/	bg.it			False	Exception calling "GetResult" with "0" argument(s): "An error occurred while sending the request."	request-failure	0	0		https://bg.it/	bg.it			False	Exception calling "GetResult" with "0" argument(s): "An error occurred while sending the request."	not-resolved	no-automatic-action
bhz.br	2026-07-21T16:42:27.5471964+00:00	failed			Exception calling "Wait" with "1" argument(s): "One or more errors occurred."	request-failure	0	0		http://bhz.br/	bhz.br			False	Exception calling "GetResult" with "0" argument(s): "An error occurred while sending the request."	request-failure	0	0		https://bhz.br/	bhz.br			False	Exception calling "GetResult" with "0" argument(s): "An error occurred while sending the request."	not-resolved	no-automatic-action
bi.it	2026-07-21T16:42:28.8143817+00:00	failed			Exception calling "Wait" with "1" argument(s): "One or more errors occurred."	request-failure	0	0		http://bi.it/	bi.it			False	Exception calling "GetResult" with "0" argument(s): "An error occurred while sending the request."	request-failure	0	0		https://bi.it/	bi.it			False	Exception calling "GetResult" with "0" argument(s): "An error occurred while sending the request."	not-resolved	no-automatic-action
bialowieza.pl	2026-07-21T16:42:29.8756918+00:00	failed			Exception calling "Wait" with "1" argument(s): "One or more errors occurred."	request-failure	0	0		http://bialowieza.pl/	bialowieza.pl			False	Exception calling "GetResult" with "0" argument(s): "An error occurred while sending the request."	request-failure	0	0		https://bialowieza.pl/	bialowieza.pl			False	Exception calling "GetResult" with "0" argument(s): "An error occurred while sending the request."	not-resolved	no-automatic-action
bialystok.pl	2026-07-21T16:42:30.9087638+00:00	failed			Exception calling "Wait" with "1" argument(s): "One or more errors occurred."	request-failure	0	0		http://bialystok.pl/	bialystok.pl			False	Exception calling "GetResult" with "0" argument(s): "An error occurred while sending the request."	request-failure	0	0		https://bialystok.pl/	bialystok.pl			False	Exception calling "GetResult" with "0" argument(s): "An error occurred while sending the request."	not-resolved	no-automatic-action
bib.br	2026-07-21T16:42:31.9554076+00:00	failed			Exception calling "Wait" with "1" argument(s): "One or more errors occurred."	request-failure	0	0		http://bib.br/	bib.br			False	Exception calling "GetResult" with "0" argument(s): "An error occurred while sending the request."	request-failure	0	0		https://bib.br/	bib.br			False	Exception calling "GetResult" with "0" argument(s): "An error occurred while sending the request."	not-resolved	no-automatic-action
bib.ve	2026-07-21T16:42:33.2066185+00:00	failed			Exception calling "Wait" with "1" argument(s): "One or more errors occurred."	request-failure	0	0		http://bib.ve/	bib.ve			False	Exception calling "GetResult" with "0" argument(s): "An error occurred while sending the request."	request-failure	0	0		https://bib.ve/	bib.ve			False	Exception calling "GetResult" with "0" argument(s): "An error occurred while sending the request."	not-resolved	no-automatic-action
bielawa.pl	2026-07-21T16:42:34.7775140+00:00	failed			Exception calling "Wait" with "1" argument(s): "One or more errors occurred."	request-failure	0	0		http://bielawa.pl/	bielawa.pl			False	Exception calling "GetResult" with "0" argument(s): "An error occurred while sending the request."	request-failure	0	0		https://bielawa.pl/	bielawa.pl			False	Exception calling "GetResult" with "0" argument(s): "An error occurred while sending the request."	not-resolved	no-automatic-action
biella.it	2026-07-21T16:42:35.8115187+00:00	failed			Exception calling "Wait" with "1" argument(s): "One or more errors occurred."	request-failure	0	0		http://biella.it/	biella.it			False	Exception calling "GetResult" with "0" argument(s): "An error occurred while sending the request."	request-failure	0	0		https://biella.it/	biella.it			False	Exception calling "GetResult" with "0" argument(s): "An error occurred while sending the request."	not-resolved	no-automatic-action
bielsko.pl	2026-07-21T16:42:36.8887366+00:00	failed			Exception calling "Wait" with "1" argument(s): "One or more errors occurred."	request-failure	0	0		http://bielsko.pl/	bielsko.pl			False	Exception calling "GetResult" with "0" argument(s): "An error occurred while sending the request."	request-failure	0	0		https://bielsko.pl/	bielsko.pl			False	Exception calling "GetResult" with "0" argument(s): "An error occurred while sending the request."	not-resolved	no-automatic-action
bieszczady.pl	2026-07-21T16:42:37.9360917+00:00	failed			Exception calling "Wait" with "1" argument(s): "One or more errors occurred."	request-failure	0	0		http://bieszczady.pl/	bieszczady.pl			False	Exception calling "GetResult" with "0" argument(s): "An error occurred while sending the request."	request-failure	0	0		https://bieszczady.pl/	bieszczady.pl			False	Exception calling "GetResult" with "0" argument(s): "An error occurred while sending the request."	not-resolved	no-automatic-action
bio.br	2026-07-21T16:42:38.9650353+00:00	failed			Exception calling "Wait" with "1" argument(s): "One or more errors occurred."	request-failure	0	0		http://bio.br/	bio.br			False	Exception calling "GetResult" with "0" argument(s): "An error occurred while sending the request."	request-failure	0	0		https://bio.br/	bio.br			False	Exception calling "GetResult" with "0" argument(s): "An error occurred while sending the request."	not-resolved	no-automatic-action
biz.az	2026-07-21T16:42:40.1532034+00:00	failed			Exception calling "Wait" with "1" argument(s): "One or more errors occurred."	request-failure	0	0		http://biz.az/	biz.az			False	Exception calling "GetResult" with "0" argument(s): "An error occurred while sending the request."	request-failure	0	0		https://biz.az/	biz.az			False	Exception calling "GetResult" with "0" argument(s): "An error occurred while sending the request."	not-resolved	no-automatic-action
biz.dk	2026-07-21T16:42:41.2461768+00:00	failed			Exception calling "Wait" with "1" argument(s): "One or more errors occurred."	request-failure	0	0		http://biz.dk/	biz.dk			False	Exception calling "GetResult" with "0" argument(s): "An error occurred while sending the request."	request-failure	0	0		https://biz.dk/	biz.dk			False	Exception calling "GetResult" with "0" argument(s): "An error occurred while sending the request."	not-resolved	no-automatic-action
biz.id	2026-07-21T16:42:43.7973858+00:00	failed			Exception calling "Wait" with "1" argument(s): "One or more errors occurred."	request-failure	0	0		http://biz.id/	biz.id			False	Exception calling "GetResult" with "0" argument(s): "An error occurred while sending the request."	request-failure	0	0		https://biz.id/	biz.id			False	Exception calling "GetResult" with "0" argument(s): "An error occurred while sending the request."	not-resolved	no-automatic-action
biz.in	2026-07-21T16:42:44.8746011+00:00	failed			Exception calling "Wait" with "1" argument(s): "One or more errors occurred."	request-failure	0	0		http://biz.in/	biz.in			False	Exception calling "GetResult" with "0" argument(s): "An error occurred while sending the request."	request-failure	0	0		https://biz.in/	biz.in			False	Exception calling "GetResult" with "0" argument(s): "An error occurred while sending the request."	not-resolved	no-automatic-action
biz.my	2026-07-21T16:42:45.9383458+00:00	failed			Exception calling "Wait" with "1" argument(s): "One or more errors occurred."	request-failure	0	0		http://biz.my/	biz.my			False	Exception calling "GetResult" with "0" argument(s): "An error occurred while sending the request."	request-failure	0	0		https://biz.my/	biz.my			False	Exception calling "GetResult" with "0" argument(s): "An error occurred while sending the request."	not-resolved	no-automatic-action
biz.pk	2026-07-21T16:42:47.1529900+00:00	failed			Exception calling "Wait" with "1" argument(s): "One or more errors occurred."	request-failure	0	0		http://biz.pk/	biz.pk			False	Exception calling "GetResult" with "0" argument(s): "An error occurred while sending the request."	request-failure	0	0		https://biz.pk/	biz.pk			False	Exception calling "GetResult" with "0" argument(s): "An error occurred while sending the request."	not-resolved	no-automatic-action
biz.pl	2026-07-21T16:42:48.1991037+00:00	failed			Exception calling "Wait" with "1" argument(s): "One or more errors occurred."	request-failure	0	0		http://biz.pl/	biz.pl			False	Exception calling "GetResult" with "0" argument(s): "An error occurred while sending the request."	request-failure	0	0		https://biz.pl/	biz.pl			False	Exception calling "GetResult" with "0" argument(s): "An error occurred while sending the request."	not-resolved	no-automatic-action
biz.tr	2026-07-21T16:42:49.2750793+00:00	failed			Exception calling "Wait" with "1" argument(s): "One or more errors occurred."	request-failure	0	0		http://biz.tr/	biz.tr			False	Exception calling "GetResult" with "0" argument(s): "An error occurred while sending the request."	request-failure	0	0		https://biz.tr/	biz.tr			False	Exception calling "GetResult" with "0" argument(s): "An error occurred while sending the request."	not-resolved	no-automatic-action
biz.ua	2026-07-21T16:42:50.3539763+00:00	failed			Exception calling "Wait" with "1" argument(s): "One or more errors occurred."	request-failure	0	0		http://biz.ua/	biz.ua			False	Exception calling "GetResult" with "0" argument(s): "An error occurred while sending the request."	request-failure	0	0		https://biz.ua/	biz.ua			False	Exception calling "GetResult" with "0" argument(s): "An error occurred while sending the request."	not-resolved	no-automatic-action
biz.vn	2026-07-21T16:42:51.4489781+00:00	failed			Exception calling "Wait" with "1" argument(s): "One or more errors occurred."	request-failure	0	0		http://biz.vn/	biz.vn			False	Exception calling "GetResult" with "0" argument(s): "An error occurred while sending the request."	request-failure	0	0		https://biz.vn/	biz.vn			False	Exception calling "GetResult" with "0" argument(s): "An error occurred while sending the request."	not-resolved	no-automatic-action
bj.cn	2026-07-21T16:42:52.4933278+00:00	failed			Exception calling "Wait" with "1" argument(s): "One or more errors occurred."	request-failure	0	0		http://bj.cn/	bj.cn			False	Exception calling "GetResult" with "0" argument(s): "An error occurred while sending the request."	request-failure	0	0		https://bj.cn/	bj.cn			False	Exception calling "GetResult" with "0" argument(s): "An error occurred while sending the request."	not-resolved	no-automatic-action
bl.it	2026-07-21T16:42:53.7427101+00:00	failed			Exception calling "Wait" with "1" argument(s): "One or more errors occurred."	request-failure	0	0		http://bl.it/	bl.it			False	Exception calling "GetResult" with "0" argument(s): "An error occurred while sending the request."	request-failure	0	0		https://bl.it/	bl.it			False	Exception calling "GetResult" with "0" argument(s): "An error occurred while sending the request."	not-resolved	no-automatic-action
blackbaudcdn.net	2026-07-21T16:42:54.7727685+00:00	failed			Exception calling "Wait" with "1" argument(s): "One or more errors occurred."	request-failure	0	0		http://blackbaudcdn.net/	blackbaudcdn.net			False	Exception calling "GetResult" with "0" argument(s): "An error occurred while sending the request."	request-failure	0	0		https://blackbaudcdn.net/	blackbaudcdn.net			False	Exception calling "GetResult" with "0" argument(s): "An error occurred while sending the request."	not-resolved	no-automatic-action
blob.core.windows.net	2026-07-21T16:42:55.8192347+00:00	failed			Exception calling "Wait" with "1" argument(s): "One or more errors occurred."	request-failure	0	0		http://blob.core.windows.net/	blob.core.windows.net			False	Exception calling "GetResult" with "0" argument(s): "An error occurred while sending the request."	request-failure	0	0		https://blob.core.windows.net/	blob.core.windows.net			False	Exception calling "GetResult" with "0" argument(s): "An error occurred while sending the request."	not-resolved	no-automatic-action
blog.br	2026-07-21T16:42:56.8526070+00:00	failed			Exception calling "Wait" with "1" argument(s): "One or more errors occurred."	request-failure	0	0		http://blog.br/	blog.br			False	Exception calling "GetResult" with "0" argument(s): "An error occurred while sending the request."	request-failure	0	0		https://blog.br/	blog.br			False	Exception calling "GetResult" with "0" argument(s): "An error occurred while sending the request."	not-resolved	no-automatic-action
bn.it	2026-07-21T16:42:57.9295473+00:00	failed			Exception calling "Wait" with "1" argument(s): "One or more errors occurred."	request-failure	0	0		http://bn.it/	bn.it			False	Exception calling "GetResult" with "0" argument(s): "An error occurred while sending the request."	request-failure	0	0		https://bn.it/	bn.it			False	Exception calling "GetResult" with "0" argument(s): "An error occurred while sending the request."	not-resolved	no-automatic-action
bo.it	2026-07-21T16:42:59.0064852+00:00	failed			Exception calling "Wait" with "1" argument(s): "One or more errors occurred."	request-failure	0	0		http://bo.it/	bo.it			False	Exception calling "GetResult" with "0" argument(s): "An error occurred while sending the request."	request-failure	0	0		https://bo.it/	bo.it			False	Exception calling "GetResult" with "0" argument(s): "An error occurred while sending the request."	not-resolved	no-automatic-action
bodo.no	2026-07-21T16:43:00.0417642+00:00	failed			Exception calling "Wait" with "1" argument(s): "One or more errors occurred."	request-failure	0	0		http://bodo.no/	bodo.no			False	Exception calling "GetResult" with "0" argument(s): "An error occurred while sending the request."	request-failure	0	0		https://bodo.no/	bodo.no			False	Exception calling "GetResult" with "0" argument(s): "An error occurred while sending the request."	not-resolved	no-automatic-action
boleslawiec.pl	2026-07-21T16:43:01.2123797+00:00	failed			Exception calling "Wait" with "1" argument(s): "One or more errors occurred."	request-failure	0	0		http://boleslawiec.pl/	boleslawiec.pl			False	Exception calling "GetResult" with "0" argument(s): "An error occurred while sending the request."	request-failure	0	0		https://boleslawiec.pl/	boleslawiec.pl			False	Exception calling "GetResult" with "0" argument(s): "An error occurred while sending the request."	not-resolved	no-automatic-action
bolivia.bo	2026-07-21T16:43:02.2420734+00:00	failed			Exception calling "Wait" with "1" argument(s): "One or more errors occurred."	request-failure	0	0		http://bolivia.bo/	bolivia.bo			False	Exception calling "GetResult" with "0" argument(s): "An error occurred while sending the request."	request-failure	0	0		https://bolivia.bo/	bolivia.bo			False	Exception calling "GetResult" with "0" argument(s): "An error occurred while sending the request."	not-resolved	no-automatic-action
bologna.it	2026-07-21T16:43:03.3398242+00:00	failed			Exception calling "Wait" with "1" argument(s): "One or more errors occurred."	request-failure	0	0		http://bologna.it/	bologna.it			False	Exception calling "GetResult" with "0" argument(s): "An error occurred while sending the request."	request-failure	0	0		https://bologna.it/	bologna.it			False	Exception calling "GetResult" with "0" argument(s): "An error occurred while sending the request."	not-resolved	no-automatic-action
bolt.hu	2026-07-21T16:43:04.4014194+00:00	failed			Exception calling "Wait" with "1" argument(s): "One or more errors occurred."	request-failure	0	0		http://bolt.hu/	bolt.hu			False	Exception calling "GetResult" with "0" argument(s): "An error occurred while sending the request."	request-failure	0	0		https://bolt.hu/	bolt.hu			False	Exception calling "GetResult" with "0" argument(s): "An error occurred while sending the request."	not-resolved	no-automatic-action
bolzano.it	2026-07-21T16:43:05.4312654+00:00	failed			Exception calling "Wait" with "1" argument(s): "One or more errors occurred."	request-failure	0	0		http://bolzano.it/	bolzano.it			False	Exception calling "GetResult" with "0" argument(s): "An error occurred while sending the request."	request-failure	0	0		https://bolzano.it/	bolzano.it			False	Exception calling "GetResult" with "0" argument(s): "An error occurred while sending the request."	not-resolved	no-automatic-action
bona.jp	2026-07-21T16:43:06.4751591+00:00	failed			Exception calling "Wait" with "1" argument(s): "One or more errors occurred."	request-failure	0	0		http://bona.jp/	bona.jp			False	Exception calling "GetResult" with "0" argument(s): "An error occurred while sending the request."	request-failure	0	0		https://bona.jp/	bona.jp			False	Exception calling "GetResult" with "0" argument(s): "An error occurred while sending the request."	not-resolved	no-automatic-action
box.ca	2026-07-21T16:43:07.7827647+00:00	resolved	72.21.17.229	2602:fdb8:132:103::2		timeout	0	0		http://box.ca/	box.ca			False	Exception calling "GetResult" with "0" argument(s): "A task was canceled."	timeout	0	0		https://box.ca/	box.ca			False	Exception calling "GetResult" with "0" argument(s): "A task was canceled."	temporarily-inconclusive	retest-later
bozen.it	2026-07-21T16:43:48.8510388+00:00	failed			Exception calling "Wait" with "1" argument(s): "One or more errors occurred."	request-failure	0	0		http://bozen.it/	bozen.it			False	Exception calling "GetResult" with "0" argument(s): "An error occurred while sending the request."	request-failure	0	0		https://bozen.it/	bozen.it			False	Exception calling "GetResult" with "0" argument(s): "An error occurred while sending the request."	not-resolved	no-automatic-action
br.it	2026-07-21T16:43:49.8862607+00:00	failed			Exception calling "Wait" with "1" argument(s): "One or more errors occurred."	request-failure	0	0		http://br.it/	br.it			False	Exception calling "GetResult" with "0" argument(s): "An error occurred while sending the request."	request-failure	0	0		https://br.it/	br.it			False	Exception calling "GetResult" with "0" argument(s): "An error occurred while sending the request."	not-resolved	no-automatic-action
bremerton.wa.us	2026-07-21T16:43:50.9248758+00:00	failed			Exception calling "Wait" with "1" argument(s): "One or more errors occurred."	request-failure	0	0		http://bremerton.wa.us/	bremerton.wa.us			False	Exception calling "GetResult" with "0" argument(s): "An error occurred while sending the request."	request-failure	0	0		https://bremerton.wa.us/	bremerton.wa.us			False	Exception calling "GetResult" with "0" argument(s): "An error occurred while sending the request."	not-resolved	no-automatic-action
brescia.it	2026-07-21T16:43:52.3490872+00:00	failed			Exception calling "Wait" with "1" argument(s): "One or more errors occurred."	request-failure	0	0		http://brescia.it/	brescia.it			False	Exception calling "GetResult" with "0" argument(s): "An error occurred while sending the request."	request-failure	0	0		https://brescia.it/	brescia.it			False	Exception calling "GetResult" with "0" argument(s): "An error occurred while sending the request."	not-resolved	no-automatic-action
brindisi.it	2026-07-21T16:43:53.4038978+00:00	failed			Exception calling "Wait" with "1" argument(s): "One or more errors occurred."	request-failure	0	0		http://brindisi.it/	brindisi.it			False	Exception calling "GetResult" with "0" argument(s): "An error occurred while sending the request."	request-failure	0	0		https://brindisi.it/	brindisi.it			False	Exception calling "GetResult" with "0" argument(s): "An error occurred while sending the request."	not-resolved	no-automatic-action
browsersafetymark.io	2026-07-21T16:43:54.4494910+00:00	resolved	35.161.17.166			timeout	0	0		http://browsersafetymark.io/	browsersafetymark.io			False	Exception calling "GetResult" with "0" argument(s): "A task was canceled."	timeout	0	0		https://browsersafetymark.io/	browsersafetymark.io			False	Exception calling "GetResult" with "0" argument(s): "A task was canceled."	temporarily-inconclusive	retest-later
bryne.no	2026-07-21T16:44:35.5081524+00:00	failed			Exception calling "Wait" with "1" argument(s): "One or more errors occurred."	request-failure	0	0		http://bryne.no/	bryne.no			False	Exception calling "GetResult" with "0" argument(s): "An error occurred while sending the request."	request-failure	0	0		https://bryne.no/	bryne.no			False	Exception calling "GetResult" with "0" argument(s): "An error occurred while sending the request."	not-resolved	no-automatic-action
bs.it	2026-07-21T16:44:36.6490195+00:00	failed			Exception calling "Wait" with "1" argument(s): "One or more errors occurred."	request-failure	0	0		http://bs.it/	bs.it			False	Exception calling "GetResult" with "0" argument(s): "An error occurred while sending the request."	request-failure	0	0		https://bs.it/	bs.it			False	Exception calling "GetResult" with "0" argument(s): "An error occurred while sending the request."	not-resolved	no-automatic-action
bsb.br	2026-07-21T16:44:37.6954748+00:00	failed			Exception calling "Wait" with "1" argument(s): "One or more errors occurred."	request-failure	0	0		http://bsb.br/	bsb.br			False	Exception calling "GetResult" with "0" argument(s): "An error occurred while sending the request."	request-failure	0	0		https://bsb.br/	bsb.br			False	Exception calling "GetResult" with "0" argument(s): "An error occurred while sending the request."	not-resolved	no-automatic-action
bt.it	2026-07-21T16:44:38.7736644+00:00	failed			Exception calling "Wait" with "1" argument(s): "One or more errors occurred."	request-failure	0	0		http://bt.it/	bt.it			False	Exception calling "GetResult" with "0" argument(s): "An error occurred while sending the request."	request-failure	0	0		https://bt.it/	bt.it			False	Exception calling "GetResult" with "0" argument(s): "An error occurred while sending the request."	not-resolved	no-automatic-action
bungotakada.oita.jp	2026-07-21T16:44:39.8351178+00:00	failed			Exception calling "Wait" with "1" argument(s): "One or more errors occurred."	request-failure	0	0		http://bungotakada.oita.jp/	bungotakada.oita.jp			False	Exception calling "GetResult" with "0" argument(s): "An error occurred while sending the request."	request-failure	0	0		https://bungotakada.oita.jp/	bungotakada.oita.jp			False	Exception calling "GetResult" with "0" argument(s): "An error occurred while sending the request."	not-resolved	no-automatic-action
busan.kr	2026-07-21T16:44:40.9723993+00:00	failed			Exception calling "Wait" with "1" argument(s): "One or more errors occurred."	request-failure	0	0		http://busan.kr/	busan.kr			False	Exception calling "GetResult" with "0" argument(s): "An error occurred while sending the request."	request-failure	0	0		https://busan.kr/	busan.kr			False	Exception calling "GetResult" with "0" argument(s): "An error occurred while sending the request."	not-resolved	no-automatic-action
business.in	2026-07-21T16:44:42.0731398+00:00	failed			Exception calling "Wait" with "1" argument(s): "One or more errors occurred."	request-failure	0	0		http://business.in/	business.in			False	Exception calling "GetResult" with "0" argument(s): "An error occurred while sending the request."	request-failure	0	0		https://business.in/	business.in			False	Exception calling "GetResult" with "0" argument(s): "An error occurred while sending the request."	not-resolved	no-automatic-action
bydgoszcz.pl	2026-07-21T16:44:43.1168664+00:00	failed			Exception calling "Wait" with "1" argument(s): "One or more errors occurred."	request-failure	0	0		http://bydgoszcz.pl/	bydgoszcz.pl			False	Exception calling "GetResult" with "0" argument(s): "An error occurred while sending the request."	request-failure	0	0		https://bydgoszcz.pl/	bydgoszcz.pl			False	Exception calling "GetResult" with "0" argument(s): "An error occurred while sending the request."	not-resolved	no-automatic-action
bytom.pl	2026-07-21T16:44:44.1584760+00:00	failed			Exception calling "Wait" with "1" argument(s): "One or more errors occurred."	request-failure	0	0		http://bytom.pl/	bytom.pl			False	Exception calling "GetResult" with "0" argument(s): "An error occurred while sending the request."	request-failure	0	0		https://bytom.pl/	bytom.pl			False	Exception calling "GetResult" with "0" argument(s): "An error occurred while sending the request."	not-resolved	no-automatic-action
bz.it	2026-07-21T16:44:45.1900758+00:00	failed			Exception calling "Wait" with "1" argument(s): "One or more errors occurred."	request-failure	0	0		http://bz.it/	bz.it			False	Exception calling "GetResult" with "0" argument(s): "An error occurred while sending the request."	request-failure	0	0		https://bz.it/	bz.it			False	Exception calling "GetResult" with "0" argument(s): "An error occurred while sending the request."	not-resolved	no-automatic-action
c.se	2026-07-21T16:44:46.2343478+00:00	failed			Exception calling "Wait" with "1" argument(s): "One or more errors occurred."	request-failure	0	0		http://c.se/	c.se			False	Exception calling "GetResult" with "0" argument(s): "An error occurred while sending the request."	request-failure	0	0		https://c.se/	c.se			False	Exception calling "GetResult" with "0" argument(s): "An error occurred while sending the request."	not-resolved	no-automatic-action
c01.kr	2026-07-21T16:44:47.2985008+00:00	resolved	104.18.6.32,104.18.7.32	2606:4700::6812:620,2606:4700::6812:720		http-error-response	522	0		http://c01.kr/	c01.kr	text/plain; charset=UTF-8	cloudflare	False		http-error-response	522	0		https://c01.kr/	c01.kr	text/plain; charset=UTF-8	cloudflare	False		http-error-response	review-exact-host
c66.me	2026-07-21T16:45:27.3478835+00:00	failed			Exception calling "Wait" with "1" argument(s): "One or more errors occurred."	request-failure	0	0		http://c66.me/	c66.me			False	Exception calling "GetResult" with "0" argument(s): "An error occurred while sending the request."	request-failure	0	0		https://c66.me/	c66.me			False	Exception calling "GetResult" with "0" argument(s): "An error occurred while sending the request."	not-resolved	no-automatic-action
ca.in	2026-07-21T16:45:28.3939384+00:00	failed			Exception calling "Wait" with "1" argument(s): "One or more errors occurred."	request-failure	0	0		http://ca.in/	ca.in			False	Exception calling "GetResult" with "0" argument(s): "An error occurred while sending the request."	request-failure	0	0		https://ca.in/	ca.in			False	Exception calling "GetResult" with "0" argument(s): "An error occurred while sending the request."	not-resolved	no-automatic-action
ca.it	2026-07-21T16:45:29.4502075+00:00	failed			Exception calling "Wait" with "1" argument(s): "One or more errors occurred."	request-failure	0	0		http://ca.it/	ca.it			False	Exception calling "GetResult" with "0" argument(s): "An error occurred while sending the request."	request-failure	0	0		https://ca.it/	ca.it			False	Exception calling "GetResult" with "0" argument(s): "An error occurred while sending the request."	not-resolved	no-automatic-action
ca.us	2026-07-21T16:45:30.4837180+00:00	failed			Exception calling "Wait" with "1" argument(s): "One or more errors occurred."	request-failure	0	0		http://ca.us/	ca.us			False	Exception calling "GetResult" with "0" argument(s): "An error occurred while sending the request."	request-failure	0	0		https://ca.us/	ca.us			False	Exception calling "GetResult" with "0" argument(s): "An error occurred while sending the request."	not-resolved	no-automatic-action
cafjs.com	2026-07-21T16:45:31.5321634+00:00	resolved	35.227.145.176			timeout	0	0		http://cafjs.com/	cafjs.com			False	Exception calling "GetResult" with "0" argument(s): "A task was canceled."	timeout	0	0		https://cafjs.com/	cafjs.com			False	Exception calling "GetResult" with "0" argument(s): "A task was canceled."	temporarily-inconclusive	retest-later
cagliari.it	2026-07-21T16:46:12.6847284+00:00	failed			Exception calling "Wait" with "1" argument(s): "One or more errors occurred."	request-failure	0	0		http://cagliari.it/	cagliari.it			False	Exception calling "GetResult" with "0" argument(s): "An error occurred while sending the request."	request-failure	0	0		https://cagliari.it/	cagliari.it			False	Exception calling "GetResult" with "0" argument(s): "An error occurred while sending the request."	not-resolved	no-automatic-action
calabria.it	2026-07-21T16:46:13.7129055+00:00	failed			Exception calling "Wait" with "1" argument(s): "One or more errors occurred."	request-failure	0	0		http://calabria.it/	calabria.it			False	Exception calling "GetResult" with "0" argument(s): "An error occurred while sending the request."	request-failure	0	0		https://calabria.it/	calabria.it			False	Exception calling "GetResult" with "0" argument(s): "An error occurred while sending the request."	not-resolved	no-automatic-action
calculators.cx	2026-07-21T16:46:14.7711768+00:00	failed			Exception calling "Wait" with "1" argument(s): "One or more errors occurred."	request-failure	0	0		http://calculators.cx/	calculators.cx			False	Exception calling "GetResult" with "0" argument(s): "An error occurred while sending the request."	request-failure	0	0		https://calculators.cx/	calculators.cx			False	Exception calling "GetResult" with "0" argument(s): "An error occurred while sending the request."	not-resolved	no-automatic-action
caltanissetta.it	2026-07-21T16:46:15.8204432+00:00	failed			Exception calling "Wait" with "1" argument(s): "One or more errors occurred."	request-failure	0	0		http://caltanissetta.it/	caltanissetta.it			False	Exception calling "GetResult" with "0" argument(s): "An error occurred while sending the request."	request-failure	0	0		https://caltanissetta.it/	caltanissetta.it			False	Exception calling "GetResult" with "0" argument(s): "An error occurred while sending the request."	not-resolved	no-automatic-action
campania.it	2026-07-21T16:46:16.8496438+00:00	failed			Exception calling "Wait" with "1" argument(s): "One or more errors occurred."	request-failure	0	0		http://campania.it/	campania.it			False	Exception calling "GetResult" with "0" argument(s): "An error occurred while sending the request."	request-failure	0	0		https://campania.it/	campania.it			False	Exception calling "GetResult" with "0" argument(s): "An error occurred while sending the request."	not-resolved	no-automatic-action
campinas.br	2026-07-21T16:46:17.8864799+00:00	failed			Exception calling "Wait" with "1" argument(s): "One or more errors occurred."	request-failure	0	0		http://campinas.br/	campinas.br			False	Exception calling "GetResult" with "0" argument(s): "An error occurred while sending the request."	request-failure	0	0		https://campinas.br/	campinas.br			False	Exception calling "GetResult" with "0" argument(s): "An error occurred while sending the request."	not-resolved	no-automatic-action
campobasso.it	2026-07-21T16:46:18.9530054+00:00	failed			Exception calling "Wait" with "1" argument(s): "One or more errors occurred."	request-failure	0	0		http://campobasso.it/	campobasso.it			False	Exception calling "GetResult" with "0" argument(s): "An error occurred while sending the request."	request-failure	0	0		https://campobasso.it/	campobasso.it			False	Exception calling "GetResult" with "0" argument(s): "An error occurred while sending the request."	not-resolved	no-automatic-action
can.re	2026-07-21T16:46:20.0163671+00:00	failed			Exception calling "Wait" with "1" argument(s): "One or more errors occurred."	request-failure	0	0		http://can.re/	can.re			False	Exception calling "GetResult" with "0" argument(s): "An error occurred while sending the request."	request-failure	0	0		https://can.re/	can.re			False	Exception calling "GetResult" with "0" argument(s): "An error occurred while sending the request."	not-resolved	no-automatic-action
canva-apps.com	2026-07-21T16:46:21.1928531+00:00	failed			Exception calling "Wait" with "1" argument(s): "One or more errors occurred."	request-failure	0	0		http://canva-apps.com/	canva-apps.com			False	Exception calling "GetResult" with "0" argument(s): "An error occurred while sending the request."	request-failure	0	0		https://canva-apps.com/	canva-apps.com			False	Exception calling "GetResult" with "0" argument(s): "An error occurred while sending the request."	not-resolved	no-automatic-action
caserta.it	2026-07-21T16:46:22.2382828+00:00	failed			Exception calling "Wait" with "1" argument(s): "One or more errors occurred."	request-failure	0	0		http://caserta.it/	caserta.it			False	Exception calling "GetResult" with "0" argument(s): "An error occurred while sending the request."	request-failure	0	0		https://caserta.it/	caserta.it			False	Exception calling "GetResult" with "0" argument(s): "An error occurred while sending the request."	not-resolved	no-automatic-action
catania.it	2026-07-21T16:46:23.2725001+00:00	failed			Exception calling "Wait" with "1" argument(s): "One or more errors occurred."	request-failure	0	0		http://catania.it/	catania.it			False	Exception calling "GetResult" with "0" argument(s): "An error occurred while sending the request."	request-failure	0	0		https://catania.it/	catania.it			False	Exception calling "GetResult" with "0" argument(s): "An error occurred while sending the request."	not-resolved	no-automatic-action
catanzaro.it	2026-07-21T16:46:24.3050090+00:00	failed			Exception calling "Wait" with "1" argument(s): "One or more errors occurred."	request-failure	0	0		http://catanzaro.it/	catanzaro.it			False	Exception calling "GetResult" with "0" argument(s): "An error occurred while sending the request."	request-failure	0	0		https://catanzaro.it/	catanzaro.it			False	Exception calling "GetResult" with "0" argument(s): "An error occurred while sending the request."	not-resolved	no-automatic-action
catholic.edu.au	2026-07-21T16:46:25.3504960+00:00	failed			Exception calling "Wait" with "1" argument(s): "One or more errors occurred."	request-failure	0	0		http://catholic.edu.au/	catholic.edu.au			False	Exception calling "GetResult" with "0" argument(s): "An error occurred while sending the request."	request-failure	0	0		https://catholic.edu.au/	catholic.edu.au			False	Exception calling "GetResult" with "0" argument(s): "An error occurred while sending the request."	not-resolved	no-automatic-action
caxias.br	2026-07-21T16:46:27.4603819+00:00	failed			Exception calling "Wait" with "1" argument(s): "One or more errors occurred."	request-failure	0	0		http://caxias.br/	caxias.br			False	Exception calling "GetResult" with "0" argument(s): "An error occurred while sending the request."	request-failure	0	0		https://caxias.br/	caxias.br			False	Exception calling "GetResult" with "0" argument(s): "An error occurred while sending the request."	not-resolved	no-automatic-action
cb.it	2026-07-21T16:46:28.5194769+00:00	failed			Exception calling "Wait" with "1" argument(s): "One or more errors occurred."	request-failure	0	0		http://cb.it/	cb.it			False	Exception calling "GetResult" with "0" argument(s): "An error occurred while sending the request."	request-failure	0	0		https://cb.it/	cb.it			False	Exception calling "GetResult" with "0" argument(s): "An error occurred while sending the request."	not-resolved	no-automatic-action
cc.ua	2026-07-21T16:46:29.5476841+00:00	failed			Exception calling "Wait" with "1" argument(s): "One or more errors occurred."	request-failure	0	0		http://cc.ua/	cc.ua			False	Exception calling "GetResult" with "0" argument(s): "An error occurred while sending the request."	request-failure	0	0		https://cc.ua/	cc.ua			False	Exception calling "GetResult" with "0" argument(s): "An error occurred while sending the request."	not-resolved	no-automatic-action
cdn77-storage.com	2026-07-21T16:46:30.6240037+00:00	failed			Exception calling "Wait" with "1" argument(s): "One or more errors occurred."	request-failure	0	0		http://cdn77-storage.com/	cdn77-storage.com			False	Exception calling "GetResult" with "0" argument(s): "An error occurred while sending the request."	request-failure	0	0		https://cdn77-storage.com/	cdn77-storage.com			False	Exception calling "GetResult" with "0" argument(s): "An error occurred while sending the request."	not-resolved	no-automatic-action
ce.gov.br	2026-07-21T16:46:31.6833884+00:00	resolved	159.60.154.133	2801:80:60:dc:cea4:a:164:186		timeout	0	0		http://ce.gov.br/	ce.gov.br			False	Exception calling "GetResult" with "0" argument(s): "A task was canceled."	timeout	0	0		https://ce.gov.br/	ce.gov.br			False	Exception calling "GetResult" with "0" argument(s): "A task was canceled."	temporarily-inconclusive	retest-later
ce.it	2026-07-21T16:47:13.9700377+00:00	failed			Exception calling "Wait" with "1" argument(s): "One or more errors occurred."	request-failure	0	0		http://ce.it/	ce.it			False	Exception calling "GetResult" with "0" argument(s): "An error occurred while sending the request."	request-failure	0	0		https://ce.it/	ce.it			False	Exception calling "GetResult" with "0" argument(s): "An error occurred while sending the request."	not-resolved	no-automatic-action
ce.leg.br	2026-07-21T16:47:15.0177286+00:00	failed			Exception calling "Wait" with "1" argument(s): "One or more errors occurred."	request-failure	0	0		http://ce.leg.br/	ce.leg.br			False	Exception calling "GetResult" with "0" argument(s): "An error occurred while sending the request."	request-failure	0	0		https://ce.leg.br/	ce.leg.br			False	Exception calling "GetResult" with "0" argument(s): "An error occurred while sending the request."	not-resolved	no-automatic-action
cf-ipfs.com	2026-07-21T16:47:16.3021298+00:00	failed			Exception calling "Wait" with "1" argument(s): "One or more errors occurred."	request-failure	0	0		http://cf-ipfs.com/	cf-ipfs.com			False	Exception calling "GetResult" with "0" argument(s): "An error occurred while sending the request."	request-failure	0	0		https://cf-ipfs.com/	cf-ipfs.com			False	Exception calling "GetResult" with "0" argument(s): "An error occurred while sending the request."	not-resolved	no-automatic-action
ch.it	2026-07-21T16:47:17.3347782+00:00	failed			Exception calling "Wait" with "1" argument(s): "One or more errors occurred."	request-failure	0	0		http://ch.it/	ch.it			False	Exception calling "GetResult" with "0" argument(s): "An error occurred while sending the request."	request-failure	0	0		https://ch.it/	ch.it			False	Exception calling "GetResult" with "0" argument(s): "An error occurred while sending the request."	not-resolved	no-automatic-action
chambagri.fr	2026-07-21T16:47:18.3650118+00:00	failed			Exception calling "Wait" with "1" argument(s): "One or more errors occurred."	request-failure	0	0		http://chambagri.fr/	chambagri.fr			False	Exception calling "GetResult" with "0" argument(s): "An error occurred while sending the request."	request-failure	0	0		https://chambagri.fr/	chambagri.fr			False	Exception calling "GetResult" with "0" argument(s): "An error occurred while sending the request."	not-resolved	no-automatic-action
chehalis.wa.us	2026-07-21T16:47:19.4433428+00:00	failed			Exception calling "Wait" with "1" argument(s): "One or more errors occurred."	request-failure	0	0		http://chehalis.wa.us/	chehalis.wa.us			False	Exception calling "GetResult" with "0" argument(s): "An error occurred while sending the request."	request-failure	0	0		https://chehalis.wa.us/	chehalis.wa.us			False	Exception calling "GetResult" with "0" argument(s): "An error occurred while sending the request."	not-resolved	no-automatic-action
cherkassy.ua	2026-07-21T16:47:20.8956441+00:00	failed			Exception calling "Wait" with "1" argument(s): "One or more errors occurred."	request-failure	0	0		http://cherkassy.ua/	cherkassy.ua			False	Exception calling "GetResult" with "0" argument(s): "An error occurred while sending the request."	request-failure	0	0		https://cherkassy.ua/	cherkassy.ua			False	Exception calling "GetResult" with "0" argument(s): "An error occurred while sending the request."	not-resolved	no-automatic-action
cherkasy.ua	2026-07-21T16:47:21.9922494+00:00	failed			Exception calling "Wait" with "1" argument(s): "One or more errors occurred."	request-failure	0	0		http://cherkasy.ua/	cherkasy.ua			False	Exception calling "GetResult" with "0" argument(s): "An error occurred while sending the request."	request-failure	0	0		https://cherkasy.ua/	cherkasy.ua			False	Exception calling "GetResult" with "0" argument(s): "An error occurred while sending the request."	not-resolved	no-automatic-action
chernigov.ua	2026-07-21T16:47:23.0908845+00:00	failed			Exception calling "Wait" with "1" argument(s): "One or more errors occurred."	request-failure	0	0		http://chernigov.ua/	chernigov.ua			False	Exception calling "GetResult" with "0" argument(s): "An error occurred while sending the request."	request-failure	0	0		https://chernigov.ua/	chernigov.ua			False	Exception calling "GetResult" with "0" argument(s): "An error occurred while sending the request."	not-resolved	no-automatic-action
chernivtsi.ua	2026-07-21T16:47:24.1281480+00:00	failed			Exception calling "Wait" with "1" argument(s): "One or more errors occurred."	request-failure	0	0		http://chernivtsi.ua/	chernivtsi.ua			False	Exception calling "GetResult" with "0" argument(s): "An error occurred while sending the request."	request-failure	0	0		https://chernivtsi.ua/	chernivtsi.ua			False	Exception calling "GetResult" with "0" argument(s): "An error occurred while sending the request."	not-resolved	no-automatic-action
chernovtsy.ua	2026-07-21T16:47:25.2065313+00:00	failed			Exception calling "Wait" with "1" argument(s): "One or more errors occurred."	request-failure	0	0		http://chernovtsy.ua/	chernovtsy.ua			False	Exception calling "GetResult" with "0" argument(s): "An error occurred while sending the request."	request-failure	0	0		https://chernovtsy.ua/	chernovtsy.ua			False	Exception calling "GetResult" with "0" argument(s): "An error occurred while sending the request."	not-resolved	no-automatic-action
chiba.jp	2026-07-21T16:47:26.3930860+00:00	failed			Exception calling "Wait" with "1" argument(s): "One or more errors occurred."	request-failure	0	0		http://chiba.jp/	chiba.jp			False	Exception calling "GetResult" with "0" argument(s): "An error occurred while sending the request."	request-failure	0	0		https://chiba.jp/	chiba.jp			False	Exception calling "GetResult" with "0" argument(s): "An error occurred while sending the request."	not-resolved	no-automatic-action
chieti.it	2026-07-21T16:47:27.4885998+00:00	failed			Exception calling "Wait" with "1" argument(s): "One or more errors occurred."	request-failure	0	0		http://chieti.it/	chieti.it			False	Exception calling "GetResult" with "0" argument(s): "An error occurred while sending the request."	request-failure	0	0		https://chieti.it/	chieti.it			False	Exception calling "GetResult" with "0" argument(s): "An error occurred while sending the request."	not-resolved	no-automatic-action
chirurgiens-dentistes.fr	2026-07-21T16:47:28.5492429+00:00	failed			Exception calling "Wait" with "1" argument(s): "One or more errors occurred."	request-failure	0	0		http://chirurgiens-dentistes.fr/	chirurgiens-dentistes.fr			False	Exception calling "GetResult" with "0" argument(s): "An error occurred while sending the request."	request-failure	0	0		https://chirurgiens-dentistes.fr/	chirurgiens-dentistes.fr			False	Exception calling "GetResult" with "0" argument(s): "An error occurred while sending the request."	not-resolved	no-automatic-action
cieszyn.pl	2026-07-21T16:47:29.6576277+00:00	failed			Exception calling "Wait" with "1" argument(s): "One or more errors occurred."	request-failure	0	0		http://cieszyn.pl/	cieszyn.pl			False	Exception calling "GetResult" with "0" argument(s): "An error occurred while sending the request."	request-failure	0	0		https://cieszyn.pl/	cieszyn.pl			False	Exception calling "GetResult" with "0" argument(s): "An error occurred while sending the request."	not-resolved	no-automatic-action
cim.br	2026-07-21T16:47:30.7030199+00:00	failed			Exception calling "Wait" with "1" argument(s): "One or more errors occurred."	request-failure	0	0		http://cim.br/	cim.br			False	Exception calling "GetResult" with "0" argument(s): "An error occurred while sending the request."	request-failure	0	0		https://cim.br/	cim.br			False	Exception calling "GetResult" with "0" argument(s): "An error occurred while sending the request."	not-resolved	no-automatic-action
ck.ua	2026-07-21T16:47:31.7656714+00:00	failed			Exception calling "Wait" with "1" argument(s): "One or more errors occurred."	request-failure	0	0		http://ck.ua/	ck.ua			False	Exception calling "GetResult" with "0" argument(s): "An error occurred while sending the request."	request-failure	0	0		https://ck.ua/	ck.ua			False	Exception calling "GetResult" with "0" argument(s): "An error occurred while sending the request."	not-resolved	no-automatic-action
cl.it	2026-07-21T16:47:32.8149290+00:00	failed			Exception calling "Wait" with "1" argument(s): "One or more errors occurred."	request-failure	0	0		http://cl.it/	cl.it			False	Exception calling "GetResult" with "0" argument(s): "An error occurred while sending the request."	request-failure	0	0		https://cl.it/	cl.it			False	Exception calling "GetResult" with "0" argument(s): "An error occurred while sending the request."	not-resolved	no-automatic-action
clerk.app	2026-07-21T16:47:33.8508257+00:00	failed			Exception calling "Wait" with "1" argument(s): "One or more errors occurred."	request-failure	0	0		http://clerk.app/	clerk.app			False	Exception calling "GetResult" with "0" argument(s): "An error occurred while sending the request."	request-failure	0	0		https://clerk.app/	clerk.app			False	Exception calling "GetResult" with "0" argument(s): "An error occurred while sending the request."	not-resolved	no-automatic-action
cloud.goog	2026-07-21T16:47:34.9320873+00:00	failed			Exception calling "Wait" with "1" argument(s): "One or more errors occurred."	request-failure	0	0		http://cloud.goog/	cloud.goog			False	Exception calling "GetResult" with "0" argument(s): "An error occurred while sending the request."	request-failure	0	0		https://cloud.goog/	cloud.goog			False	Exception calling "GetResult" with "0" argument(s): "An error occurred while sending the request."	not-resolved	no-automatic-action
cloudapp.net	2026-07-21T16:47:35.9844336+00:00	failed			Exception calling "Wait" with "1" argument(s): "One or more errors occurred."	request-failure	0	0		http://cloudapp.net/	cloudapp.net			False	Exception calling "GetResult" with "0" argument(s): "An error occurred while sending the request."	request-failure	0	0		https://cloudapp.net/	cloudapp.net			False	Exception calling "GetResult" with "0" argument(s): "An error occurred while sending the request."	not-resolved	no-automatic-action
cloudflare-ipfs.com	2026-07-21T16:47:37.0327285+00:00	failed			Exception calling "Wait" with "1" argument(s): "One or more errors occurred."	request-failure	0	0		http://cloudflare-ipfs.com/	cloudflare-ipfs.com			False	Exception calling "GetResult" with "0" argument(s): "An error occurred while sending the request."	request-failure	0	0		https://cloudflare-ipfs.com/	cloudflare-ipfs.com			False	Exception calling "GetResult" with "0" argument(s): "An error occurred while sending the request."	not-resolved	no-automatic-action
cloudfront.net	2026-07-21T16:47:38.0676754+00:00	failed			Exception calling "Wait" with "1" argument(s): "One or more errors occurred."	request-failure	0	0		http://cloudfront.net/	cloudfront.net			False	Exception calling "GetResult" with "0" argument(s): "An error occurred while sending the request."	request-failure	0	0		https://cloudfront.net/	cloudfront.net			False	Exception calling "GetResult" with "0" argument(s): "An error occurred while sending the request."	not-resolved	no-automatic-action
cloudfunctions.net	2026-07-21T16:47:39.1015086+00:00	failed			Exception calling "Wait" with "1" argument(s): "One or more errors occurred."	request-failure	0	0		http://cloudfunctions.net/	cloudfunctions.net			False	Exception calling "GetResult" with "0" argument(s): "An error occurred while sending the request."	request-failure	0	0		https://cloudfunctions.net/	cloudfunctions.net			False	Exception calling "GetResult" with "0" argument(s): "An error occurred while sending the request."	not-resolved	no-automatic-action
cloudns.in	2026-07-21T16:47:40.1574532+00:00	resolved	149.202.249.203			request-failure	301	1	https://www.cloudns.in/	http://cloudns.in/	cloudns.in		nginx	False	Exception calling "GetResult" with "0" argument(s): "An error occurred while sending the request."	request-failure	0	0		https://cloudns.in/	cloudns.in			False	Exception calling "GetResult" with "0" argument(s): "An error occurred while sending the request."	dns-only	retest-or-review-exact-host
cloudycluster.net	2026-07-21T16:47:41.6420953+00:00	failed			Exception calling "Wait" with "1" argument(s): "One or more errors occurred."	request-failure	0	0		http://cloudycluster.net/	cloudycluster.net			False	Exception calling "GetResult" with "0" argument(s): "An error occurred while sending the request."	request-failure	0	0		https://cloudycluster.net/	cloudycluster.net			False	Exception calling "GetResult" with "0" argument(s): "An error occurred while sending the request."	not-resolved	no-automatic-action
club.tw	2026-07-21T16:47:42.6923180+00:00	failed			Exception calling "Wait" with "1" argument(s): "One or more errors occurred."	request-failure	0	0		http://club.tw/	club.tw			False	Exception calling "GetResult" with "0" argument(s): "An error occurred while sending the request."	request-failure	0	0		https://club.tw/	club.tw			False	Exception calling "GetResult" with "0" argument(s): "An error occurred while sending the request."	not-resolved	no-automatic-action
cn.in	2026-07-21T16:47:44.1919228+00:00	failed			Exception calling "Wait" with "1" argument(s): "One or more errors occurred."	request-failure	0	0		http://cn.in/	cn.in			False	Exception calling "GetResult" with "0" argument(s): "An error occurred while sending the request."	request-failure	0	0		https://cn.in/	cn.in			False	Exception calling "GetResult" with "0" argument(s): "An error occurred while sending the request."	not-resolved	no-automatic-action
cn.it	2026-07-21T16:47:45.2395534+00:00	failed			Exception calling "Wait" with "1" argument(s): "One or more errors occurred."	request-failure	0	0		http://cn.it/	cn.it			False	Exception calling "GetResult" with "0" argument(s): "An error occurred while sending the request."	request-failure	0	0		https://cn.it/	cn.it			False	Exception calling "GetResult" with "0" argument(s): "An error occurred while sending the request."	not-resolved	no-automatic-action
cn.ua	2026-07-21T16:47:46.3035084+00:00	failed			Exception calling "Wait" with "1" argument(s): "One or more errors occurred."	request-failure	0	0		http://cn.ua/	cn.ua			False	Exception calling "GetResult" with "0" argument(s): "An error occurred while sending the request."	request-failure	0	0		https://cn.ua/	cn.ua			False	Exception calling "GetResult" with "0" argument(s): "An error occurred while sending the request."	not-resolved	no-automatic-action
cnt.br	2026-07-21T16:47:47.3512798+00:00	failed			Exception calling "Wait" with "1" argument(s): "One or more errors occurred."	request-failure	0	0		http://cnt.br/	cnt.br			False	Exception calling "GetResult" with "0" argument(s): "An error occurred while sending the request."	request-failure	0	0		https://cnt.br/	cnt.br			False	Exception calling "GetResult" with "0" argument(s): "An error occurred while sending the request."	not-resolved	no-automatic-action
co.ag	2026-07-21T16:47:48.4147566+00:00	failed			Exception calling "Wait" with "1" argument(s): "One or more errors occurred."	request-failure	0	0		http://co.ag/	co.ag			False	Exception calling "GetResult" with "0" argument(s): "An error occurred while sending the request."	request-failure	0	0		https://co.ag/	co.ag			False	Exception calling "GetResult" with "0" argument(s): "An error occurred while sending the request."	not-resolved	no-automatic-action
co.at	2026-07-21T16:47:49.4618142+00:00	failed			Exception calling "Wait" with "1" argument(s): "One or more errors occurred."	request-failure	0	0		http://co.at/	co.at			False	Exception calling "GetResult" with "0" argument(s): "An error occurred while sending the request."	request-failure	0	0		https://co.at/	co.at			False	Exception calling "GetResult" with "0" argument(s): "An error occurred while sending the request."	not-resolved	no-automatic-action
co.business	2026-07-21T16:47:50.5086537+00:00	failed			Exception calling "Wait" with "1" argument(s): "One or more errors occurred."	request-failure	0	0		http://co.business/	co.business			False	Exception calling "GetResult" with "0" argument(s): "An error occurred while sending the request."	request-failure	0	0		https://co.business/	co.business			False	Exception calling "GetResult" with "0" argument(s): "An error occurred while sending the request."	not-resolved	no-automatic-action
co.bw	2026-07-21T16:47:51.8023077+00:00	failed			Exception calling "Wait" with "1" argument(s): "One or more errors occurred."	request-failure	0	0		http://co.bw/	co.bw			False	Exception calling "GetResult" with "0" argument(s): "An error occurred while sending the request."	request-failure	0	0		https://co.bw/	co.bw			False	Exception calling "GetResult" with "0" argument(s): "An error occurred while sending the request."	not-resolved	no-automatic-action
co.ca	2026-07-21T16:47:52.8465207+00:00	failed			Exception calling "Wait" with "1" argument(s): "One or more errors occurred."	request-failure	0	0		http://co.ca/	co.ca			False	Exception calling "GetResult" with "0" argument(s): "An error occurred while sending the request."	request-failure	0	0		https://co.ca/	co.ca			False	Exception calling "GetResult" with "0" argument(s): "An error occurred while sending the request."	not-resolved	no-automatic-action
co.com	2026-07-21T16:47:54.0473789+00:00	resolved	169.60.151.232			http-success	200	0		http://co.com/	co.com	text/html	Apache	False		https-success	200	0		https://co.com/	co.com	text/html	Apache	False		https-success	review-exact-host-and-label-override
co.cz	2026-07-21T16:47:56.1259331+00:00	failed			Exception calling "Wait" with "1" argument(s): "One or more errors occurred."	request-failure	0	0		http://co.cz/	co.cz			False	Exception calling "GetResult" with "0" argument(s): "An error occurred while sending the request."	request-failure	0	0		https://co.cz/	co.cz			False	Exception calling "GetResult" with "0" argument(s): "An error occurred while sending the request."	not-resolved	no-automatic-action
co.dk	2026-07-21T16:47:57.2058985+00:00	failed			Exception calling "Wait" with "1" argument(s): "One or more errors occurred."	request-failure	0	0		http://co.dk/	co.dk			False	Exception calling "GetResult" with "0" argument(s): "An error occurred while sending the request."	request-failure	0	0		https://co.dk/	co.dk			False	Exception calling "GetResult" with "0" argument(s): "An error occurred while sending the request."	not-resolved	no-automatic-action
co.education	2026-07-21T16:47:58.3783970+00:00	failed			Exception calling "Wait" with "1" argument(s): "One or more errors occurred."	request-failure	0	0		http://co.education/	co.education			False	Exception calling "GetResult" with "0" argument(s): "An error occurred while sending the request."	request-failure	0	0		https://co.education/	co.education			False	Exception calling "GetResult" with "0" argument(s): "An error occurred while sending the request."	not-resolved	no-automatic-action
co.id	2026-07-21T16:47:59.4413459+00:00	failed			Exception calling "Wait" with "1" argument(s): "One or more errors occurred."	request-failure	0	0		http://co.id/	co.id			False	Exception calling "GetResult" with "0" argument(s): "An error occurred while sending the request."	request-failure	0	0		https://co.id/	co.id			False	Exception calling "GetResult" with "0" argument(s): "An error occurred while sending the request."	not-resolved	no-automatic-action
co.il	2026-07-21T16:48:00.4714156+00:00	failed			Exception calling "Wait" with "1" argument(s): "One or more errors occurred."	request-failure	0	0		http://co.il/	co.il			False	Exception calling "GetResult" with "0" argument(s): "An error occurred while sending the request."	request-failure	0	0		https://co.il/	co.il			False	Exception calling "GetResult" with "0" argument(s): "An error occurred while sending the request."	not-resolved	no-automatic-action
co.in	2026-07-21T16:48:01.5185629+00:00	failed			Exception calling "Wait" with "1" argument(s): "One or more errors occurred."	request-failure	0	0		http://co.in/	co.in			False	Exception calling "GetResult" with "0" argument(s): "An error occurred while sending the request."	request-failure	0	0		https://co.in/	co.in			False	Exception calling "GetResult" with "0" argument(s): "An error occurred while sending the request."	not-resolved	no-automatic-action
co.jp	2026-07-21T16:48:02.5689433+00:00	failed			Exception calling "Wait" with "1" argument(s): "One or more errors occurred."	request-failure	0	0		http://co.jp/	co.jp			False	Exception calling "GetResult" with "0" argument(s): "An error occurred while sending the request."	request-failure	0	0		https://co.jp/	co.jp			False	Exception calling "GetResult" with "0" argument(s): "An error occurred while sending the request."	not-resolved	no-automatic-action
co.ke	2026-07-21T16:48:03.6116032+00:00	failed			Exception calling "Wait" with "1" argument(s): "One or more errors occurred."	request-failure	0	0		http://co.ke/	co.ke			False	Exception calling "GetResult" with "0" argument(s): "An error occurred while sending the request."	request-failure	0	0		https://co.ke/	co.ke			False	Exception calling "GetResult" with "0" argument(s): "An error occurred while sending the request."	not-resolved	no-automatic-action
co.kr	2026-07-21T16:48:04.6705721+00:00	failed			Exception calling "Wait" with "1" argument(s): "One or more errors occurred."	request-failure	0	0		http://co.kr/	co.kr			False	Exception calling "GetResult" with "0" argument(s): "An error occurred while sending the request."	request-failure	0	0		https://co.kr/	co.kr			False	Exception calling "GetResult" with "0" argument(s): "An error occurred while sending the request."	not-resolved	no-automatic-action
co.ls	2026-07-21T16:48:05.7444900+00:00	failed			Exception calling "Wait" with "1" argument(s): "One or more errors occurred."	request-failure	0	0		http://co.ls/	co.ls			False	Exception calling "GetResult" with "0" argument(s): "An error occurred while sending the request."	request-failure	0	0		https://co.ls/	co.ls			False	Exception calling "GetResult" with "0" argument(s): "An error occurred while sending the request."	not-resolved	no-automatic-action
co.network	2026-07-21T16:48:06.9504239+00:00	failed			Exception calling "Wait" with "1" argument(s): "One or more errors occurred."	request-failure	0	0		http://co.network/	co.network			False	Exception calling "GetResult" with "0" argument(s): "An error occurred while sending the request."	request-failure	0	0		https://co.network/	co.network			False	Exception calling "GetResult" with "0" argument(s): "An error occurred while sending the request."	not-resolved	no-automatic-action
co.ni	2026-07-21T16:48:08.0159963+00:00	failed			Exception calling "Wait" with "1" argument(s): "One or more errors occurred."	request-failure	0	0		http://co.ni/	co.ni			False	Exception calling "GetResult" with "0" argument(s): "An error occurred while sending the request."	request-failure	0	0		https://co.ni/	co.ni			False	Exception calling "GetResult" with "0" argument(s): "An error occurred while sending the request."	not-resolved	no-automatic-action
co.nz	2026-07-21T16:48:09.2608461+00:00	failed			Exception calling "Wait" with "1" argument(s): "One or more errors occurred."	request-failure	0	0		http://co.nz/	co.nz			False	Exception calling "GetResult" with "0" argument(s): "An error occurred while sending the request."	request-failure	0	0		https://co.nz/	co.nz			False	Exception calling "GetResult" with "0" argument(s): "An error occurred while sending the request."	not-resolved	no-automatic-action
co.place	2026-07-21T16:48:10.6229632+00:00	failed			Exception calling "Wait" with "1" argument(s): "One or more errors occurred."	request-failure	0	0		http://co.place/	co.place			False	Exception calling "GetResult" with "0" argument(s): "An error occurred while sending the request."	request-failure	0	0		https://co.place/	co.place			False	Exception calling "GetResult" with "0" argument(s): "An error occurred while sending the request."	not-resolved	no-automatic-action
co.ro	2026-07-21T16:48:11.8239140+00:00	failed			Exception calling "Wait" with "1" argument(s): "One or more errors occurred."	request-failure	0	0		http://co.ro/	co.ro			False	Exception calling "GetResult" with "0" argument(s): "An error occurred while sending the request."	request-failure	0	0		https://co.ro/	co.ro			False	Exception calling "GetResult" with "0" argument(s): "An error occurred while sending the request."	not-resolved	no-automatic-action
co.rw	2026-07-21T16:48:12.8718471+00:00	failed			Exception calling "Wait" with "1" argument(s): "One or more errors occurred."	request-failure	0	0		http://co.rw/	co.rw			False	Exception calling "GetResult" with "0" argument(s): "An error occurred while sending the request."	request-failure	0	0		https://co.rw/	co.rw			False	Exception calling "GetResult" with "0" argument(s): "An error occurred while sending the request."	not-resolved	no-automatic-action
co.technology	2026-07-21T16:48:13.9367356+00:00	failed			Exception calling "Wait" with "1" argument(s): "One or more errors occurred."	request-failure	0	0		http://co.technology/	co.technology			False	Exception calling "GetResult" with "0" argument(s): "An error occurred while sending the request."	request-failure	0	0		https://co.technology/	co.technology			False	Exception calling "GetResult" with "0" argument(s): "An error occurred while sending the request."	not-resolved	no-automatic-action
co.th	2026-07-21T16:48:15.1238075+00:00	failed			Exception calling "Wait" with "1" argument(s): "One or more errors occurred."	request-failure	0	0		http://co.th/	co.th			False	Exception calling "GetResult" with "0" argument(s): "An error occurred while sending the request."	request-failure	0	0		https://co.th/	co.th			False	Exception calling "GetResult" with "0" argument(s): "An error occurred while sending the request."	not-resolved	no-automatic-action
co.tt	2026-07-21T16:48:16.1577927+00:00	failed			Exception calling "Wait" with "1" argument(s): "One or more errors occurred."	request-failure	0	0		http://co.tt/	co.tt			False	Exception calling "GetResult" with "0" argument(s): "An error occurred while sending the request."	request-failure	0	0		https://co.tt/	co.tt			False	Exception calling "GetResult" with "0" argument(s): "An error occurred while sending the request."	not-resolved	no-automatic-action
co.ua	2026-07-21T16:48:17.2017796+00:00	failed			Exception calling "Wait" with "1" argument(s): "One or more errors occurred."	request-failure	0	0		http://co.ua/	co.ua			False	Exception calling "GetResult" with "0" argument(s): "An error occurred while sending the request."	request-failure	0	0		https://co.ua/	co.ua			False	Exception calling "GetResult" with "0" argument(s): "An error occurred while sending the request."	not-resolved	no-automatic-action
co.ug	2026-07-21T16:48:18.2823705+00:00	failed			Exception calling "Wait" with "1" argument(s): "One or more errors occurred."	request-failure	0	0		http://co.ug/	co.ug			False	Exception calling "GetResult" with "0" argument(s): "An error occurred while sending the request."	request-failure	0	0		https://co.ug/	co.ug			False	Exception calling "GetResult" with "0" argument(s): "An error occurred while sending the request."	not-resolved	no-automatic-action
co.uk	2026-07-21T16:48:19.3646728+00:00	failed			Exception calling "Wait" with "1" argument(s): "One or more errors occurred."	request-failure	0	0		http://co.uk/	co.uk			False	Exception calling "GetResult" with "0" argument(s): "An error occurred while sending the request."	request-failure	0	0		https://co.uk/	co.uk			False	Exception calling "GetResult" with "0" argument(s): "An error occurred while sending the request."	not-resolved	no-automatic-action
co.za	2026-07-21T16:48:20.4245849+00:00	failed			Exception calling "Wait" with "1" argument(s): "One or more errors occurred."	request-failure	0	0		http://co.za/	co.za			False	Exception calling "GetResult" with "0" argument(s): "An error occurred while sending the request."	request-failure	0	0		https://co.za/	co.za			False	Exception calling "GetResult" with "0" argument(s): "An error occurred while sending the request."	not-resolved	no-automatic-action
com.ar	2026-07-21T16:48:21.6436595+00:00	failed			Exception calling "Wait" with "1" argument(s): "One or more errors occurred."	request-failure	0	0		http://com.ar/	com.ar			False	Exception calling "GetResult" with "0" argument(s): "An error occurred while sending the request."	request-failure	0	0		https://com.ar/	com.ar			False	Exception calling "GetResult" with "0" argument(s): "An error occurred while sending the request."	not-resolved	no-automatic-action
com.au	2026-07-21T16:48:22.6894416+00:00	failed			Exception calling "Wait" with "1" argument(s): "One or more errors occurred."	request-failure	0	0		http://com.au/	com.au			False	Exception calling "GetResult" with "0" argument(s): "An error occurred while sending the request."	request-failure	0	0		https://com.au/	com.au			False	Exception calling "GetResult" with "0" argument(s): "An error occurred while sending the request."	not-resolved	no-automatic-action
com.bj	2026-07-21T16:48:23.7386753+00:00	failed			Exception calling "Wait" with "1" argument(s): "One or more errors occurred."	request-failure	0	0		http://com.bj/	com.bj			False	Exception calling "GetResult" with "0" argument(s): "An error occurred while sending the request."	request-failure	0	0		https://com.bj/	com.bj			False	Exception calling "GetResult" with "0" argument(s): "An error occurred while sending the request."	not-resolved	no-automatic-action
com.bo	2026-07-21T16:48:24.9846523+00:00	failed			Exception calling "Wait" with "1" argument(s): "One or more errors occurred."	request-failure	0	0		http://com.bo/	com.bo			False	Exception calling "GetResult" with "0" argument(s): "An error occurred while sending the request."	request-failure	0	0		https://com.bo/	com.bo			False	Exception calling "GetResult" with "0" argument(s): "An error occurred while sending the request."	not-resolved	no-automatic-action
com.br	2026-07-21T16:48:26.0435680+00:00	failed			Exception calling "Wait" with "1" argument(s): "One or more errors occurred."	request-failure	0	0		http://com.br/	com.br			False	Exception calling "GetResult" with "0" argument(s): "An error occurred while sending the request."	request-failure	0	0		https://com.br/	com.br			False	Exception calling "GetResult" with "0" argument(s): "An error occurred while sending the request."	not-resolved	no-automatic-action
com.bs	2026-07-21T16:48:27.0939736+00:00	failed			Exception calling "Wait" with "1" argument(s): "One or more errors occurred."	request-failure	0	0		http://com.bs/	com.bs			False	Exception calling "GetResult" with "0" argument(s): "An error occurred while sending the request."	request-failure	0	0		https://com.bs/	com.bs			False	Exception calling "GetResult" with "0" argument(s): "An error occurred while sending the request."	not-resolved	no-automatic-action
com.cn	2026-07-21T16:48:28.1476884+00:00	failed			Exception calling "Wait" with "1" argument(s): "One or more errors occurred."	request-failure	0	0		http://com.cn/	com.cn			False	Exception calling "GetResult" with "0" argument(s): "An error occurred while sending the request."	request-failure	0	0		https://com.cn/	com.cn			False	Exception calling "GetResult" with "0" argument(s): "An error occurred while sending the request."	not-resolved	no-automatic-action
com.co	2026-07-21T16:48:29.5394333+00:00	failed			Exception calling "Wait" with "1" argument(s): "One or more errors occurred."	request-failure	0	0		http://com.co/	com.co			False	Exception calling "GetResult" with "0" argument(s): "An error occurred while sending the request."	request-failure	0	0		https://com.co/	com.co			False	Exception calling "GetResult" with "0" argument(s): "An error occurred while sending the request."	not-resolved	no-automatic-action
com.ec	2026-07-21T16:48:30.6145340+00:00	failed			Exception calling "Wait" with "1" argument(s): "One or more errors occurred."	request-failure	0	0		http://com.ec/	com.ec			False	Exception calling "GetResult" with "0" argument(s): "An error occurred while sending the request."	request-failure	0	0		https://com.ec/	com.ec			False	Exception calling "GetResult" with "0" argument(s): "An error occurred while sending the request."	not-resolved	no-automatic-action
com.es	2026-07-21T16:48:31.6769951+00:00	failed			Exception calling "Wait" with "1" argument(s): "One or more errors occurred."	request-failure	0	0		http://com.es/	com.es			False	Exception calling "GetResult" with "0" argument(s): "An error occurred while sending the request."	request-failure	0	0		https://com.es/	com.es			False	Exception calling "GetResult" with "0" argument(s): "An error occurred while sending the request."	not-resolved	no-automatic-action
com.hk	2026-07-21T16:48:32.7228459+00:00	failed			Exception calling "Wait" with "1" argument(s): "One or more errors occurred."	request-failure	0	0		http://com.hk/	com.hk			False	Exception calling "GetResult" with "0" argument(s): "An error occurred while sending the request."	request-failure	0	0		https://com.hk/	com.hk			False	Exception calling "GetResult" with "0" argument(s): "An error occurred while sending the request."	not-resolved	no-automatic-action
com.in	2026-07-21T16:48:33.9896596+00:00	failed			Exception calling "Wait" with "1" argument(s): "One or more errors occurred."	request-failure	0	0		http://com.in/	com.in			False	Exception calling "GetResult" with "0" argument(s): "An error occurred while sending the request."	request-failure	0	0		https://com.in/	com.in			False	Exception calling "GetResult" with "0" argument(s): "An error occurred while sending the request."	not-resolved	no-automatic-action
com.jo	2026-07-21T16:48:35.0353643+00:00	failed			Exception calling "Wait" with "1" argument(s): "One or more errors occurred."	request-failure	0	0		http://com.jo/	com.jo			False	Exception calling "GetResult" with "0" argument(s): "An error occurred while sending the request."	request-failure	0	0		https://com.jo/	com.jo			False	Exception calling "GetResult" with "0" argument(s): "An error occurred while sending the request."	not-resolved	no-automatic-action
com.kz	2026-07-21T16:48:36.1153677+00:00	failed			Exception calling "Wait" with "1" argument(s): "One or more errors occurred."	request-failure	0	0		http://com.kz/	com.kz			False	Exception calling "GetResult" with "0" argument(s): "An error occurred while sending the request."	request-failure	0	0		https://com.kz/	com.kz			False	Exception calling "GetResult" with "0" argument(s): "An error occurred while sending the request."	not-resolved	no-automatic-action
com.lv	2026-07-21T16:48:37.2725686+00:00	failed			Exception calling "Wait" with "1" argument(s): "One or more errors occurred."	request-failure	0	0		http://com.lv/	com.lv			False	Exception calling "GetResult" with "0" argument(s): "An error occurred while sending the request."	request-failure	0	0		https://com.lv/	com.lv			False	Exception calling "GetResult" with "0" argument(s): "An error occurred while sending the request."	not-resolved	no-automatic-action
com.mk	2026-07-21T16:48:38.3180926+00:00	failed			Exception calling "Wait" with "1" argument(s): "One or more errors occurred."	request-failure	0	0		http://com.mk/	com.mk			False	Exception calling "GetResult" with "0" argument(s): "An error occurred while sending the request."	request-failure	0	0		https://com.mk/	com.mk			False	Exception calling "GetResult" with "0" argument(s): "An error occurred while sending the request."	not-resolved	no-automatic-action
com.mx	2026-07-21T16:48:39.3973821+00:00	failed			Exception calling "Wait" with "1" argument(s): "One or more errors occurred."	request-failure	0	0		http://com.mx/	com.mx			False	Exception calling "GetResult" with "0" argument(s): "An error occurred while sending the request."	request-failure	0	0		https://com.mx/	com.mx			False	Exception calling "GetResult" with "0" argument(s): "An error occurred while sending the request."	not-resolved	no-automatic-action
com.my	2026-07-21T16:48:40.5981461+00:00	failed			Exception calling "Wait" with "1" argument(s): "One or more errors occurred."	request-failure	0	0		http://com.my/	com.my			False	Exception calling "GetResult" with "0" argument(s): "An error occurred while sending the request."	request-failure	0	0		https://com.my/	com.my			False	Exception calling "GetResult" with "0" argument(s): "An error occurred while sending the request."	not-resolved	no-automatic-action
com.ng	2026-07-21T16:48:41.6399440+00:00	failed			Exception calling "Wait" with "1" argument(s): "One or more errors occurred."	request-failure	0	0		http://com.ng/	com.ng			False	Exception calling "GetResult" with "0" argument(s): "An error occurred while sending the request."	request-failure	0	0		https://com.ng/	com.ng			False	Exception calling "GetResult" with "0" argument(s): "An error occurred while sending the request."	not-resolved	no-automatic-action
com.pe	2026-07-21T16:48:42.7072022+00:00	failed			Exception calling "Wait" with "1" argument(s): "One or more errors occurred."	request-failure	0	0		http://com.pe/	com.pe			False	Exception calling "GetResult" with "0" argument(s): "An error occurred while sending the request."	request-failure	0	0		https://com.pe/	com.pe			False	Exception calling "GetResult" with "0" argument(s): "An error occurred while sending the request."	not-resolved	no-automatic-action
com.ph	2026-07-21T16:48:43.7529429+00:00	failed			Exception calling "Wait" with "1" argument(s): "One or more errors occurred."	request-failure	0	0		http://com.ph/	com.ph			False	Exception calling "GetResult" with "0" argument(s): "An error occurred while sending the request."	request-failure	0	0		https://com.ph/	com.ph			False	Exception calling "GetResult" with "0" argument(s): "An error occurred while sending the request."	not-resolved	no-automatic-action
com.pk	2026-07-21T16:48:44.8357958+00:00	failed			Exception calling "Wait" with "1" argument(s): "One or more errors occurred."	request-failure	0	0		http://com.pk/	com.pk			False	Exception calling "GetResult" with "0" argument(s): "An error occurred while sending the request."	request-failure	0	0		https://com.pk/	com.pk			False	Exception calling "GetResult" with "0" argument(s): "An error occurred while sending the request."	not-resolved	no-automatic-action
com.pl	2026-07-21T16:48:45.8812447+00:00	failed			Exception calling "Wait" with "1" argument(s): "One or more errors occurred."	request-failure	0	0		http://com.pl/	com.pl			False	Exception calling "GetResult" with "0" argument(s): "An error occurred while sending the request."	request-failure	0	0		https://com.pl/	com.pl			False	Exception calling "GetResult" with "0" argument(s): "An error occurred while sending the request."	not-resolved	no-automatic-action
com.sg	2026-07-21T16:48:46.9297150+00:00	failed			Exception calling "Wait" with "1" argument(s): "One or more errors occurred."	request-failure	0	0		http://com.sg/	com.sg			False	Exception calling "GetResult" with "0" argument(s): "An error occurred while sending the request."	request-failure	0	0		https://com.sg/	com.sg			False	Exception calling "GetResult" with "0" argument(s): "An error occurred while sending the request."	not-resolved	no-automatic-action
com.tn	2026-07-21T16:48:48.0671447+00:00	failed			Exception calling "Wait" with "1" argument(s): "One or more errors occurred."	request-failure	0	0		http://com.tn/	com.tn			False	Exception calling "GetResult" with "0" argument(s): "An error occurred while sending the request."	request-failure	0	0		https://com.tn/	com.tn			False	Exception calling "GetResult" with "0" argument(s): "An error occurred while sending the request."	not-resolved	no-automatic-action
com.tr	2026-07-21T16:48:49.1611456+00:00	failed			Exception calling "Wait" with "1" argument(s): "One or more errors occurred."	request-failure	0	0		http://com.tr/	com.tr			False	Exception calling "GetResult" with "0" argument(s): "An error occurred while sending the request."	request-failure	0	0		https://com.tr/	com.tr			False	Exception calling "GetResult" with "0" argument(s): "An error occurred while sending the request."	not-resolved	no-automatic-action
com.tw	2026-07-21T16:48:50.2305607+00:00	failed			Exception calling "Wait" with "1" argument(s): "One or more errors occurred."	request-failure	0	0		http://com.tw/	com.tw			False	Exception calling "GetResult" with "0" argument(s): "An error occurred while sending the request."	request-failure	0	0		https://com.tw/	com.tw			False	Exception calling "GetResult" with "0" argument(s): "An error occurred while sending the request."	not-resolved	no-automatic-action
com.ua	2026-07-21T16:48:51.3249705+00:00	failed			Exception calling "Wait" with "1" argument(s): "One or more errors occurred."	request-failure	0	0		http://com.ua/	com.ua			False	Exception calling "GetResult" with "0" argument(s): "An error occurred while sending the request."	request-failure	0	0		https://com.ua/	com.ua			False	Exception calling "GetResult" with "0" argument(s): "An error occurred while sending the request."	not-resolved	no-automatic-action
com.uy	2026-07-21T16:48:52.4312095+00:00	failed			Exception calling "Wait" with "1" argument(s): "One or more errors occurred."	request-failure	0	0		http://com.uy/	com.uy			False	Exception calling "GetResult" with "0" argument(s): "An error occurred while sending the request."	request-failure	0	0		https://com.uy/	com.uy			False	Exception calling "GetResult" with "0" argument(s): "An error occurred while sending the request."	not-resolved	no-automatic-action
com.ve	2026-07-21T16:48:53.7257276+00:00	failed			Exception calling "Wait" with "1" argument(s): "One or more errors occurred."	request-failure	0	0		http://com.ve/	com.ve			False	Exception calling "GetResult" with "0" argument(s): "An error occurred while sending the request."	request-failure	0	0		https://com.ve/	com.ve			False	Exception calling "GetResult" with "0" argument(s): "An error occurred while sending the request."	not-resolved	no-automatic-action
com.vn	2026-07-21T16:48:54.9424925+00:00	failed			Exception calling "Wait" with "1" argument(s): "One or more errors occurred."	request-failure	0	0		http://com.vn/	com.vn			False	Exception calling "GetResult" with "0" argument(s): "An error occurred while sending the request."	request-failure	0	0		https://com.vn/	com.vn			False	Exception calling "GetResult" with "0" argument(s): "An error occurred while sending the request."	not-resolved	no-automatic-action
com.vu	2026-07-21T16:48:56.0550344+00:00	failed			Exception calling "Wait" with "1" argument(s): "One or more errors occurred."	request-failure	0	0		http://com.vu/	com.vu			False	Exception calling "GetResult" with "0" argument(s): "An error occurred while sending the request."	request-failure	0	0		https://com.vu/	com.vu			False	Exception calling "GetResult" with "0" argument(s): "An error occurred while sending the request."	not-resolved	no-automatic-action
como.it	2026-07-21T16:48:57.1166817+00:00	failed			Exception calling "Wait" with "1" argument(s): "One or more errors occurred."	request-failure	0	0		http://como.it/	como.it			False	Exception calling "GetResult" with "0" argument(s): "An error occurred while sending the request."	request-failure	0	0		https://como.it/	como.it			False	Exception calling "GetResult" with "0" argument(s): "An error occurred while sending the request."	not-resolved	no-automatic-action
conf.au	2026-07-21T16:48:58.1836302+00:00	failed			Exception calling "Wait" with "1" argument(s): "One or more errors occurred."	request-failure	0	0		http://conf.au/	conf.au			False	Exception calling "GetResult" with "0" argument(s): "An error occurred while sending the request."	request-failure	0	0		https://conf.au/	conf.au			False	Exception calling "GetResult" with "0" argument(s): "An error occurred while sending the request."	not-resolved	no-automatic-action
coop.ar	2026-07-21T16:48:59.2290805+00:00	failed			Exception calling "Wait" with "1" argument(s): "One or more errors occurred."	request-failure	0	0		http://coop.ar/	coop.ar			False	Exception calling "GetResult" with "0" argument(s): "An error occurred while sending the request."	request-failure	0	0		https://coop.ar/	coop.ar			False	Exception calling "GetResult" with "0" argument(s): "An error occurred while sending the request."	not-resolved	no-automatic-action
coop.br	2026-07-21T16:49:00.3310128+00:00	failed			Exception calling "Wait" with "1" argument(s): "One or more errors occurred."	request-failure	0	0		http://coop.br/	coop.br			False	Exception calling "GetResult" with "0" argument(s): "An error occurred while sending the request."	request-failure	0	0		https://coop.br/	coop.br			False	Exception calling "GetResult" with "0" argument(s): "An error occurred while sending the request."	not-resolved	no-automatic-action
coop.py	2026-07-21T16:49:01.4426596+00:00	failed			Exception calling "Wait" with "1" argument(s): "One or more errors occurred."	request-failure	0	0		http://coop.py/	coop.py			False	Exception calling "GetResult" with "0" argument(s): "An error occurred while sending the request."	request-failure	0	0		https://coop.py/	coop.py			False	Exception calling "GetResult" with "0" argument(s): "An error occurred while sending the request."	not-resolved	no-automatic-action
cosenza.it	2026-07-21T16:49:02.5409092+00:00	failed			Exception calling "Wait" with "1" argument(s): "One or more errors occurred."	request-failure	0	0		http://cosenza.it/	cosenza.it			False	Exception calling "GetResult" with "0" argument(s): "An error occurred while sending the request."	request-failure	0	0		https://cosenza.it/	cosenza.it			False	Exception calling "GetResult" with "0" argument(s): "An error occurred while sending the request."	not-resolved	no-automatic-action
coz.br	2026-07-21T16:49:03.5897092+00:00	failed			Exception calling "Wait" with "1" argument(s): "One or more errors occurred."	request-failure	0	0		http://coz.br/	coz.br			False	Exception calling "GetResult" with "0" argument(s): "An error occurred while sending the request."	request-failure	0	0		https://coz.br/	coz.br			False	Exception calling "GetResult" with "0" argument(s): "An error occurred while sending the request."	not-resolved	no-automatic-action
cpanel.site	2026-07-21T16:49:04.6987180+00:00	failed			Exception calling "Wait" with "1" argument(s): "One or more errors occurred."	request-failure	0	0		http://cpanel.site/	cpanel.site			False	Exception calling "GetResult" with "0" argument(s): "An error occurred while sending the request."	request-failure	0	0		https://cpanel.site/	cpanel.site			False	Exception calling "GetResult" with "0" argument(s): "An error occurred while sending the request."	not-resolved	no-automatic-action
cprapid.com	2026-07-21T16:49:05.8861522+00:00	failed			Exception calling "Wait" with "1" argument(s): "One or more errors occurred."	request-failure	0	0		http://cprapid.com/	cprapid.com			False	Exception calling "GetResult" with "0" argument(s): "An error occurred while sending the request."	request-failure	0	0		https://cprapid.com/	cprapid.com			False	Exception calling "GetResult" with "0" argument(s): "An error occurred while sending the request."	not-resolved	no-automatic-action
cpserver.com	2026-07-21T16:49:06.9815981+00:00	failed			Exception calling "Wait" with "1" argument(s): "One or more errors occurred."	request-failure	0	0		http://cpserver.com/	cpserver.com			False	Exception calling "GetResult" with "0" argument(s): "An error occurred while sending the request."	request-failure	0	0		https://cpserver.com/	cpserver.com			False	Exception calling "GetResult" with "0" argument(s): "An error occurred while sending the request."	not-resolved	no-automatic-action
cq.cn	2026-07-21T16:49:08.0289073+00:00	failed			Exception calling "Wait" with "1" argument(s): "One or more errors occurred."	request-failure	0	0		http://cq.cn/	cq.cn			False	Exception calling "GetResult" with "0" argument(s): "An error occurred while sending the request."	request-failure	0	0		https://cq.cn/	cq.cn			False	Exception calling "GetResult" with "0" argument(s): "An error occurred while sending the request."	not-resolved	no-automatic-action
cr.it	2026-07-21T16:49:09.1367304+00:00	failed			Exception calling "Wait" with "1" argument(s): "One or more errors occurred."	request-failure	0	0		http://cr.it/	cr.it			False	Exception calling "GetResult" with "0" argument(s): "An error occurred while sending the request."	request-failure	0	0		https://cr.it/	cr.it			False	Exception calling "GetResult" with "0" argument(s): "An error occurred while sending the request."	not-resolved	no-automatic-action
crap.jp	2026-07-21T16:49:10.2034711+00:00	failed			Exception calling "Wait" with "1" argument(s): "One or more errors occurred."	request-failure	0	0		http://crap.jp/	crap.jp			False	Exception calling "GetResult" with "0" argument(s): "An error occurred while sending the request."	request-failure	0	0		https://crap.jp/	crap.jp			False	Exception calling "GetResult" with "0" argument(s): "An error occurred while sending the request."	not-resolved	no-automatic-action
crd.co	2026-07-21T16:49:11.4996252+00:00	resolved	127.0.0.1			request-failure	0	0		http://crd.co/	crd.co			False	Exception calling "GetResult" with "0" argument(s): "An error occurred while sending the request."	request-failure	0	0		https://crd.co/	crd.co			False	Exception calling "GetResult" with "0" argument(s): "An error occurred while sending the request."	dns-only	retest-or-review-exact-host
cremona.it	2026-07-21T16:49:16.6094550+00:00	failed			Exception calling "Wait" with "1" argument(s): "One or more errors occurred."	request-failure	0	0		http://cremona.it/	cremona.it			False	Exception calling "GetResult" with "0" argument(s): "An error occurred while sending the request."	request-failure	0	0		https://cremona.it/	cremona.it			False	Exception calling "GetResult" with "0" argument(s): "An error occurred while sending the request."	not-resolved	no-automatic-action
cri.nz	2026-07-21T16:49:17.6589353+00:00	failed			Exception calling "Wait" with "1" argument(s): "One or more errors occurred."	request-failure	0	0		http://cri.nz/	cri.nz			False	Exception calling "GetResult" with "0" argument(s): "An error occurred while sending the request."	request-failure	0	0		https://cri.nz/	cri.nz			False	Exception calling "GetResult" with "0" argument(s): "An error occurred while sending the request."	not-resolved	no-automatic-action
crimea.ua	2026-07-21T16:49:18.7344402+00:00	resolved	5.9.228.67,5.9.228.71			request-failure	0	0		http://crimea.ua/	crimea.ua			False	Exception calling "GetResult" with "0" argument(s): "An error occurred while sending the request."	request-failure	0	0		https://crimea.ua/	crimea.ua			False	Exception calling "GetResult" with "0" argument(s): "An error occurred while sending the request."	dns-only	retest-or-review-exact-host
crotone.it	2026-07-21T16:49:29.2059772+00:00	failed			Exception calling "Wait" with "1" argument(s): "One or more errors occurred."	request-failure	0	0		http://crotone.it/	crotone.it			False	Exception calling "GetResult" with "0" argument(s): "An error occurred while sending the request."	request-failure	0	0		https://crotone.it/	crotone.it			False	Exception calling "GetResult" with "0" argument(s): "An error occurred while sending the request."	not-resolved	no-automatic-action
cs.in	2026-07-21T16:49:30.2448986+00:00	failed			Exception calling "Wait" with "1" argument(s): "One or more errors occurred."	request-failure	0	0		http://cs.in/	cs.in			False	Exception calling "GetResult" with "0" argument(s): "An error occurred while sending the request."	request-failure	0	0		https://cs.in/	cs.in			False	Exception calling "GetResult" with "0" argument(s): "An error occurred while sending the request."	not-resolved	no-automatic-action
cs.it	2026-07-21T16:49:31.2925108+00:00	failed			Exception calling "Wait" with "1" argument(s): "One or more errors occurred."	request-failure	0	0		http://cs.it/	cs.it			False	Exception calling "GetResult" with "0" argument(s): "An error occurred while sending the request."	request-failure	0	0		https://cs.it/	cs.it			False	Exception calling "GetResult" with "0" argument(s): "An error occurred while sending the request."	not-resolved	no-automatic-action
ct.it	2026-07-21T16:49:32.3432967+00:00	failed			Exception calling "Wait" with "1" argument(s): "One or more errors occurred."	request-failure	0	0		http://ct.it/	ct.it			False	Exception calling "GetResult" with "0" argument(s): "An error occurred while sending the request."	request-failure	0	0		https://ct.it/	ct.it			False	Exception calling "GetResult" with "0" argument(s): "An error occurred while sending the request."	not-resolved	no-automatic-action
ct.us	2026-07-21T16:49:33.4061306+00:00	failed			Exception calling "Wait" with "1" argument(s): "One or more errors occurred."	request-failure	0	0		http://ct.us/	ct.us			False	Exception calling "GetResult" with "0" argument(s): "An error occurred while sending the request."	request-failure	0	0		https://ct.us/	ct.us			False	Exception calling "GetResult" with "0" argument(s): "An error occurred while sending the request."	not-resolved	no-automatic-action
ctfcloud.net	2026-07-21T16:49:34.4563666+00:00	failed			Exception calling "Wait" with "1" argument(s): "One or more errors occurred."	request-failure	0	0		http://ctfcloud.net/	ctfcloud.net			False	Exception calling "GetResult" with "0" argument(s): "An error occurred while sending the request."	request-failure	0	0		https://ctfcloud.net/	ctfcloud.net			False	Exception calling "GetResult" with "0" argument(s): "An error occurred while sending the request."	not-resolved	no-automatic-action
cuiaba.br	2026-07-21T16:49:35.5061860+00:00	failed			Exception calling "Wait" with "1" argument(s): "One or more errors occurred."	request-failure	0	0		http://cuiaba.br/	cuiaba.br			False	Exception calling "GetResult" with "0" argument(s): "An error occurred while sending the request."	request-failure	0	0		https://cuiaba.br/	cuiaba.br			False	Exception calling "GetResult" with "0" argument(s): "An error occurred while sending the request."	not-resolved	no-automatic-action
cuneo.it	2026-07-21T16:49:36.5668572+00:00	failed			Exception calling "Wait" with "1" argument(s): "One or more errors occurred."	request-failure	0	0		http://cuneo.it/	cuneo.it			False	Exception calling "GetResult" with "0" argument(s): "An error occurred while sending the request."	request-failure	0	0		https://cuneo.it/	cuneo.it			False	Exception calling "GetResult" with "0" argument(s): "An error occurred while sending the request."	not-resolved	no-automatic-action
curitiba.br	2026-07-21T16:49:37.5960136+00:00	failed			Exception calling "Wait" with "1" argument(s): "One or more errors occurred."	request-failure	0	0		http://curitiba.br/	curitiba.br			False	Exception calling "GetResult" with "0" argument(s): "An error occurred while sending the request."	request-failure	0	0		https://curitiba.br/	curitiba.br			False	Exception calling "GetResult" with "0" argument(s): "An error occurred while sending the request."	not-resolved	no-automatic-action
cv.ua	2026-07-21T16:49:38.6940246+00:00	failed			Exception calling "Wait" with "1" argument(s): "One or more errors occurred."	request-failure	0	0		http://cv.ua/	cv.ua			False	Exception calling "GetResult" with "0" argument(s): "An error occurred while sending the request."	request-failure	0	0		https://cv.ua/	cv.ua			False	Exception calling "GetResult" with "0" argument(s): "An error occurred while sending the request."	not-resolved	no-automatic-action
cx.ua	2026-07-21T16:49:39.7515455+00:00	failed			Exception calling "Wait" with "1" argument(s): "One or more errors occurred."	request-failure	0	0		http://cx.ua/	cx.ua			False	Exception calling "GetResult" with "0" argument(s): "An error occurred while sending the request."	request-failure	0	0		https://cx.ua/	cx.ua			False	Exception calling "GetResult" with "0" argument(s): "An error occurred while sending the request."	not-resolved	no-automatic-action
cz.it	2026-07-21T16:49:40.8667066+00:00	failed			Exception calling "Wait" with "1" argument(s): "One or more errors occurred."	request-failure	0	0		http://cz.it/	cz.it			False	Exception calling "GetResult" with "0" argument(s): "An error occurred while sending the request."	request-failure	0	0		https://cz.it/	cz.it			False	Exception calling "GetResult" with "0" argument(s): "An error occurred while sending the request."	not-resolved	no-automatic-action
czeladz.pl	2026-07-21T16:49:41.9001617+00:00	failed			Exception calling "Wait" with "1" argument(s): "One or more errors occurred."	request-failure	0	0		http://czeladz.pl/	czeladz.pl			False	Exception calling "GetResult" with "0" argument(s): "An error occurred while sending the request."	request-failure	0	0		https://czeladz.pl/	czeladz.pl			False	Exception calling "GetResult" with "0" argument(s): "An error occurred while sending the request."	not-resolved	no-automatic-action
czest.pl	2026-07-21T16:49:42.9488911+00:00	failed			Exception calling "Wait" with "1" argument(s): "One or more errors occurred."	request-failure	0	0		http://czest.pl/	czest.pl			False	Exception calling "GetResult" with "0" argument(s): "An error occurred while sending the request."	request-failure	0	0		https://czest.pl/	czest.pl			False	Exception calling "GetResult" with "0" argument(s): "An error occurred while sending the request."	not-resolved	no-automatic-action
d.se	2026-07-21T16:49:43.9791749+00:00	failed			Exception calling "Wait" with "1" argument(s): "One or more errors occurred."	request-failure	0	0		http://d.se/	d.se			False	Exception calling "GetResult" with "0" argument(s): "An error occurred while sending the request."	request-failure	0	0		https://d.se/	d.se			False	Exception calling "GetResult" with "0" argument(s): "An error occurred while sending the request."	not-resolved	no-automatic-action
daegu.kr	2026-07-21T16:49:45.0256653+00:00	failed			Exception calling "Wait" with "1" argument(s): "One or more errors occurred."	request-failure	0	0		http://daegu.kr/	daegu.kr			False	Exception calling "GetResult" with "0" argument(s): "An error occurred while sending the request."	request-failure	0	0		https://daegu.kr/	daegu.kr			False	Exception calling "GetResult" with "0" argument(s): "An error occurred while sending the request."	not-resolved	no-automatic-action
daejeon.kr	2026-07-21T16:49:46.3142053+00:00	failed			Exception calling "Wait" with "1" argument(s): "One or more errors occurred."	request-failure	0	0		http://daejeon.kr/	daejeon.kr			False	Exception calling "GetResult" with "0" argument(s): "An error occurred while sending the request."	request-failure	0	0		https://daejeon.kr/	daejeon.kr			False	Exception calling "GetResult" with "0" argument(s): "An error occurred while sending the request."	not-resolved	no-automatic-action
daemon.asia	2026-07-21T16:49:47.4107018+00:00	failed			Exception calling "Wait" with "1" argument(s): "One or more errors occurred."	request-failure	0	0		http://daemon.asia/	daemon.asia			False	Exception calling "GetResult" with "0" argument(s): "An error occurred while sending the request."	request-failure	0	0		https://daemon.asia/	daemon.asia			False	Exception calling "GetResult" with "0" argument(s): "An error occurred while sending the request."	not-resolved	no-automatic-action
danang.vn	2026-07-21T16:49:49.0035835+00:00	failed			Exception calling "Wait" with "1" argument(s): "One or more errors occurred."	request-failure	0	0		http://danang.vn/	danang.vn			False	Exception calling "GetResult" with "0" argument(s): "An error occurred while sending the request."	request-failure	0	0		https://danang.vn/	danang.vn			False	Exception calling "GetResult" with "0" argument(s): "An error occurred while sending the request."	not-resolved	no-automatic-action
dattolocal.com	2026-07-21T16:49:50.2495233+00:00	failed			Exception calling "Wait" with "1" argument(s): "One or more errors occurred."	request-failure	0	0		http://dattolocal.com/	dattolocal.com			False	Exception calling "GetResult" with "0" argument(s): "An error occurred while sending the request."	request-failure	0	0		https://dattolocal.com/	dattolocal.com			False	Exception calling "GetResult" with "0" argument(s): "An error occurred while sending the request."	not-resolved	no-automatic-action
dattolocal.net	2026-07-21T16:49:51.4388852+00:00	failed			Exception calling "Wait" with "1" argument(s): "One or more errors occurred."	request-failure	0	0		http://dattolocal.net/	dattolocal.net			False	Exception calling "GetResult" with "0" argument(s): "An error occurred while sending the request."	request-failure	0	0		https://dattolocal.net/	dattolocal.net			False	Exception calling "GetResult" with "0" argument(s): "An error occurred while sending the request."	not-resolved	no-automatic-action
dattoweb.com	2026-07-21T16:49:52.5978635+00:00	failed			Exception calling "Wait" with "1" argument(s): "One or more errors occurred."	request-failure	0	0		http://dattoweb.com/	dattoweb.com			False	Exception calling "GetResult" with "0" argument(s): "An error occurred while sending the request."	request-failure	0	0		https://dattoweb.com/	dattoweb.com			False	Exception calling "GetResult" with "0" argument(s): "An error occurred while sending the request."	not-resolved	no-automatic-action
daynight.jp	2026-07-21T16:49:53.7514743+00:00	failed			Exception calling "Wait" with "1" argument(s): "One or more errors occurred."	request-failure	0	0		http://daynight.jp/	daynight.jp			False	Exception calling "GetResult" with "0" argument(s): "An error occurred while sending the request."	request-failure	0	0		https://daynight.jp/	daynight.jp			False	Exception calling "GetResult" with "0" argument(s): "An error occurred while sending the request."	not-resolved	no-automatic-action
dc.us	2026-07-21T16:49:55.0879536+00:00	failed			Exception calling "Wait" with "1" argument(s): "One or more errors occurred."	request-failure	0	0		http://dc.us/	dc.us			False	Exception calling "GetResult" with "0" argument(s): "An error occurred while sending the request."	request-failure	0	0		https://dc.us/	dc.us			False	Exception calling "GetResult" with "0" argument(s): "An error occurred while sending the request."	not-resolved	no-automatic-action
ddnss.org	2026-07-21T16:49:56.1364607+00:00	resolved	85.114.136.161	2001:4ba0:ffe6:1f::1		request-failure	301	1	https://ddnss.org/	http://ddnss.org/	ddnss.org	text/html; charset=UTF-8	Apache	False	Exception calling "GetResult" with "0" argument(s): "An error occurred while sending the request."	request-failure	0	0		https://ddnss.org/	ddnss.org			False	Exception calling "GetResult" with "0" argument(s): "An error occurred while sending the request."	dns-only	retest-or-review-exact-host
de.us	2026-07-21T16:49:57.4481859+00:00	failed			Exception calling "Wait" with "1" argument(s): "One or more errors occurred."	request-failure	0	0		http://de.us/	de.us			False	Exception calling "GetResult" with "0" argument(s): "An error occurred while sending the request."	request-failure	0	0		https://de.us/	de.us			False	Exception calling "GetResult" with "0" argument(s): "An error occurred while sending the request."	not-resolved	no-automatic-action
def.br	2026-07-21T16:49:58.4944156+00:00	failed			Exception calling "Wait" with "1" argument(s): "One or more errors occurred."	request-failure	0	0		http://def.br/	def.br			False	Exception calling "GetResult" with "0" argument(s): "An error occurred while sending the request."	request-failure	0	0		https://def.br/	def.br			False	Exception calling "GetResult" with "0" argument(s): "An error occurred while sending the request."	not-resolved	no-automatic-action
definima.io	2026-07-21T16:49:59.5533476+00:00	resolved	149.232.202.195			request-failure	0	0		http://definima.io/	definima.io			False	Exception calling "GetResult" with "0" argument(s): "An error occurred while sending the request."	request-failure	0	0		https://definima.io/	definima.io			False	Exception calling "GetResult" with "0" argument(s): "An error occurred while sending the request."	dns-only	retest-or-review-exact-host
definima.net	2026-07-21T16:50:00.9201653+00:00	resolved	91.121.160.190			timeout	0	0		http://definima.net/	definima.net			False	Exception calling "GetResult" with "0" argument(s): "A task was canceled."	timeout	0	0		https://definima.net/	definima.net			False	Exception calling "GetResult" with "0" argument(s): "A task was canceled."	temporarily-inconclusive	retest-later
delhi.in	2026-07-21T16:50:42.0003727+00:00	failed			Exception calling "Wait" with "1" argument(s): "One or more errors occurred."	request-failure	0	0		http://delhi.in/	delhi.in			False	Exception calling "GetResult" with "0" argument(s): "An error occurred while sending the request."	request-failure	0	0		https://delhi.in/	delhi.in			False	Exception calling "GetResult" with "0" argument(s): "An error occurred while sending the request."	not-resolved	no-automatic-action
dep.no	2026-07-21T16:50:43.0622524+00:00	failed			Exception calling "Wait" with "1" argument(s): "One or more errors occurred."	request-failure	0	0		http://dep.no/	dep.no			False	Exception calling "GetResult" with "0" argument(s): "An error occurred while sending the request."	request-failure	0	0		https://dep.no/	dep.no			False	Exception calling "GetResult" with "0" argument(s): "An error occurred while sending the request."	not-resolved	no-automatic-action
des.br	2026-07-21T16:50:44.1746518+00:00	failed			Exception calling "Wait" with "1" argument(s): "One or more errors occurred."	request-failure	0	0		http://des.br/	des.br			False	Exception calling "GetResult" with "0" argument(s): "An error occurred while sending the request."	request-failure	0	0		https://des.br/	des.br			False	Exception calling "GetResult" with "0" argument(s): "An error occurred while sending the request."	not-resolved	no-automatic-action
desa.id	2026-07-21T16:50:45.2349936+00:00	failed			Exception calling "Wait" with "1" argument(s): "One or more errors occurred."	request-failure	0	0		http://desa.id/	desa.id			False	Exception calling "GetResult" with "0" argument(s): "An error occurred while sending the request."	request-failure	0	0		https://desa.id/	desa.id			False	Exception calling "GetResult" with "0" argument(s): "An error occurred while sending the request."	not-resolved	no-automatic-action
det.br	2026-07-21T16:50:46.3100061+00:00	failed			Exception calling "Wait" with "1" argument(s): "One or more errors occurred."	request-failure	0	0		http://det.br/	det.br			False	Exception calling "GetResult" with "0" argument(s): "An error occurred while sending the request."	request-failure	0	0		https://det.br/	det.br			False	Exception calling "GetResult" with "0" argument(s): "An error occurred while sending the request."	not-resolved	no-automatic-action
dev.br	2026-07-21T16:50:47.4996557+00:00	failed			Exception calling "Wait" with "1" argument(s): "One or more errors occurred."	request-failure	0	0		http://dev.br/	dev.br			False	Exception calling "GetResult" with "0" argument(s): "An error occurred while sending the request."	request-failure	0	0		https://dev.br/	dev.br			False	Exception calling "GetResult" with "0" argument(s): "An error occurred while sending the request."	not-resolved	no-automatic-action
df.leg.br	2026-07-21T16:50:48.6911472+00:00	failed			Exception calling "Wait" with "1" argument(s): "One or more errors occurred."	request-failure	0	0		http://df.leg.br/	df.leg.br			False	Exception calling "GetResult" with "0" argument(s): "An error occurred while sending the request."	request-failure	0	0		https://df.leg.br/	df.leg.br			False	Exception calling "GetResult" with "0" argument(s): "An error occurred while sending the request."	not-resolved	no-automatic-action
dfirma.pl	2026-07-21T16:50:50.0181477+00:00	resolved	195.88.51.10			timeout	0	0		http://dfirma.pl/	dfirma.pl			False	Exception calling "GetResult" with "0" argument(s): "A task was canceled."	timeout	0	0		https://dfirma.pl/	dfirma.pl			False	Exception calling "GetResult" with "0" argument(s): "A task was canceled."	temporarily-inconclusive	retest-later
diadem.cloud	2026-07-21T16:51:31.0879113+00:00	failed			Exception calling "Wait" with "1" argument(s): "One or more errors occurred."	request-failure	0	0		http://diadem.cloud/	diadem.cloud			False	Exception calling "GetResult" with "0" argument(s): "An error occurred while sending the request."	request-failure	0	0		https://diadem.cloud/	diadem.cloud			False	Exception calling "GetResult" with "0" argument(s): "An error occurred while sending the request."	not-resolved	no-automatic-action
discourse.team	2026-07-21T16:51:32.2578899+00:00	failed			Exception calling "Wait" with "1" argument(s): "One or more errors occurred."	request-failure	0	0		http://discourse.team/	discourse.team			False	Exception calling "GetResult" with "0" argument(s): "An error occurred while sending the request."	request-failure	0	0		https://discourse.team/	discourse.team			False	Exception calling "GetResult" with "0" argument(s): "An error occurred while sending the request."	not-resolved	no-automatic-action
diskstation.me	2026-07-21T16:51:33.3678137+00:00	failed			Exception calling "Wait" with "1" argument(s): "One or more errors occurred."	request-failure	0	0		http://diskstation.me/	diskstation.me			False	Exception calling "GetResult" with "0" argument(s): "An error occurred while sending the request."	request-failure	0	0		https://diskstation.me/	diskstation.me			False	Exception calling "GetResult" with "0" argument(s): "An error occurred while sending the request."	not-resolved	no-automatic-action
dix.asia	2026-07-21T16:51:34.5752525+00:00	failed			Exception calling "Wait" with "1" argument(s): "One or more errors occurred."	request-failure	0	0		http://dix.asia/	dix.asia			False	Exception calling "GetResult" with "0" argument(s): "An error occurred while sending the request."	request-failure	0	0		https://dix.asia/	dix.asia			False	Exception calling "GetResult" with "0" argument(s): "An error occurred while sending the request."	not-resolved	no-automatic-action
dkonto.pl	2026-07-21T16:51:36.0783529+00:00	resolved	195.88.51.13			timeout	0	0		http://dkonto.pl/	dkonto.pl			False	Exception calling "GetResult" with "0" argument(s): "A task was canceled."	timeout	0	0		https://dkonto.pl/	dkonto.pl			False	Exception calling "GetResult" with "0" argument(s): "A task was canceled."	temporarily-inconclusive	retest-later
dlugoleka.pl	2026-07-21T16:52:17.1643738+00:00	failed			Exception calling "Wait" with "1" argument(s): "One or more errors occurred."	request-failure	0	0		http://dlugoleka.pl/	dlugoleka.pl			False	Exception calling "GetResult" with "0" argument(s): "An error occurred while sending the request."	request-failure	0	0		https://dlugoleka.pl/	dlugoleka.pl			False	Exception calling "GetResult" with "0" argument(s): "An error occurred while sending the request."	not-resolved	no-automatic-action
dn.ua	2026-07-21T16:52:18.2079489+00:00	resolved	185.12.115.200	2a02:f080:12:115::200		timeout	0	0		http://dn.ua/	dn.ua			False	Exception calling "GetResult" with "0" argument(s): "A task was canceled."	timeout	0	0		https://dn.ua/	dn.ua			False	Exception calling "GetResult" with "0" argument(s): "A task was canceled."	temporarily-inconclusive	retest-later
dni.us	2026-07-21T16:52:59.2848453+00:00	failed			Exception calling "Wait" with "1" argument(s): "One or more errors occurred."	request-failure	0	0		http://dni.us/	dni.us			False	Exception calling "GetResult" with "0" argument(s): "An error occurred while sending the request."	request-failure	0	0		https://dni.us/	dni.us			False	Exception calling "GetResult" with "0" argument(s): "An error occurred while sending the request."	not-resolved	no-automatic-action
dnsabr.com	2026-07-21T16:53:00.3460197+00:00	resolved	51.195.195.241			request-failure	301	1	https://www.dnsabr.com/	http://dnsabr.com/	dnsabr.com		nginx	False	Exception calling "GetResult" with "0" argument(s): "An error occurred while sending the request."	request-failure	0	0		https://dnsabr.com/	dnsabr.com			False	Exception calling "GetResult" with "0" argument(s): "An error occurred while sending the request."	dns-only	retest-or-review-exact-host
dnsup.net	2026-07-21T16:53:02.2121886+00:00	resolved	158.69.201.22			timeout	0	0		http://dnsup.net/	dnsup.net			False	Exception calling "GetResult" with "0" argument(s): "A task was canceled."	timeout	0	0		https://dnsup.net/	dnsup.net			False	Exception calling "GetResult" with "0" argument(s): "A task was canceled."	temporarily-inconclusive	retest-later
dojin.com	2026-07-21T16:53:43.4482470+00:00	resolved	210.155.3.54			timeout	0	0		http://dojin.com/	dojin.com			False	Exception calling "GetResult" with "0" argument(s): "A task was canceled."	timeout	0	0		https://dojin.com/	dojin.com			False	Exception calling "GetResult" with "0" argument(s): "A task was canceled."	temporarily-inconclusive	retest-later
dpdns.org	2026-07-21T16:54:24.7646373+00:00	resolved	142.171.123.133			timeout	0	0		http://dpdns.org/	dpdns.org			False	Exception calling "GetResult" with "0" argument(s): "A task was canceled."	timeout	0	0		https://dpdns.org/	dpdns.org			False	Exception calling "GetResult" with "0" argument(s): "A task was canceled."	temporarily-inconclusive	retest-later
dr.in	2026-07-21T16:55:06.0385559+00:00	failed			Exception calling "Wait" with "1" argument(s): "One or more errors occurred."	request-failure	0	0		http://dr.in/	dr.in			False	Exception calling "GetResult" with "0" argument(s): "An error occurred while sending the request."	request-failure	0	0		https://dr.in/	dr.in			False	Exception calling "GetResult" with "0" argument(s): "An error occurred while sending the request."	not-resolved	no-automatic-action
dr.tr	2026-07-21T16:55:07.0864673+00:00	failed			Exception calling "Wait" with "1" argument(s): "One or more errors occurred."	request-failure	0	0		http://dr.tr/	dr.tr			False	Exception calling "GetResult" with "0" argument(s): "An error occurred while sending the request."	request-failure	0	0		https://dr.tr/	dr.tr			False	Exception calling "GetResult" with "0" argument(s): "An error occurred while sending the request."	not-resolved	no-automatic-action
drammen.no	2026-07-21T16:55:08.1491544+00:00	failed			Exception calling "Wait" with "1" argument(s): "One or more errors occurred."	request-failure	0	0		http://drammen.no/	drammen.no			False	Exception calling "GetResult" with "0" argument(s): "An error occurred while sending the request."	request-failure	0	0		https://drammen.no/	drammen.no			False	Exception calling "GetResult" with "0" argument(s): "An error occurred while sending the request."	not-resolved	no-automatic-action
dreamhosters.com	2026-07-21T16:55:09.2115556+00:00	resolved	66.33.206.96			timeout	0	0		http://dreamhosters.com/	dreamhosters.com			False	Exception calling "GetResult" with "0" argument(s): "A task was canceled."	timeout	0	0		https://dreamhosters.com/	dreamhosters.com			False	Exception calling "GetResult" with "0" argument(s): "A task was canceled."	temporarily-inconclusive	retest-later
drr.ac	2026-07-21T16:55:50.3700947+00:00	resolved	127.0.0.1			request-failure	0	0		http://drr.ac/	drr.ac			False	Exception calling "GetResult" with "0" argument(s): "An error occurred while sending the request."	request-failure	0	0		https://drr.ac/	drr.ac			False	Exception calling "GetResult" with "0" argument(s): "An error occurred while sending the request."	dns-only	retest-or-review-exact-host
dscloud.biz	2026-07-21T16:55:55.7894027+00:00	failed			Exception calling "Wait" with "1" argument(s): "One or more errors occurred."	request-failure	0	0		http://dscloud.biz/	dscloud.biz			False	Exception calling "GetResult" with "0" argument(s): "An error occurred while sending the request."	request-failure	0	0		https://dscloud.biz/	dscloud.biz			False	Exception calling "GetResult" with "0" argument(s): "An error occurred while sending the request."	not-resolved	no-automatic-action
dscloud.me	2026-07-21T16:55:57.0086873+00:00	failed			Exception calling "Wait" with "1" argument(s): "One or more errors occurred."	request-failure	0	0		http://dscloud.me/	dscloud.me			False	Exception calling "GetResult" with "0" argument(s): "An error occurred while sending the request."	request-failure	0	0		https://dscloud.me/	dscloud.me			False	Exception calling "GetResult" with "0" argument(s): "An error occurred while sending the request."	not-resolved	no-automatic-action
dscloud.mobi	2026-07-21T16:55:58.2148593+00:00	failed			Exception calling "Wait" with "1" argument(s): "One or more errors occurred."	request-failure	0	0		http://dscloud.mobi/	dscloud.mobi			False	Exception calling "GetResult" with "0" argument(s): "An error occurred while sending the request."	request-failure	0	0		https://dscloud.mobi/	dscloud.mobi			False	Exception calling "GetResult" with "0" argument(s): "An error occurred while sending the request."	not-resolved	no-automatic-action
dsmynas.com	2026-07-21T16:55:59.4348144+00:00	failed			Exception calling "Wait" with "1" argument(s): "One or more errors occurred."	request-failure	0	0		http://dsmynas.com/	dsmynas.com			False	Exception calling "GetResult" with "0" argument(s): "An error occurred while sending the request."	request-failure	0	0		https://dsmynas.com/	dsmynas.com			False	Exception calling "GetResult" with "0" argument(s): "An error occurred while sending the request."	not-resolved	no-automatic-action
dsmynas.net	2026-07-21T16:56:00.6399169+00:00	failed			Exception calling "Wait" with "1" argument(s): "One or more errors occurred."	request-failure	0	0		http://dsmynas.net/	dsmynas.net			False	Exception calling "GetResult" with "0" argument(s): "An error occurred while sending the request."	request-failure	0	0		https://dsmynas.net/	dsmynas.net			False	Exception calling "GetResult" with "0" argument(s): "An error occurred while sending the request."	not-resolved	no-automatic-action
dsmynas.org	2026-07-21T16:56:01.8381443+00:00	failed			Exception calling "Wait" with "1" argument(s): "One or more errors occurred."	request-failure	0	0		http://dsmynas.org/	dsmynas.org			False	Exception calling "GetResult" with "0" argument(s): "An error occurred while sending the request."	request-failure	0	0		https://dsmynas.org/	dsmynas.org			False	Exception calling "GetResult" with "0" argument(s): "An error occurred while sending the request."	not-resolved	no-automatic-action
dyndns1.de	2026-07-21T16:56:03.0423879+00:00	resolved	85.114.136.161	2001:4ba0:ffe6:1f::1		request-failure	301	1	https://dyndns1.de/	http://dyndns1.de/	dyndns1.de	text/html; charset=UTF-8	Apache	False	Exception calling "GetResult" with "0" argument(s): "An error occurred while sending the request."	request-failure	0	0		https://dyndns1.de/	dyndns1.de			False	Exception calling "GetResult" with "0" argument(s): "An error occurred while sending the request."	dns-only	retest-or-review-exact-host
dyn-ip24.de	2026-07-21T16:56:04.4002516+00:00	resolved	85.114.136.161	2001:4ba0:ffe6:1f::1		request-failure	301	1	https://dyn-ip24.de/	http://dyn-ip24.de/	dyn-ip24.de	text/html; charset=UTF-8	Apache	False	Exception calling "GetResult" with "0" argument(s): "An error occurred while sending the request."	request-failure	0	0		https://dyn-ip24.de/	dyn-ip24.de			False	Exception calling "GetResult" with "0" argument(s): "An error occurred while sending the request."	dns-only	retest-or-review-exact-host
dynserv.org	2026-07-21T16:56:05.7078396+00:00	resolved	158.69.201.22			timeout	0	0		http://dynserv.org/	dynserv.org			False	Exception calling "GetResult" with "0" argument(s): "A task was canceled."	timeout	0	0		https://dynserv.org/	dynserv.org			False	Exception calling "GetResult" with "0" argument(s): "A task was canceled."	temporarily-inconclusive	retest-later
dynv6.net	2026-07-21T16:56:46.9160984+00:00	failed			Exception calling "Wait" with "1" argument(s): "One or more errors occurred."	request-failure	0	0		http://dynv6.net/	dynv6.net			False	Exception calling "GetResult" with "0" argument(s): "An error occurred while sending the request."	request-failure	0	0		https://dynv6.net/	dynv6.net			False	Exception calling "GetResult" with "0" argument(s): "An error occurred while sending the request."	not-resolved	no-automatic-action
e.se	2026-07-21T16:56:47.9510734+00:00	failed			Exception calling "Wait" with "1" argument(s): "One or more errors occurred."	request-failure	0	0		http://e.se/	e.se			False	Exception calling "GetResult" with "0" argument(s): "An error occurred while sending the request."	request-failure	0	0		https://e.se/	e.se			False	Exception calling "GetResult" with "0" argument(s): "An error occurred while sending the request."	not-resolved	no-automatic-action
e164.arpa	2026-07-21T16:56:48.9978585+00:00	failed			Exception calling "Wait" with "1" argument(s): "One or more errors occurred."	request-failure	0	0		http://e164.arpa/	e164.arpa			False	Exception calling "GetResult" with "0" argument(s): "An error occurred while sending the request."	request-failure	0	0		https://e164.arpa/	e164.arpa			False	Exception calling "GetResult" with "0" argument(s): "An error occurred while sending the request."	not-resolved	no-automatic-action
easypanel.host	2026-07-21T16:56:50.0646393+00:00	failed			Exception calling "Wait" with "1" argument(s): "One or more errors occurred."	request-failure	0	0		http://easypanel.host/	easypanel.host			False	Exception calling "GetResult" with "0" argument(s): "An error occurred while sending the request."	request-failure	0	0		https://easypanel.host/	easypanel.host			False	Exception calling "GetResult" with "0" argument(s): "An error occurred while sending the request."	not-resolved	no-automatic-action
eco.br	2026-07-21T16:56:52.6543025+00:00	failed			Exception calling "Wait" with "1" argument(s): "One or more errors occurred."	request-failure	0	0		http://eco.br/	eco.br			False	Exception calling "GetResult" with "0" argument(s): "An error occurred while sending the request."	request-failure	0	0		https://eco.br/	eco.br			False	Exception calling "GetResult" with "0" argument(s): "An error occurred while sending the request."	not-resolved	no-automatic-action
ed.ao	2026-07-21T16:56:53.8413309+00:00	failed			Exception calling "Wait" with "1" argument(s): "One or more errors occurred."	request-failure	0	0		http://ed.ao/	ed.ao			False	Exception calling "GetResult" with "0" argument(s): "An error occurred while sending the request."	request-failure	0	0		https://ed.ao/	ed.ao			False	Exception calling "GetResult" with "0" argument(s): "An error occurred while sending the request."	not-resolved	no-automatic-action
ed.ci	2026-07-21T16:56:54.8863911+00:00	failed			Exception calling "Wait" with "1" argument(s): "One or more errors occurred."	request-failure	0	0		http://ed.ci/	ed.ci			False	Exception calling "GetResult" with "0" argument(s): "An error occurred while sending the request."	request-failure	0	0		https://ed.ci/	ed.ci			False	Exception calling "GetResult" with "0" argument(s): "An error occurred while sending the request."	not-resolved	no-automatic-action
ed.cr	2026-07-21T16:56:56.0411365+00:00	failed			Exception calling "Wait" with "1" argument(s): "One or more errors occurred."	request-failure	0	0		http://ed.cr/	ed.cr			False	Exception calling "GetResult" with "0" argument(s): "An error occurred while sending the request."	request-failure	0	0		https://ed.cr/	ed.cr			False	Exception calling "GetResult" with "0" argument(s): "An error occurred while sending the request."	not-resolved	no-automatic-action
ed.jp	2026-07-21T16:56:57.0893120+00:00	failed			Exception calling "Wait" with "1" argument(s): "One or more errors occurred."	request-failure	0	0		http://ed.jp/	ed.jp			False	Exception calling "GetResult" with "0" argument(s): "An error occurred while sending the request."	request-failure	0	0		https://ed.jp/	ed.jp			False	Exception calling "GetResult" with "0" argument(s): "An error occurred while sending the request."	not-resolved	no-automatic-action
edgekey.net	2026-07-21T16:56:58.3854043+00:00	failed			Exception calling "Wait" with "1" argument(s): "One or more errors occurred."	request-failure	0	0		http://edgekey.net/	edgekey.net			False	Exception calling "GetResult" with "0" argument(s): "An error occurred while sending the request."	request-failure	0	0		https://edgekey.net/	edgekey.net			False	Exception calling "GetResult" with "0" argument(s): "An error occurred while sending the request."	not-resolved	no-automatic-action
edgekey-staging.net	2026-07-21T16:56:59.4151858+00:00	failed			Exception calling "Wait" with "1" argument(s): "One or more errors occurred."	request-failure	0	0		http://edgekey-staging.net/	edgekey-staging.net			False	Exception calling "GetResult" with "0" argument(s): "An error occurred while sending the request."	request-failure	0	0		https://edgekey-staging.net/	edgekey-staging.net			False	Exception calling "GetResult" with "0" argument(s): "An error occurred while sending the request."	not-resolved	no-automatic-action
edgestack.me	2026-07-21T16:57:00.5722752+00:00	resolved	34.134.222.212			request-failure	301	1	https://edgestack.me/	http://edgestack.me/	edgestack.me		envoy	False	Exception calling "GetResult" with "0" argument(s): "An error occurred while sending the request."	request-failure	0	0		https://edgestack.me/	edgestack.me			False	Exception calling "GetResult" with "0" argument(s): "An error occurred while sending the request."	dns-only	retest-or-review-exact-host
edgesuite.net	2026-07-21T16:57:02.6211836+00:00	failed			Exception calling "Wait" with "1" argument(s): "One or more errors occurred."	request-failure	0	0		http://edgesuite.net/	edgesuite.net			False	Exception calling "GetResult" with "0" argument(s): "An error occurred while sending the request."	request-failure	0	0		https://edgesuite.net/	edgesuite.net			False	Exception calling "GetResult" with "0" argument(s): "An error occurred while sending the request."	not-resolved	no-automatic-action
edgesuite-staging.net	2026-07-21T16:57:03.6549751+00:00	failed			Exception calling "Wait" with "1" argument(s): "One or more errors occurred."	request-failure	0	0		http://edgesuite-staging.net/	edgesuite-staging.net			False	Exception calling "GetResult" with "0" argument(s): "An error occurred while sending the request."	request-failure	0	0		https://edgesuite-staging.net/	edgesuite-staging.net			False	Exception calling "GetResult" with "0" argument(s): "An error occurred while sending the request."	not-resolved	no-automatic-action
editorx.io	2026-07-21T16:57:04.7002196+00:00	failed			Exception calling "Wait" with "1" argument(s): "One or more errors occurred."	request-failure	0	0		http://editorx.io/	editorx.io			False	Exception calling "GetResult" with "0" argument(s): "An error occurred while sending the request."	request-failure	0	0		https://editorx.io/	editorx.io			False	Exception calling "GetResult" with "0" argument(s): "An error occurred while sending the request."	not-resolved	no-automatic-action
edu.ar	2026-07-21T16:57:05.7666141+00:00	failed			Exception calling "Wait" with "1" argument(s): "One or more errors occurred."	request-failure	0	0		http://edu.ar/	edu.ar			False	Exception calling "GetResult" with "0" argument(s): "An error occurred while sending the request."	request-failure	0	0		https://edu.ar/	edu.ar			False	Exception calling "GetResult" with "0" argument(s): "An error occurred while sending the request."	not-resolved	no-automatic-action
edu.au	2026-07-21T16:57:07.2241727+00:00	failed			Exception calling "Wait" with "1" argument(s): "One or more errors occurred."	request-failure	0	0		http://edu.au/	edu.au			False	Exception calling "GetResult" with "0" argument(s): "An error occurred while sending the request."	request-failure	0	0		https://edu.au/	edu.au			False	Exception calling "GetResult" with "0" argument(s): "An error occurred while sending the request."	not-resolved	no-automatic-action
edu.az	2026-07-21T16:57:08.4101403+00:00	failed			Exception calling "Wait" with "1" argument(s): "One or more errors occurred."	request-failure	0	0		http://edu.az/	edu.az			False	Exception calling "GetResult" with "0" argument(s): "An error occurred while sending the request."	request-failure	0	0		https://edu.az/	edu.az			False	Exception calling "GetResult" with "0" argument(s): "An error occurred while sending the request."	not-resolved	no-automatic-action
edu.bn	2026-07-21T16:57:09.4722625+00:00	failed			Exception calling "Wait" with "1" argument(s): "One or more errors occurred."	request-failure	0	0		http://edu.bn/	edu.bn			False	Exception calling "GetResult" with "0" argument(s): "An error occurred while sending the request."	request-failure	0	0		https://edu.bn/	edu.bn			False	Exception calling "GetResult" with "0" argument(s): "An error occurred while sending the request."	not-resolved	no-automatic-action
edu.br	2026-07-21T16:57:10.7872683+00:00	failed			Exception calling "Wait" with "1" argument(s): "One or more errors occurred."	request-failure	0	0		http://edu.br/	edu.br			False	Exception calling "GetResult" with "0" argument(s): "An error occurred while sending the request."	request-failure	0	0		https://edu.br/	edu.br			False	Exception calling "GetResult" with "0" argument(s): "An error occurred while sending the request."	not-resolved	no-automatic-action
edu.cn	2026-07-21T16:57:11.9746944+00:00	failed			Exception calling "Wait" with "1" argument(s): "One or more errors occurred."	request-failure	0	0		http://edu.cn/	edu.cn			False	Exception calling "GetResult" with "0" argument(s): "An error occurred while sending the request."	request-failure	0	0		https://edu.cn/	edu.cn			False	Exception calling "GetResult" with "0" argument(s): "An error occurred while sending the request."	not-resolved	no-automatic-action
edu.co	2026-07-21T16:57:13.2578076+00:00	failed			Exception calling "Wait" with "1" argument(s): "One or more errors occurred."	request-failure	0	0		http://edu.co/	edu.co			False	Exception calling "GetResult" with "0" argument(s): "An error occurred while sending the request."	request-failure	0	0		https://edu.co/	edu.co			False	Exception calling "GetResult" with "0" argument(s): "An error occurred while sending the request."	not-resolved	no-automatic-action
edu.ee	2026-07-21T16:57:14.2905961+00:00	resolved	193.40.65.61			request-failure	301	1	https://edu.ee/	http://edu.ee/	edu.ee			False	Exception calling "GetResult" with "0" argument(s): "An error occurred while sending the request."	request-failure	0	0		https://edu.ee/	edu.ee			False	Exception calling "GetResult" with "0" argument(s): "An error occurred while sending the request."	dns-only	retest-or-review-exact-host
edu.es	2026-07-21T16:57:15.7264950+00:00	failed			Exception calling "Wait" with "1" argument(s): "One or more errors occurred."	request-failure	0	0		http://edu.es/	edu.es			False	Exception calling "GetResult" with "0" argument(s): "An error occurred while sending the request."	request-failure	0	0		https://edu.es/	edu.es			False	Exception calling "GetResult" with "0" argument(s): "An error occurred while sending the request."	not-resolved	no-automatic-action
edu.fm	2026-07-21T16:57:16.7581558+00:00	failed			Exception calling "Wait" with "1" argument(s): "One or more errors occurred."	request-failure	0	0		http://edu.fm/	edu.fm			False	Exception calling "GetResult" with "0" argument(s): "An error occurred while sending the request."	request-failure	0	0		https://edu.fm/	edu.fm			False	Exception calling "GetResult" with "0" argument(s): "An error occurred while sending the request."	not-resolved	no-automatic-action
edu.gy	2026-07-21T16:57:17.8086204+00:00	failed			Exception calling "Wait" with "1" argument(s): "One or more errors occurred."	request-failure	0	0		http://edu.gy/	edu.gy			False	Exception calling "GetResult" with "0" argument(s): "An error occurred while sending the request."	request-failure	0	0		https://edu.gy/	edu.gy			False	Exception calling "GetResult" with "0" argument(s): "An error occurred while sending the request."	not-resolved	no-automatic-action
edu.hk	2026-07-21T16:57:18.8514555+00:00	failed			Exception calling "Wait" with "1" argument(s): "One or more errors occurred."	request-failure	0	0		http://edu.hk/	edu.hk			False	Exception calling "GetResult" with "0" argument(s): "An error occurred while sending the request."	request-failure	0	0		https://edu.hk/	edu.hk			False	Exception calling "GetResult" with "0" argument(s): "An error occurred while sending the request."	not-resolved	no-automatic-action
edu.jo	2026-07-21T16:57:19.8866107+00:00	failed			Exception calling "Wait" with "1" argument(s): "One or more errors occurred."	request-failure	0	0		http://edu.jo/	edu.jo			False	Exception calling "GetResult" with "0" argument(s): "An error occurred while sending the request."	request-failure	0	0		https://edu.jo/	edu.jo			False	Exception calling "GetResult" with "0" argument(s): "An error occurred while sending the request."	not-resolved	no-automatic-action
edu.krd	2026-07-21T16:57:20.9250701+00:00	failed			Exception calling "Wait" with "1" argument(s): "One or more errors occurred."	request-failure	0	0		http://edu.krd/	edu.krd			False	Exception calling "GetResult" with "0" argument(s): "An error occurred while sending the request."	request-failure	0	0		https://edu.krd/	edu.krd			False	Exception calling "GetResult" with "0" argument(s): "An error occurred while sending the request."	not-resolved	no-automatic-action
edu.kz	2026-07-21T16:57:21.9857052+00:00	failed			Exception calling "Wait" with "1" argument(s): "One or more errors occurred."	request-failure	0	0		http://edu.kz/	edu.kz			False	Exception calling "GetResult" with "0" argument(s): "An error occurred while sending the request."	request-failure	0	0		https://edu.kz/	edu.kz			False	Exception calling "GetResult" with "0" argument(s): "An error occurred while sending the request."	not-resolved	no-automatic-action
edu.mk	2026-07-21T16:57:23.1283977+00:00	failed			Exception calling "Wait" with "1" argument(s): "One or more errors occurred."	request-failure	0	0		http://edu.mk/	edu.mk			False	Exception calling "GetResult" with "0" argument(s): "An error occurred while sending the request."	request-failure	0	0		https://edu.mk/	edu.mk			False	Exception calling "GetResult" with "0" argument(s): "An error occurred while sending the request."	not-resolved	no-automatic-action
edu.mx	2026-07-21T16:57:24.2044960+00:00	failed			Exception calling "Wait" with "1" argument(s): "One or more errors occurred."	request-failure	0	0		http://edu.mx/	edu.mx			False	Exception calling "GetResult" with "0" argument(s): "An error occurred while sending the request."	request-failure	0	0		https://edu.mx/	edu.mx			False	Exception calling "GetResult" with "0" argument(s): "An error occurred while sending the request."	not-resolved	no-automatic-action
edu.my	2026-07-21T16:57:25.2529079+00:00	failed			Exception calling "Wait" with "1" argument(s): "One or more errors occurred."	request-failure	0	0		http://edu.my/	edu.my			False	Exception calling "GetResult" with "0" argument(s): "An error occurred while sending the request."	request-failure	0	0		https://edu.my/	edu.my			False	Exception calling "GetResult" with "0" argument(s): "An error occurred while sending the request."	not-resolved	no-automatic-action
edu.ph	2026-07-21T16:57:26.3037096+00:00	failed			Exception calling "Wait" with "1" argument(s): "One or more errors occurred."	request-failure	0	0		http://edu.ph/	edu.ph			False	Exception calling "GetResult" with "0" argument(s): "An error occurred while sending the request."	request-failure	0	0		https://edu.ph/	edu.ph			False	Exception calling "GetResult" with "0" argument(s): "An error occurred while sending the request."	not-resolved	no-automatic-action
edu.pl	2026-07-21T16:57:27.5805931+00:00	failed			Exception calling "Wait" with "1" argument(s): "One or more errors occurred."	request-failure	0	0		http://edu.pl/	edu.pl			False	Exception calling "GetResult" with "0" argument(s): "An error occurred while sending the request."	request-failure	0	0		https://edu.pl/	edu.pl			False	Exception calling "GetResult" with "0" argument(s): "An error occurred while sending the request."	not-resolved	no-automatic-action
edu.qa	2026-07-21T16:57:28.6128883+00:00	failed			Exception calling "Wait" with "1" argument(s): "One or more errors occurred."	request-failure	0	0		http://edu.qa/	edu.qa			False	Exception calling "GetResult" with "0" argument(s): "An error occurred while sending the request."	request-failure	0	0		https://edu.qa/	edu.qa			False	Exception calling "GetResult" with "0" argument(s): "An error occurred while sending the request."	not-resolved	no-automatic-action
edu.ru	2026-07-21T16:57:29.8340163+00:00	resolved	85.142.19.10			timeout	0	0		http://edu.ru/	edu.ru			False	Exception calling "GetResult" with "0" argument(s): "A task was canceled."	timeout	0	0		https://edu.ru/	edu.ru			False	Exception calling "GetResult" with "0" argument(s): "A task was canceled."	temporarily-inconclusive	retest-later
edu.sg	2026-07-21T16:58:12.4993507+00:00	failed			Exception calling "Wait" with "1" argument(s): "One or more errors occurred."	request-failure	0	0		http://edu.sg/	edu.sg			False	Exception calling "GetResult" with "0" argument(s): "An error occurred while sending the request."	request-failure	0	0		https://edu.sg/	edu.sg			False	Exception calling "GetResult" with "0" argument(s): "An error occurred while sending the request."	not-resolved	no-automatic-action
edu.tr	2026-07-21T16:58:13.5465038+00:00	failed			Exception calling "Wait" with "1" argument(s): "One or more errors occurred."	request-failure	0	0		http://edu.tr/	edu.tr			False	Exception calling "GetResult" with "0" argument(s): "An error occurred while sending the request."	request-failure	0	0		https://edu.tr/	edu.tr			False	Exception calling "GetResult" with "0" argument(s): "An error occurred while sending the request."	not-resolved	no-automatic-action
edu.tw	2026-07-21T16:58:14.6124316+00:00	failed			Exception calling "Wait" with "1" argument(s): "One or more errors occurred."	request-failure	0	0		http://edu.tw/	edu.tw			False	Exception calling "GetResult" with "0" argument(s): "An error occurred while sending the request."	request-failure	0	0		https://edu.tw/	edu.tw			False	Exception calling "GetResult" with "0" argument(s): "An error occurred while sending the request."	not-resolved	no-automatic-action
edu.ua	2026-07-21T16:58:15.8623075+00:00	resolved	193.29.220.68	2001:4130:20::68		timeout	0	0		http://edu.ua/	edu.ua			False	Exception calling "GetResult" with "0" argument(s): "A task was canceled."	timeout	0	0		https://edu.ua/	edu.ua			False	Exception calling "GetResult" with "0" argument(s): "A task was canceled."	temporarily-inconclusive	retest-later
edu.vn	2026-07-21T16:58:56.9394683+00:00	failed			Exception calling "Wait" with "1" argument(s): "One or more errors occurred."	request-failure	0	0		http://edu.vn/	edu.vn			False	Exception calling "GetResult" with "0" argument(s): "An error occurred while sending the request."	request-failure	0	0		https://edu.vn/	edu.vn			False	Exception calling "GetResult" with "0" argument(s): "An error occurred while sending the request."	not-resolved	no-automatic-action
eek.jp	2026-07-21T16:58:57.9877611+00:00	failed			Exception calling "Wait" with "1" argument(s): "One or more errors occurred."	request-failure	0	0		http://eek.jp/	eek.jp			False	Exception calling "GetResult" with "0" argument(s): "An error occurred while sending the request."	request-failure	0	0		https://eek.jp/	eek.jp			False	Exception calling "GetResult" with "0" argument(s): "An error occurred while sending the request."	not-resolved	no-automatic-action
ehime.jp	2026-07-21T16:58:59.2844096+00:00	failed			Exception calling "Wait" with "1" argument(s): "One or more errors occurred."	request-failure	0	0		http://ehime.jp/	ehime.jp			False	Exception calling "GetResult" with "0" argument(s): "An error occurred while sending the request."	request-failure	0	0		https://ehime.jp/	ehime.jp			False	Exception calling "GetResult" with "0" argument(s): "An error occurred while sending the request."	not-resolved	no-automatic-action
eidfjord.no	2026-07-21T16:59:00.3300595+00:00	failed			Exception calling "Wait" with "1" argument(s): "One or more errors occurred."	request-failure	0	0		http://eidfjord.no/	eidfjord.no			False	Exception calling "GetResult" with "0" argument(s): "An error occurred while sending the request."	request-failure	0	0		https://eidfjord.no/	eidfjord.no			False	Exception calling "GetResult" with "0" argument(s): "An error occurred while sending the request."	not-resolved	no-automatic-action
eidsberg.no	2026-07-21T16:59:01.4390852+00:00	failed			Exception calling "Wait" with "1" argument(s): "One or more errors occurred."	request-failure	0	0		http://eidsberg.no/	eidsberg.no			False	Exception calling "GetResult" with "0" argument(s): "An error occurred while sending the request."	request-failure	0	0		https://eidsberg.no/	eidsberg.no			False	Exception calling "GetResult" with "0" argument(s): "An error occurred while sending the request."	not-resolved	no-automatic-action
elblag.pl	2026-07-21T16:59:02.5318458+00:00	failed			Exception calling "Wait" with "1" argument(s): "One or more errors occurred."	request-failure	0	0		http://elblag.pl/	elblag.pl			False	Exception calling "GetResult" with "0" argument(s): "An error occurred while sending the request."	request-failure	0	0		https://elblag.pl/	elblag.pl			False	Exception calling "GetResult" with "0" argument(s): "An error occurred while sending the request."	not-resolved	no-automatic-action
eliv-cdn.kr	2026-07-21T16:59:03.6095821+00:00	failed			Exception calling "Wait" with "1" argument(s): "One or more errors occurred."	request-failure	0	0		http://eliv-cdn.kr/	eliv-cdn.kr			False	Exception calling "GetResult" with "0" argument(s): "An error occurred while sending the request."	request-failure	0	0		https://eliv-cdn.kr/	eliv-cdn.kr			False	Exception calling "GetResult" with "0" argument(s): "An error occurred while sending the request."	not-resolved	no-automatic-action
eliv-dns.kr	2026-07-21T16:59:04.6925196+00:00	resolved	172.66.40.84,172.66.43.172	2606:4700:3108::ac42:2854,2606:4700:3108::ac42:2bac		timeout	301	1	https://eliv-dns.kr/	http://eliv-dns.kr/	eliv-dns.kr	text/html; charset=UTF-8	cloudflare	False	Exception calling "GetResult" with "0" argument(s): "A task was canceled."	timeout	0	0		https://eliv-dns.kr/	eliv-dns.kr			False	Exception calling "GetResult" with "0" argument(s): "A task was canceled."	temporarily-inconclusive	retest-later
elk.pl	2026-07-21T16:59:45.8223506+00:00	failed			Exception calling "Wait" with "1" argument(s): "One or more errors occurred."	request-failure	0	0		http://elk.pl/	elk.pl			False	Exception calling "GetResult" with "0" argument(s): "An error occurred while sending the request."	request-failure	0	0		https://elk.pl/	elk.pl			False	Exception calling "GetResult" with "0" argument(s): "An error occurred while sending the request."	not-resolved	no-automatic-action
emergent.host	2026-07-21T16:59:46.8694482+00:00	failed			Exception calling "Wait" with "1" argument(s): "One or more errors occurred."	request-failure	0	0		http://emergent.host/	emergent.host			False	Exception calling "GetResult" with "0" argument(s): "An error occurred while sending the request."	request-failure	0	0		https://emergent.host/	emergent.host			False	Exception calling "GetResult" with "0" argument(s): "An error occurred while sending the request."	not-resolved	no-automatic-action
emiliaromagna.it	2026-07-21T16:59:47.9335117+00:00	failed			Exception calling "Wait" with "1" argument(s): "One or more errors occurred."	request-failure	0	0		http://emiliaromagna.it/	emiliaromagna.it			False	Exception calling "GetResult" with "0" argument(s): "An error occurred while sending the request."	request-failure	0	0		https://emiliaromagna.it/	emiliaromagna.it			False	Exception calling "GetResult" with "0" argument(s): "An error occurred while sending the request."	not-resolved	no-automatic-action
emilia-romagna.it	2026-07-21T16:59:48.9783640+00:00	failed			Exception calling "Wait" with "1" argument(s): "One or more errors occurred."	request-failure	0	0		http://emilia-romagna.it/	emilia-romagna.it			False	Exception calling "GetResult" with "0" argument(s): "An error occurred while sending the request."	request-failure	0	0		https://emilia-romagna.it/	emilia-romagna.it			False	Exception calling "GetResult" with "0" argument(s): "An error occurred while sending the request."	not-resolved	no-automatic-action
emp.br	2026-07-21T16:59:50.0087484+00:00	failed			Exception calling "Wait" with "1" argument(s): "One or more errors occurred."	request-failure	0	0		http://emp.br/	emp.br			False	Exception calling "GetResult" with "0" argument(s): "An error occurred while sending the request."	request-failure	0	0		https://emp.br/	emp.br			False	Exception calling "GetResult" with "0" argument(s): "An error occurred while sending the request."	not-resolved	no-automatic-action
emr.it	2026-07-21T16:59:51.1779829+00:00	failed			Exception calling "Wait" with "1" argument(s): "One or more errors occurred."	request-failure	0	0		http://emr.it/	emr.it			False	Exception calling "GetResult" with "0" argument(s): "An error occurred while sending the request."	request-failure	0	0		https://emr.it/	emr.it			False	Exception calling "GetResult" with "0" argument(s): "An error occurred while sending the request."	not-resolved	no-automatic-action
en.it	2026-07-21T16:59:52.3077724+00:00	failed			Exception calling "Wait" with "1" argument(s): "One or more errors occurred."	request-failure	0	0		http://en.it/	en.it			False	Exception calling "GetResult" with "0" argument(s): "An error occurred while sending the request."	request-failure	0	0		https://en.it/	en.it			False	Exception calling "GetResult" with "0" argument(s): "An error occurred while sending the request."	not-resolved	no-automatic-action
encoreapi.com	2026-07-21T16:59:53.3726231+00:00	failed			Exception calling "Wait" with "1" argument(s): "One or more errors occurred."	request-failure	0	0		http://encoreapi.com/	encoreapi.com			False	Exception calling "GetResult" with "0" argument(s): "An error occurred while sending the request."	request-failure	0	0		https://encoreapi.com/	encoreapi.com			False	Exception calling "GetResult" with "0" argument(s): "An error occurred while sending the request."	not-resolved	no-automatic-action
enf.br	2026-07-21T16:59:54.4082812+00:00	failed			Exception calling "Wait" with "1" argument(s): "One or more errors occurred."	request-failure	0	0		http://enf.br/	enf.br			False	Exception calling "GetResult" with "0" argument(s): "An error occurred while sending the request."	request-failure	0	0		https://enf.br/	enf.br			False	Exception calling "GetResult" with "0" argument(s): "An error occurred while sending the request."	not-resolved	no-automatic-action
eng.br	2026-07-21T16:59:55.5793163+00:00	failed			Exception calling "Wait" with "1" argument(s): "One or more errors occurred."	request-failure	0	0		http://eng.br/	eng.br			False	Exception calling "GetResult" with "0" argument(s): "An error occurred while sending the request."	request-failure	0	0		https://eng.br/	eng.br			False	Exception calling "GetResult" with "0" argument(s): "An error occurred while sending the request."	not-resolved	no-automatic-action
enna.it	2026-07-21T16:59:56.6364036+00:00	failed			Exception calling "Wait" with "1" argument(s): "One or more errors occurred."	request-failure	0	0		http://enna.it/	enna.it			False	Exception calling "GetResult" with "0" argument(s): "An error occurred while sending the request."	request-failure	0	0		https://enna.it/	enna.it			False	Exception calling "GetResult" with "0" argument(s): "An error occurred while sending the request."	not-resolved	no-automatic-action
ens.tn	2026-07-21T16:59:57.6826291+00:00	failed			Exception calling "Wait" with "1" argument(s): "One or more errors occurred."	request-failure	0	0		http://ens.tn/	ens.tn			False	Exception calling "GetResult" with "0" argument(s): "An error occurred while sending the request."	request-failure	0	0		https://ens.tn/	ens.tn			False	Exception calling "GetResult" with "0" argument(s): "An error occurred while sending the request."	not-resolved	no-automatic-action
enscaled.sg	2026-07-21T16:59:58.7636091+00:00	failed			Exception calling "Wait" with "1" argument(s): "One or more errors occurred."	request-failure	0	0		http://enscaled.sg/	enscaled.sg			False	Exception calling "GetResult" with "0" argument(s): "An error occurred while sending the request."	request-failure	0	0		https://enscaled.sg/	enscaled.sg			False	Exception calling "GetResult" with "0" argument(s): "An error occurred while sending the request."	not-resolved	no-automatic-action
enterprisecloud.nu	2026-07-21T17:00:00.0896816+00:00	failed			Exception calling "Wait" with "1" argument(s): "One or more errors occurred."	request-failure	0	0		http://enterprisecloud.nu/	enterprisecloud.nu			False	Exception calling "GetResult" with "0" argument(s): "An error occurred while sending the request."	request-failure	0	0		https://enterprisecloud.nu/	enterprisecloud.nu			False	Exception calling "GetResult" with "0" argument(s): "An error occurred while sending the request."	not-resolved	no-automatic-action
es.kr	2026-07-21T17:00:01.1646355+00:00	failed			Exception calling "Wait" with "1" argument(s): "One or more errors occurred."	request-failure	0	0		http://es.kr/	es.kr			False	Exception calling "GetResult" with "0" argument(s): "An error occurred while sending the request."	request-failure	0	0		https://es.kr/	es.kr			False	Exception calling "GetResult" with "0" argument(s): "An error occurred while sending the request."	not-resolved	no-automatic-action
es.leg.br	2026-07-21T17:00:02.2236926+00:00	failed			Exception calling "Wait" with "1" argument(s): "One or more errors occurred."	request-failure	0	0		http://es.leg.br/	es.leg.br			False	Exception calling "GetResult" with "0" argument(s): "An error occurred while sending the request."	request-failure	0	0		https://es.leg.br/	es.leg.br			False	Exception calling "GetResult" with "0" argument(s): "An error occurred while sending the request."	not-resolved	no-automatic-action
esp.br	2026-07-21T17:00:03.5163488+00:00	failed			Exception calling "Wait" with "1" argument(s): "One or more errors occurred."	request-failure	0	0		http://esp.br/	esp.br			False	Exception calling "GetResult" with "0" argument(s): "An error occurred while sending the request."	request-failure	0	0		https://esp.br/	esp.br			False	Exception calling "GetResult" with "0" argument(s): "An error occurred while sending the request."	not-resolved	no-automatic-action
est.pr	2026-07-21T17:00:04.7190050+00:00	failed			Exception calling "Wait" with "1" argument(s): "One or more errors occurred."	request-failure	0	0		http://est.pr/	est.pr			False	Exception calling "GetResult" with "0" argument(s): "An error occurred while sending the request."	request-failure	0	0		https://est.pr/	est.pr			False	Exception calling "GetResult" with "0" argument(s): "An error occurred while sending the request."	not-resolved	no-automatic-action
etc.br	2026-07-21T17:00:05.8839163+00:00	failed			Exception calling "Wait" with "1" argument(s): "One or more errors occurred."	request-failure	0	0		http://etc.br/	etc.br			False	Exception calling "GetResult" with "0" argument(s): "An error occurred while sending the request."	request-failure	0	0		https://etc.br/	etc.br			False	Exception calling "GetResult" with "0" argument(s): "An error occurred while sending the request."	not-resolved	no-automatic-action
eti.br	2026-07-21T17:00:07.0706751+00:00	failed			Exception calling "Wait" with "1" argument(s): "One or more errors occurred."	request-failure	0	0		http://eti.br/	eti.br			False	Exception calling "GetResult" with "0" argument(s): "An error occurred while sending the request."	request-failure	0	0		https://eti.br/	eti.br			False	Exception calling "GetResult" with "0" argument(s): "An error occurred while sending the request."	not-resolved	no-automatic-action
eu.int	2026-07-21T17:00:08.2304180+00:00	failed			Exception calling "Wait" with "1" argument(s): "One or more errors occurred."	request-failure	0	0		http://eu.int/	eu.int			False	Exception calling "GetResult" with "0" argument(s): "An error occurred while sending the request."	request-failure	0	0		https://eu.int/	eu.int			False	Exception calling "GetResult" with "0" argument(s): "An error occurred while sending the request."	not-resolved	no-automatic-action
eun.eg	2026-07-21T17:00:09.3286769+00:00	failed			Exception calling "Wait" with "1" argument(s): "One or more errors occurred."	request-failure	0	0		http://eun.eg/	eun.eg			False	Exception calling "GetResult" with "0" argument(s): "An error occurred while sending the request."	request-failure	0	0		https://eun.eg/	eun.eg			False	Exception calling "GetResult" with "0" argument(s): "An error occurred while sending the request."	not-resolved	no-automatic-action
eurodir.ru	2026-07-21T17:00:10.4236645+00:00	resolved	127.0.0.1			request-failure	0	0		http://eurodir.ru/	eurodir.ru			False	Exception calling "GetResult" with "0" argument(s): "An error occurred while sending the request."	request-failure	0	0		https://eurodir.ru/	eurodir.ru			False	Exception calling "GetResult" with "0" argument(s): "An error occurred while sending the request."	dns-only	retest-or-review-exact-host
familyds.com	2026-07-21T17:00:15.6894109+00:00	failed			Exception calling "Wait" with "1" argument(s): "One or more errors occurred."	request-failure	0	0		http://familyds.com/	familyds.com			False	Exception calling "GetResult" with "0" argument(s): "An error occurred while sending the request."	request-failure	0	0		https://familyds.com/	familyds.com			False	Exception calling "GetResult" with "0" argument(s): "An error occurred while sending the request."	not-resolved	no-automatic-action
familyds.net	2026-07-21T17:00:16.8950570+00:00	failed			Exception calling "Wait" with "1" argument(s): "One or more errors occurred."	request-failure	0	0		http://familyds.net/	familyds.net			False	Exception calling "GetResult" with "0" argument(s): "An error occurred while sending the request."	request-failure	0	0		https://familyds.net/	familyds.net			False	Exception calling "GetResult" with "0" argument(s): "An error occurred while sending the request."	not-resolved	no-automatic-action
familyds.org	2026-07-21T17:00:18.0924545+00:00	failed			Exception calling "Wait" with "1" argument(s): "One or more errors occurred."	request-failure	0	0		http://familyds.org/	familyds.org			False	Exception calling "GetResult" with "0" argument(s): "An error occurred while sending the request."	request-failure	0	0		https://familyds.org/	familyds.org			False	Exception calling "GetResult" with "0" argument(s): "An error occurred while sending the request."	not-resolved	no-automatic-action
far.br	2026-07-21T17:00:19.3247583+00:00	failed			Exception calling "Wait" with "1" argument(s): "One or more errors occurred."	request-failure	0	0		http://far.br/	far.br			False	Exception calling "GetResult" with "0" argument(s): "An error occurred while sending the request."	request-failure	0	0		https://far.br/	far.br			False	Exception calling "GetResult" with "0" argument(s): "An error occurred while sending the request."	not-resolved	no-automatic-action
fastly-edge.com	2026-07-21T17:00:20.4957152+00:00	failed			Exception calling "Wait" with "1" argument(s): "One or more errors occurred."	request-failure	0	0		http://fastly-edge.com/	fastly-edge.com			False	Exception calling "GetResult" with "0" argument(s): "An error occurred while sending the request."	request-failure	0	0		https://fastly-edge.com/	fastly-edge.com			False	Exception calling "GetResult" with "0" argument(s): "An error occurred while sending the request."	not-resolved	no-automatic-action
fastlylb.net	2026-07-21T17:00:21.5430218+00:00	failed			Exception calling "Wait" with "1" argument(s): "One or more errors occurred."	request-failure	0	0		http://fastlylb.net/	fastlylb.net			False	Exception calling "GetResult" with "0" argument(s): "An error occurred while sending the request."	request-failure	0	0		https://fastlylb.net/	fastlylb.net			False	Exception calling "GetResult" with "0" argument(s): "An error occurred while sending the request."	not-resolved	no-automatic-action
fbxos.fr	2026-07-21T17:00:22.5882583+00:00	failed			Exception calling "Wait" with "1" argument(s): "One or more errors occurred."	request-failure	0	0		http://fbxos.fr/	fbxos.fr			False	Exception calling "GetResult" with "0" argument(s): "An error occurred while sending the request."	request-failure	0	0		https://fbxos.fr/	fbxos.fr			False	Exception calling "GetResult" with "0" argument(s): "An error occurred while sending the request."	not-resolved	no-automatic-action
fc.it	2026-07-21T17:00:23.6513841+00:00	failed			Exception calling "Wait" with "1" argument(s): "One or more errors occurred."	request-failure	0	0		http://fc.it/	fc.it			False	Exception calling "GetResult" with "0" argument(s): "An error occurred while sending the request."	request-failure	0	0		https://fc.it/	fc.it			False	Exception calling "GetResult" with "0" argument(s): "An error occurred while sending the request."	not-resolved	no-automatic-action
fe.it	2026-07-21T17:00:24.6810509+00:00	failed			Exception calling "Wait" with "1" argument(s): "One or more errors occurred."	request-failure	0	0		http://fe.it/	fe.it			False	Exception calling "GetResult" with "0" argument(s): "An error occurred while sending the request."	request-failure	0	0		https://fe.it/	fe.it			False	Exception calling "GetResult" with "0" argument(s): "An error occurred while sending the request."	not-resolved	no-automatic-action
fedje.no	2026-07-21T17:00:25.7156880+00:00	failed			Exception calling "Wait" with "1" argument(s): "One or more errors occurred."	request-failure	0	0		http://fedje.no/	fedje.no			False	Exception calling "GetResult" with "0" argument(s): "An error occurred while sending the request."	request-failure	0	0		https://fedje.no/	fedje.no			False	Exception calling "GetResult" with "0" argument(s): "An error occurred while sending the request."	not-resolved	no-automatic-action
fedorainfracloud.org	2026-07-21T17:00:26.8127009+00:00	resolved	38.145.48.10			timeout	0	0		http://fedorainfracloud.org/	fedorainfracloud.org			False	Exception calling "GetResult" with "0" argument(s): "A task was canceled."	timeout	0	0		https://fedorainfracloud.org/	fedorainfracloud.org			False	Exception calling "GetResult" with "0" argument(s): "A task was canceled."	temporarily-inconclusive	retest-later
feira.br	2026-07-21T17:01:07.9996042+00:00	failed			Exception calling "Wait" with "1" argument(s): "One or more errors occurred."	request-failure	0	0		http://feira.br/	feira.br			False	Exception calling "GetResult" with "0" argument(s): "An error occurred while sending the request."	request-failure	0	0		https://feira.br/	feira.br			False	Exception calling "GetResult" with "0" argument(s): "An error occurred while sending the request."	not-resolved	no-automatic-action
fermo.it	2026-07-21T17:01:09.0587799+00:00	failed			Exception calling "Wait" with "1" argument(s): "One or more errors occurred."	request-failure	0	0		http://fermo.it/	fermo.it			False	Exception calling "GetResult" with "0" argument(s): "An error occurred while sending the request."	request-failure	0	0		https://fermo.it/	fermo.it			False	Exception calling "GetResult" with "0" argument(s): "An error occurred while sending the request."	not-resolved	no-automatic-action
ferrara.it	2026-07-21T17:01:10.0959663+00:00	failed			Exception calling "Wait" with "1" argument(s): "One or more errors occurred."	request-failure	0	0		http://ferrara.it/	ferrara.it			False	Exception calling "GetResult" with "0" argument(s): "An error occurred while sending the request."	request-failure	0	0		https://ferrara.it/	ferrara.it			False	Exception calling "GetResult" with "0" argument(s): "An error occurred while sending the request."	not-resolved	no-automatic-action
fg.it	2026-07-21T17:01:11.1248321+00:00	failed			Exception calling "Wait" with "1" argument(s): "One or more errors occurred."	request-failure	0	0		http://fg.it/	fg.it			False	Exception calling "GetResult" with "0" argument(s): "An error occurred while sending the request."	request-failure	0	0		https://fg.it/	fg.it			False	Exception calling "GetResult" with "0" argument(s): "An error occurred while sending the request."	not-resolved	no-automatic-action
fh-muenster.io	2026-07-21T17:01:12.1937148+00:00	failed			Exception calling "Wait" with "1" argument(s): "One or more errors occurred."	request-failure	0	0		http://fh-muenster.io/	fh-muenster.io			False	Exception calling "GetResult" with "0" argument(s): "An error occurred while sending the request."	request-failure	0	0		https://fh-muenster.io/	fh-muenster.io			False	Exception calling "GetResult" with "0" argument(s): "An error occurred while sending the request."	not-resolved	no-automatic-action
fhs.no	2026-07-21T17:01:13.3821955+00:00	failed			Exception calling "Wait" with "1" argument(s): "One or more errors occurred."	request-failure	0	0		http://fhs.no/	fhs.no			False	Exception calling "GetResult" with "0" argument(s): "An error occurred while sending the request."	request-failure	0	0		https://fhs.no/	fhs.no			False	Exception calling "GetResult" with "0" argument(s): "An error occurred while sending the request."	not-resolved	no-automatic-action
fhsk.se	2026-07-21T17:01:14.5546235+00:00	failed			Exception calling "Wait" with "1" argument(s): "One or more errors occurred."	request-failure	0	0		http://fhsk.se/	fhsk.se			False	Exception calling "GetResult" with "0" argument(s): "An error occurred while sending the request."	request-failure	0	0		https://fhsk.se/	fhsk.se			False	Exception calling "GetResult" with "0" argument(s): "An error occurred while sending the request."	not-resolved	no-automatic-action
fi.cr	2026-07-21T17:01:15.6155478+00:00	failed			Exception calling "Wait" with "1" argument(s): "One or more errors occurred."	request-failure	0	0		http://fi.cr/	fi.cr			False	Exception calling "GetResult" with "0" argument(s): "An error occurred while sending the request."	request-failure	0	0		https://fi.cr/	fi.cr			False	Exception calling "GetResult" with "0" argument(s): "An error occurred while sending the request."	not-resolved	no-automatic-action
fi.it	2026-07-21T17:01:16.6599188+00:00	failed			Exception calling "Wait" with "1" argument(s): "One or more errors occurred."	request-failure	0	0		http://fi.it/	fi.it			False	Exception calling "GetResult" with "0" argument(s): "An error occurred while sending the request."	request-failure	0	0		https://fi.it/	fi.it			False	Exception calling "GetResult" with "0" argument(s): "An error occurred while sending the request."	not-resolved	no-automatic-action
file.core.windows.net	2026-07-21T17:01:17.7050795+00:00	failed			Exception calling "Wait" with "1" argument(s): "One or more errors occurred."	request-failure	0	0		http://file.core.windows.net/	file.core.windows.net			False	Exception calling "GetResult" with "0" argument(s): "An error occurred while sending the request."	request-failure	0	0		https://file.core.windows.net/	file.core.windows.net			False	Exception calling "GetResult" with "0" argument(s): "An error occurred while sending the request."	not-resolved	no-automatic-action
filegear.me	2026-07-21T17:01:18.7477858+00:00	resolved	143.198.235.115			request-failure	302	1	https://online.filegear.com/	http://filegear.me/	filegear.me	text/html; charset=UTF-8	(Ubuntu),nginx/1.14.0	False	Exception calling "GetResult" with "0" argument(s): "An error occurred while sending the request."	request-failure	0	0		https://filegear.me/	filegear.me			False	Exception calling "GetResult" with "0" argument(s): "An error occurred while sending the request."	dns-only	retest-or-review-exact-host
film.hu	2026-07-21T17:01:21.3643659+00:00	failed			Exception calling "Wait" with "1" argument(s): "One or more errors occurred."	request-failure	0	0		http://film.hu/	film.hu			False	Exception calling "GetResult" with "0" argument(s): "An error occurred while sending the request."	request-failure	0	0		https://film.hu/	film.hu			False	Exception calling "GetResult" with "0" argument(s): "An error occurred while sending the request."	not-resolved	no-automatic-action
fin.ec	2026-07-21T17:01:22.4141980+00:00	failed			Exception calling "Wait" with "1" argument(s): "One or more errors occurred."	request-failure	0	0		http://fin.ec/	fin.ec			False	Exception calling "GetResult" with "0" argument(s): "An error occurred while sending the request."	request-failure	0	0		https://fin.ec/	fin.ec			False	Exception calling "GetResult" with "0" argument(s): "An error occurred while sending the request."	not-resolved	no-automatic-action
fin.in	2026-07-21T17:01:23.6499877+00:00	failed			Exception calling "Wait" with "1" argument(s): "One or more errors occurred."	request-failure	0	0		http://fin.in/	fin.in			False	Exception calling "GetResult" with "0" argument(s): "An error occurred while sending the request."	request-failure	0	0		https://fin.in/	fin.in			False	Exception calling "GetResult" with "0" argument(s): "An error occurred while sending the request."	not-resolved	no-automatic-action
firenze.it	2026-07-21T17:01:24.7041817+00:00	failed			Exception calling "Wait" with "1" argument(s): "One or more errors occurred."	request-failure	0	0		http://firenze.it/	firenze.it			False	Exception calling "GetResult" with "0" argument(s): "An error occurred while sending the request."	request-failure	0	0		https://firenze.it/	firenze.it			False	Exception calling "GetResult" with "0" argument(s): "An error occurred while sending the request."	not-resolved	no-automatic-action
firewalledreplit.co	2026-07-21T17:01:25.7521455+00:00	failed			Exception calling "Wait" with "1" argument(s): "One or more errors occurred."	request-failure	0	0		http://firewalledreplit.co/	firewalledreplit.co			False	Exception calling "GetResult" with "0" argument(s): "An error occurred while sending the request."	request-failure	0	0		https://firewalledreplit.co/	firewalledreplit.co			False	Exception calling "GetResult" with "0" argument(s): "An error occurred while sending the request."	not-resolved	no-automatic-action
firewall-gateway.com	2026-07-21T17:01:26.8922757+00:00	failed			Exception calling "Wait" with "1" argument(s): "One or more errors occurred."	request-failure	0	0		http://firewall-gateway.com/	firewall-gateway.com			False	Exception calling "GetResult" with "0" argument(s): "An error occurred while sending the request."	request-failure	0	0		https://firewall-gateway.com/	firewall-gateway.com			False	Exception calling "GetResult" with "0" argument(s): "An error occurred while sending the request."	not-resolved	no-automatic-action
firewall-gateway.de	2026-07-21T17:01:27.9354382+00:00	failed			Exception calling "Wait" with "1" argument(s): "One or more errors occurred."	request-failure	0	0		http://firewall-gateway.de/	firewall-gateway.de			False	Exception calling "GetResult" with "0" argument(s): "An error occurred while sending the request."	request-failure	0	0		https://firewall-gateway.de/	firewall-gateway.de			False	Exception calling "GetResult" with "0" argument(s): "An error occurred while sending the request."	not-resolved	no-automatic-action
firewall-gateway.net	2026-07-21T17:01:28.9702465+00:00	failed			Exception calling "Wait" with "1" argument(s): "One or more errors occurred."	request-failure	0	0		http://firewall-gateway.net/	firewall-gateway.net			False	Exception calling "GetResult" with "0" argument(s): "An error occurred while sending the request."	request-failure	0	0		https://firewall-gateway.net/	firewall-gateway.net			False	Exception calling "GetResult" with "0" argument(s): "An error occurred while sending the request."	not-resolved	no-automatic-action
firm.in	2026-07-21T17:01:30.0186074+00:00	failed			Exception calling "Wait" with "1" argument(s): "One or more errors occurred."	request-failure	0	0		http://firm.in/	firm.in			False	Exception calling "GetResult" with "0" argument(s): "An error occurred while sending the request."	request-failure	0	0		https://firm.in/	firm.in			False	Exception calling "GetResult" with "0" argument(s): "An error occurred while sending the request."	not-resolved	no-automatic-action
fj.cn	2026-07-21T17:01:31.0643891+00:00	failed			Exception calling "Wait" with "1" argument(s): "One or more errors occurred."	request-failure	0	0		http://fj.cn/	fj.cn			False	Exception calling "GetResult" with "0" argument(s): "An error occurred while sending the request."	request-failure	0	0		https://fj.cn/	fj.cn			False	Exception calling "GetResult" with "0" argument(s): "An error occurred while sending the request."	not-resolved	no-automatic-action
fjell.no	2026-07-21T17:01:32.2312409+00:00	failed			Exception calling "Wait" with "1" argument(s): "One or more errors occurred."	request-failure	0	0		http://fjell.no/	fjell.no			False	Exception calling "GetResult" with "0" argument(s): "An error occurred while sending the request."	request-failure	0	0		https://fjell.no/	fjell.no			False	Exception calling "GetResult" with "0" argument(s): "An error occurred while sending the request."	not-resolved	no-automatic-action
fl.us	2026-07-21T17:01:33.2960616+00:00	failed			Exception calling "Wait" with "1" argument(s): "One or more errors occurred."	request-failure	0	0		http://fl.us/	fl.us			False	Exception calling "GetResult" with "0" argument(s): "An error occurred while sending the request."	request-failure	0	0		https://fl.us/	fl.us			False	Exception calling "GetResult" with "0" argument(s): "An error occurred while sending the request."	not-resolved	no-automatic-action
fla.no	2026-07-21T17:01:34.3415200+00:00	failed			Exception calling "Wait" with "1" argument(s): "One or more errors occurred."	request-failure	0	0		http://fla.no/	fla.no			False	Exception calling "GetResult" with "0" argument(s): "An error occurred while sending the request."	request-failure	0	0		https://fla.no/	fla.no			False	Exception calling "GetResult" with "0" argument(s): "An error occurred while sending the request."	not-resolved	no-automatic-action
flog.br	2026-07-21T17:01:35.4220585+00:00	failed			Exception calling "Wait" with "1" argument(s): "One or more errors occurred."	request-failure	0	0		http://flog.br/	flog.br			False	Exception calling "GetResult" with "0" argument(s): "An error occurred while sending the request."	request-failure	0	0		https://flog.br/	flog.br			False	Exception calling "GetResult" with "0" argument(s): "An error occurred while sending the request."	not-resolved	no-automatic-action
flop.jp	2026-07-21T17:01:36.6117614+00:00	failed			Exception calling "Wait" with "1" argument(s): "One or more errors occurred."	request-failure	0	0		http://flop.jp/	flop.jp			False	Exception calling "GetResult" with "0" argument(s): "An error occurred while sending the request."	request-failure	0	0		https://flop.jp/	flop.jp			False	Exception calling "GetResult" with "0" argument(s): "An error occurred while sending the request."	not-resolved	no-automatic-action
florence.it	2026-07-21T17:01:38.0808324+00:00	failed			Exception calling "Wait" with "1" argument(s): "One or more errors occurred."	request-failure	0	0		http://florence.it/	florence.it			False	Exception calling "GetResult" with "0" argument(s): "An error occurred while sending the request."	request-failure	0	0		https://florence.it/	florence.it			False	Exception calling "GetResult" with "0" argument(s): "An error occurred while sending the request."	not-resolved	no-automatic-action
floripa.br	2026-07-21T17:01:39.1136667+00:00	failed			Exception calling "Wait" with "1" argument(s): "One or more errors occurred."	request-failure	0	0		http://floripa.br/	floripa.br			False	Exception calling "GetResult" with "0" argument(s): "An error occurred while sending the request."	request-failure	0	0		https://floripa.br/	floripa.br			False	Exception calling "GetResult" with "0" argument(s): "An error occurred while sending the request."	not-resolved	no-automatic-action
fly.dev	2026-07-21T17:01:40.1775943+00:00	resolved	77.83.140.34	2a09:8280:1:a270:b8f5:b9f7:8891:f3		request-failure	0	0		http://fly.dev/	fly.dev			False	Exception calling "GetResult" with "0" argument(s): "An error occurred while sending the request."	timeout	0	0		https://fly.dev/	fly.dev			False	Exception calling "GetResult" with "0" argument(s): "A task was canceled."	temporarily-inconclusive	retest-later
fm.br	2026-07-21T17:02:16.1562800+00:00	failed			Exception calling "Wait" with "1" argument(s): "One or more errors occurred."	request-failure	0	0		http://fm.br/	fm.br			False	Exception calling "GetResult" with "0" argument(s): "An error occurred while sending the request."	request-failure	0	0		https://fm.br/	fm.br			False	Exception calling "GetResult" with "0" argument(s): "An error occurred while sending the request."	not-resolved	no-automatic-action
fm.it	2026-07-21T17:02:17.3277821+00:00	failed			Exception calling "Wait" with "1" argument(s): "One or more errors occurred."	request-failure	0	0		http://fm.it/	fm.it			False	Exception calling "GetResult" with "0" argument(s): "An error occurred while sending the request."	request-failure	0	0		https://fm.it/	fm.it			False	Exception calling "GetResult" with "0" argument(s): "An error occurred while sending the request."	not-resolved	no-automatic-action
foggia.it	2026-07-21T17:02:18.3581509+00:00	failed			Exception calling "Wait" with "1" argument(s): "One or more errors occurred."	request-failure	0	0		http://foggia.it/	foggia.it			False	Exception calling "GetResult" with "0" argument(s): "An error occurred while sending the request."	request-failure	0	0		https://foggia.it/	foggia.it			False	Exception calling "GetResult" with "0" argument(s): "An error occurred while sending the request."	not-resolved	no-automatic-action
folkebibl.no	2026-07-21T17:02:19.4072841+00:00	failed			Exception calling "Wait" with "1" argument(s): "One or more errors occurred."	request-failure	0	0		http://folkebibl.no/	folkebibl.no			False	Exception calling "GetResult" with "0" argument(s): "An error occurred while sending the request."	request-failure	0	0		https://folkebibl.no/	folkebibl.no			False	Exception calling "GetResult" with "0" argument(s): "An error occurred while sending the request."	not-resolved	no-automatic-action
forgeblocks.com	2026-07-21T17:02:20.5021749+00:00	failed			Exception calling "Wait" with "1" argument(s): "One or more errors occurred."	request-failure	0	0		http://forgeblocks.com/	forgeblocks.com			False	Exception calling "GetResult" with "0" argument(s): "An error occurred while sending the request."	request-failure	0	0		https://forgeblocks.com/	forgeblocks.com			False	Exception calling "GetResult" with "0" argument(s): "An error occurred while sending the request."	not-resolved	no-automatic-action
forli-cesena.it	2026-07-21T17:02:21.5674433+00:00	failed			Exception calling "Wait" with "1" argument(s): "One or more errors occurred."	request-failure	0	0		http://forli-cesena.it/	forli-cesena.it			False	Exception calling "GetResult" with "0" argument(s): "An error occurred while sending the request."	request-failure	0	0		https://forli-cesena.it/	forli-cesena.it			False	Exception calling "GetResult" with "0" argument(s): "An error occurred while sending the request."	not-resolved	no-automatic-action
forms.ac	2026-07-21T17:02:22.6277386+00:00	failed			Exception calling "Wait" with "1" argument(s): "One or more errors occurred."	request-failure	0	0		http://forms.ac/	forms.ac			False	Exception calling "GetResult" with "0" argument(s): "An error occurred while sending the request."	request-failure	0	0		https://forms.ac/	forms.ac			False	Exception calling "GetResult" with "0" argument(s): "An error occurred while sending the request."	not-resolved	no-automatic-action
forum.hu	2026-07-21T17:02:23.7076727+00:00	failed			Exception calling "Wait" with "1" argument(s): "One or more errors occurred."	request-failure	0	0		http://forum.hu/	forum.hu			False	Exception calling "GetResult" with "0" argument(s): "An error occurred while sending the request."	request-failure	0	0		https://forum.hu/	forum.hu			False	Exception calling "GetResult" with "0" argument(s): "An error occurred while sending the request."	not-resolved	no-automatic-action
forumz.info	2026-07-21T17:02:24.7506021+00:00	resolved	158.69.201.22			timeout	0	0		http://forumz.info/	forumz.info			False	Exception calling "GetResult" with "0" argument(s): "A task was canceled."	timeout	0	0		https://forumz.info/	forumz.info			False	Exception calling "GetResult" with "0" argument(s): "A task was canceled."	temporarily-inconclusive	retest-later
fot.br	2026-07-21T17:03:05.9534191+00:00	failed			Exception calling "Wait" with "1" argument(s): "One or more errors occurred."	request-failure	0	0		http://fot.br/	fot.br			False	Exception calling "GetResult" with "0" argument(s): "An error occurred while sending the request."	request-failure	0	0		https://fot.br/	fot.br			False	Exception calling "GetResult" with "0" argument(s): "An error occurred while sending the request."	not-resolved	no-automatic-action
foz.br	2026-07-21T17:03:07.0148455+00:00	failed			Exception calling "Wait" with "1" argument(s): "One or more errors occurred."	request-failure	0	0		http://foz.br/	foz.br			False	Exception calling "GetResult" with "0" argument(s): "An error occurred while sending the request."	request-failure	0	0		https://foz.br/	foz.br			False	Exception calling "GetResult" with "0" argument(s): "An error occurred while sending the request."	not-resolved	no-automatic-action
fr.it	2026-07-21T17:03:08.2643827+00:00	failed			Exception calling "Wait" with "1" argument(s): "One or more errors occurred."	request-failure	0	0		http://fr.it/	fr.it			False	Exception calling "GetResult" with "0" argument(s): "An error occurred while sending the request."	request-failure	0	0		https://fr.it/	fr.it			False	Exception calling "GetResult" with "0" argument(s): "An error occurred while sending the request."	not-resolved	no-automatic-action
fredrikstad.no	2026-07-21T17:03:09.3125283+00:00	failed			Exception calling "Wait" with "1" argument(s): "One or more errors occurred."	request-failure	0	0		http://fredrikstad.no/	fredrikstad.no			False	Exception calling "GetResult" with "0" argument(s): "An error occurred while sending the request."	request-failure	0	0		https://fredrikstad.no/	fredrikstad.no			False	Exception calling "GetResult" with "0" argument(s): "An error occurred while sending the request."	not-resolved	no-automatic-action
freeboxos.fr	2026-07-21T17:03:10.3930462+00:00	failed			Exception calling "Wait" with "1" argument(s): "One or more errors occurred."	request-failure	0	0		http://freeboxos.fr/	freeboxos.fr			False	Exception calling "GetResult" with "0" argument(s): "An error occurred while sending the request."	request-failure	0	0		https://freeboxos.fr/	freeboxos.fr			False	Exception calling "GetResult" with "0" argument(s): "An error occurred while sending the request."	not-resolved	no-automatic-action
freeddns.us	2026-07-21T17:03:11.4418909+00:00	resolved	158.69.201.22			timeout	0	0		http://freeddns.us/	freeddns.us			False	Exception calling "GetResult" with "0" argument(s): "A task was canceled."	timeout	0	0		https://freeddns.us/	freeddns.us			False	Exception calling "GetResult" with "0" argument(s): "A task was canceled."	temporarily-inconclusive	retest-later
freesite.host	2026-07-21T17:03:52.6900088+00:00	resolved	199.116.78.60	2607:1b00:10:a::2		timeout	0	0		http://freesite.host/	freesite.host			False	Exception calling "GetResult" with "0" argument(s): "A task was canceled."	timeout	0	0		https://freesite.host/	freesite.host			False	Exception calling "GetResult" with "0" argument(s): "A task was canceled."	temporarily-inconclusive	retest-later
from.tv	2026-07-21T17:04:33.8018122+00:00	failed			Exception calling "Wait" with "1" argument(s): "One or more errors occurred."	request-failure	0	0		http://from.tv/	from.tv			False	Exception calling "GetResult" with "0" argument(s): "An error occurred while sending the request."	request-failure	0	0		https://from.tv/	from.tv			False	Exception calling "GetResult" with "0" argument(s): "An error occurred while sending the request."	not-resolved	no-automatic-action
frosinone.it	2026-07-21T17:04:35.1179747+00:00	failed			Exception calling "Wait" with "1" argument(s): "One or more errors occurred."	request-failure	0	0		http://frosinone.it/	frosinone.it			False	Exception calling "GetResult" with "0" argument(s): "An error occurred while sending the request."	request-failure	0	0		https://frosinone.it/	frosinone.it			False	Exception calling "GetResult" with "0" argument(s): "An error occurred while sending the request."	not-resolved	no-automatic-action
froya.no	2026-07-21T17:04:36.1492729+00:00	failed			Exception calling "Wait" with "1" argument(s): "One or more errors occurred."	request-failure	0	0		http://froya.no/	froya.no			False	Exception calling "GetResult" with "0" argument(s): "An error occurred while sending the request."	request-failure	0	0		https://froya.no/	froya.no			False	Exception calling "GetResult" with "0" argument(s): "An error occurred while sending the request."	not-resolved	no-automatic-action
fspages.org	2026-07-21T17:04:37.2267517+00:00	resolved	129.217.6.148	2001:638:50d:1384::148		request-failure	308	1	https://fspages.org/	http://fspages.org/	fspages.org		Caddy	False	Exception calling "GetResult" with "0" argument(s): "An error occurred while sending the request."	request-failure	0	0		https://fspages.org/	fspages.org			False	Exception calling "GetResult" with "0" argument(s): "An error occurred while sending the request."	dns-only	retest-or-review-exact-host
fst.br	2026-07-21T17:04:38.5390438+00:00	failed			Exception calling "Wait" with "1" argument(s): "One or more errors occurred."	request-failure	0	0		http://fst.br/	fst.br			False	Exception calling "GetResult" with "0" argument(s): "An error occurred while sending the request."	request-failure	0	0		https://fst.br/	fst.br			False	Exception calling "GetResult" with "0" argument(s): "An error occurred while sending the request."	not-resolved	no-automatic-action
fukui.jp	2026-07-21T17:04:39.6977115+00:00	failed			Exception calling "Wait" with "1" argument(s): "One or more errors occurred."	request-failure	0	0		http://fukui.jp/	fukui.jp			False	Exception calling "GetResult" with "0" argument(s): "An error occurred while sending the request."	request-failure	0	0		https://fukui.jp/	fukui.jp			False	Exception calling "GetResult" with "0" argument(s): "An error occurred while sending the request."	not-resolved	no-automatic-action
fukuoka.jp	2026-07-21T17:04:40.9943590+00:00	failed			Exception calling "Wait" with "1" argument(s): "One or more errors occurred."	request-failure	0	0		http://fukuoka.jp/	fukuoka.jp			False	Exception calling "GetResult" with "0" argument(s): "An error occurred while sending the request."	request-failure	0	0		https://fukuoka.jp/	fukuoka.jp			False	Exception calling "GetResult" with "0" argument(s): "An error occurred while sending the request."	not-resolved	no-automatic-action
fukushima.jp	2026-07-21T17:04:42.0597073+00:00	failed			Exception calling "Wait" with "1" argument(s): "One or more errors occurred."	request-failure	0	0		http://fukushima.jp/	fukushima.jp			False	Exception calling "GetResult" with "0" argument(s): "An error occurred while sending the request."	request-failure	0	0		https://fukushima.jp/	fukushima.jp			False	Exception calling "GetResult" with "0" argument(s): "An error occurred while sending the request."	not-resolved	no-automatic-action
fvg.it	2026-07-21T17:04:43.2217179+00:00	failed			Exception calling "Wait" with "1" argument(s): "One or more errors occurred."	request-failure	0	0		http://fvg.it/	fvg.it			False	Exception calling "GetResult" with "0" argument(s): "An error occurred while sending the request."	request-failure	0	0		https://fvg.it/	fvg.it			False	Exception calling "GetResult" with "0" argument(s): "An error occurred while sending the request."	not-resolved	no-automatic-action
g12.br	2026-07-21T17:04:44.2520288+00:00	failed			Exception calling "Wait" with "1" argument(s): "One or more errors occurred."	request-failure	0	0		http://g12.br/	g12.br			False	Exception calling "GetResult" with "0" argument(s): "An error occurred while sending the request."	request-failure	0	0		https://g12.br/	g12.br			False	Exception calling "GetResult" with "0" argument(s): "An error occurred while sending the request."	not-resolved	no-automatic-action
ga.us	2026-07-21T17:04:45.3289187+00:00	failed			Exception calling "Wait" with "1" argument(s): "One or more errors occurred."	request-failure	0	0		http://ga.us/	ga.us			False	Exception calling "GetResult" with "0" argument(s): "An error occurred while sending the request."	request-failure	0	0		https://ga.us/	ga.us			False	Exception calling "GetResult" with "0" argument(s): "An error occurred while sending the request."	not-resolved	no-automatic-action
game.tw	2026-07-21T17:04:46.4079843+00:00	failed			Exception calling "Wait" with "1" argument(s): "One or more errors occurred."	request-failure	0	0		http://game.tw/	game.tw			False	Exception calling "GetResult" with "0" argument(s): "An error occurred while sending the request."	request-failure	0	0		https://game.tw/	game.tw			False	Exception calling "GetResult" with "0" argument(s): "An error occurred while sending the request."	not-resolved	no-automatic-action
gangwon.kr	2026-07-21T17:04:47.7051763+00:00	failed			Exception calling "Wait" with "1" argument(s): "One or more errors occurred."	request-failure	0	0		http://gangwon.kr/	gangwon.kr			False	Exception calling "GetResult" with "0" argument(s): "An error occurred while sending the request."	request-failure	0	0		https://gangwon.kr/	gangwon.kr			False	Exception calling "GetResult" with "0" argument(s): "An error occurred while sending the request."	not-resolved	no-automatic-action
gc.ca	2026-07-21T17:04:48.8756974+00:00	failed			Exception calling "Wait" with "1" argument(s): "One or more errors occurred."	request-failure	0	0		http://gc.ca/	gc.ca			False	Exception calling "GetResult" with "0" argument(s): "An error occurred while sending the request."	request-failure	0	0		https://gc.ca/	gc.ca			False	Exception calling "GetResult" with "0" argument(s): "An error occurred while sending the request."	not-resolved	no-automatic-action
gd.cn	2026-07-21T17:04:49.9282877+00:00	failed			Exception calling "Wait" with "1" argument(s): "One or more errors occurred."	request-failure	0	0		http://gd.cn/	gd.cn			False	Exception calling "GetResult" with "0" argument(s): "An error occurred while sending the request."	request-failure	0	0		https://gd.cn/	gd.cn			False	Exception calling "GetResult" with "0" argument(s): "An error occurred while sending the request."	not-resolved	no-automatic-action
ge.it	2026-07-21T17:04:50.9858067+00:00	failed			Exception calling "Wait" with "1" argument(s): "One or more errors occurred."	request-failure	0	0		http://ge.it/	ge.it			False	Exception calling "GetResult" with "0" argument(s): "An error occurred while sending the request."	request-failure	0	0		https://ge.it/	ge.it			False	Exception calling "GetResult" with "0" argument(s): "An error occurred while sending the request."	not-resolved	no-automatic-action
geek.nz	2026-07-21T17:04:52.0240503+00:00	failed			Exception calling "Wait" with "1" argument(s): "One or more errors occurred."	request-failure	0	0		http://geek.nz/	geek.nz			False	Exception calling "GetResult" with "0" argument(s): "An error occurred while sending the request."	request-failure	0	0		https://geek.nz/	geek.nz			False	Exception calling "GetResult" with "0" argument(s): "An error occurred while sending the request."	not-resolved	no-automatic-action
gen.in	2026-07-21T17:04:53.3482440+00:00	failed			Exception calling "Wait" with "1" argument(s): "One or more errors occurred."	request-failure	0	0		http://gen.in/	gen.in			False	Exception calling "GetResult" with "0" argument(s): "An error occurred while sending the request."	request-failure	0	0		https://gen.in/	gen.in			False	Exception calling "GetResult" with "0" argument(s): "An error occurred while sending the request."	not-resolved	no-automatic-action
gen.nz	2026-07-21T17:04:54.4093748+00:00	failed			Exception calling "Wait" with "1" argument(s): "One or more errors occurred."	request-failure	0	0		http://gen.nz/	gen.nz			False	Exception calling "GetResult" with "0" argument(s): "An error occurred while sending the request."	request-failure	0	0		https://gen.nz/	gen.nz			False	Exception calling "GetResult" with "0" argument(s): "An error occurred while sending the request."	not-resolved	no-automatic-action
gen.tr	2026-07-21T17:04:55.5651178+00:00	failed			Exception calling "Wait" with "1" argument(s): "One or more errors occurred."	request-failure	0	0		http://gen.tr/	gen.tr			False	Exception calling "GetResult" with "0" argument(s): "An error occurred while sending the request."	request-failure	0	0		https://gen.tr/	gen.tr			False	Exception calling "GetResult" with "0" argument(s): "An error occurred while sending the request."	not-resolved	no-automatic-action
genova.it	2026-07-21T17:04:56.6233315+00:00	failed			Exception calling "Wait" with "1" argument(s): "One or more errors occurred."	request-failure	0	0		http://genova.it/	genova.it			False	Exception calling "GetResult" with "0" argument(s): "An error occurred while sending the request."	request-failure	0	0		https://genova.it/	genova.it			False	Exception calling "GetResult" with "0" argument(s): "An error occurred while sending the request."	not-resolved	no-automatic-action
geo.br	2026-07-21T17:04:57.6887888+00:00	failed			Exception calling "Wait" with "1" argument(s): "One or more errors occurred."	request-failure	0	0		http://geo.br/	geo.br			False	Exception calling "GetResult" with "0" argument(s): "An error occurred while sending the request."	request-failure	0	0		https://geo.br/	geo.br			False	Exception calling "GetResult" with "0" argument(s): "An error occurred while sending the request."	not-resolved	no-automatic-action
ggf.br	2026-07-21T17:04:58.7509590+00:00	failed			Exception calling "Wait" with "1" argument(s): "One or more errors occurred."	request-failure	0	0		http://ggf.br/	ggf.br			False	Exception calling "GetResult" with "0" argument(s): "An error occurred while sending the request."	request-failure	0	0		https://ggf.br/	ggf.br			False	Exception calling "GetResult" with "0" argument(s): "An error occurred while sending the request."	not-resolved	no-automatic-action
gifu.jp	2026-07-21T17:04:59.8132701+00:00	failed			Exception calling "Wait" with "1" argument(s): "One or more errors occurred."	request-failure	0	0		http://gifu.jp/	gifu.jp			False	Exception calling "GetResult" with "0" argument(s): "An error occurred while sending the request."	request-failure	0	0		https://gifu.jp/	gifu.jp			False	Exception calling "GetResult" with "0" argument(s): "An error occurred while sending the request."	not-resolved	no-automatic-action
gitapp.si	2026-07-21T17:05:00.8623875+00:00	failed			Exception calling "Wait" with "1" argument(s): "One or more errors occurred."	request-failure	0	0		http://gitapp.si/	gitapp.si			False	Exception calling "GetResult" with "0" argument(s): "An error occurred while sending the request."	request-failure	0	0		https://gitapp.si/	gitapp.si			False	Exception calling "GetResult" with "0" argument(s): "An error occurred while sending the request."	not-resolved	no-automatic-action
githubpreview.dev	2026-07-21T17:05:01.9140912+00:00	failed			Exception calling "Wait" with "1" argument(s): "One or more errors occurred."	request-failure	0	0		http://githubpreview.dev/	githubpreview.dev			False	Exception calling "GetResult" with "0" argument(s): "An error occurred while sending the request."	request-failure	0	0		https://githubpreview.dev/	githubpreview.dev			False	Exception calling "GetResult" with "0" argument(s): "An error occurred while sending the request."	not-resolved	no-automatic-action
githubusercontent.com	2026-07-21T17:05:02.9720084+00:00	failed			Exception calling "Wait" with "1" argument(s): "One or more errors occurred."	request-failure	0	0		http://githubusercontent.com/	githubusercontent.com			False	Exception calling "GetResult" with "0" argument(s): "An error occurred while sending the request."	request-failure	0	0		https://githubusercontent.com/	githubusercontent.com			False	Exception calling "GetResult" with "0" argument(s): "An error occurred while sending the request."	not-resolved	no-automatic-action
gjovik.no	2026-07-21T17:05:04.0037469+00:00	failed			Exception calling "Wait" with "1" argument(s): "One or more errors occurred."	request-failure	0	0		http://gjovik.no/	gjovik.no			False	Exception calling "GetResult" with "0" argument(s): "An error occurred while sending the request."	request-failure	0	0		https://gjovik.no/	gjovik.no			False	Exception calling "GetResult" with "0" argument(s): "An error occurred while sending the request."	not-resolved	no-automatic-action
gkp.pk	2026-07-21T17:05:05.0705115+00:00	failed			Exception calling "Wait" with "1" argument(s): "One or more errors occurred."	request-failure	0	0		http://gkp.pk/	gkp.pk			False	Exception calling "GetResult" with "0" argument(s): "An error occurred while sending the request."	request-failure	0	0		https://gkp.pk/	gkp.pk			False	Exception calling "GetResult" with "0" argument(s): "An error occurred while sending the request."	not-resolved	no-automatic-action
gliwice.pl	2026-07-21T17:05:06.1183515+00:00	failed			Exception calling "Wait" with "1" argument(s): "One or more errors occurred."	request-failure	0	0		http://gliwice.pl/	gliwice.pl			False	Exception calling "GetResult" with "0" argument(s): "An error occurred while sending the request."	request-failure	0	0		https://gliwice.pl/	gliwice.pl			False	Exception calling "GetResult" with "0" argument(s): "An error occurred while sending the request."	not-resolved	no-automatic-action
glogow.pl	2026-07-21T17:05:07.1976572+00:00	failed			Exception calling "Wait" with "1" argument(s): "One or more errors occurred."	request-failure	0	0		http://glogow.pl/	glogow.pl			False	Exception calling "GetResult" with "0" argument(s): "An error occurred while sending the request."	request-failure	0	0		https://glogow.pl/	glogow.pl			False	Exception calling "GetResult" with "0" argument(s): "An error occurred while sending the request."	not-resolved	no-automatic-action
gloppen.no	2026-07-21T17:05:08.2304581+00:00	failed			Exception calling "Wait" with "1" argument(s): "One or more errors occurred."	request-failure	0	0		http://gloppen.no/	gloppen.no			False	Exception calling "GetResult" with "0" argument(s): "An error occurred while sending the request."	request-failure	0	0		https://gloppen.no/	gloppen.no			False	Exception calling "GetResult" with "0" argument(s): "An error occurred while sending the request."	not-resolved	no-automatic-action
gmina.pl	2026-07-21T17:05:09.3099021+00:00	failed			Exception calling "Wait" with "1" argument(s): "One or more errors occurred."	request-failure	0	0		http://gmina.pl/	gmina.pl			False	Exception calling "GetResult" with "0" argument(s): "An error occurred while sending the request."	request-failure	0	0		https://gmina.pl/	gmina.pl			False	Exception calling "GetResult" with "0" argument(s): "An error occurred while sending the request."	not-resolved	no-automatic-action
gniezno.pl	2026-07-21T17:05:10.3747965+00:00	failed			Exception calling "Wait" with "1" argument(s): "One or more errors occurred."	request-failure	0	0		http://gniezno.pl/	gniezno.pl			False	Exception calling "GetResult" with "0" argument(s): "An error occurred while sending the request."	request-failure	0	0		https://gniezno.pl/	gniezno.pl			False	Exception calling "GetResult" with "0" argument(s): "An error occurred while sending the request."	not-resolved	no-automatic-action
go.cr	2026-07-21T17:05:11.4238617+00:00	failed			Exception calling "Wait" with "1" argument(s): "One or more errors occurred."	request-failure	0	0		http://go.cr/	go.cr			False	Exception calling "GetResult" with "0" argument(s): "An error occurred while sending the request."	request-failure	0	0		https://go.cr/	go.cr			False	Exception calling "GetResult" with "0" argument(s): "An error occurred while sending the request."	not-resolved	no-automatic-action
go.id	2026-07-21T17:05:12.5896792+00:00	failed			Exception calling "Wait" with "1" argument(s): "One or more errors occurred."	request-failure	0	0		http://go.id/	go.id			False	Exception calling "GetResult" with "0" argument(s): "An error occurred while sending the request."	request-failure	0	0		https://go.id/	go.id			False	Exception calling "GetResult" with "0" argument(s): "An error occurred while sending the request."	not-resolved	no-automatic-action
go.it	2026-07-21T17:05:13.6413853+00:00	failed			Exception calling "Wait" with "1" argument(s): "One or more errors occurred."	request-failure	0	0		http://go.it/	go.it			False	Exception calling "GetResult" with "0" argument(s): "An error occurred while sending the request."	request-failure	0	0		https://go.it/	go.it			False	Exception calling "GetResult" with "0" argument(s): "An error occurred while sending the request."	not-resolved	no-automatic-action
go.jp	2026-07-21T17:05:14.6732863+00:00	failed			Exception calling "Wait" with "1" argument(s): "One or more errors occurred."	request-failure	0	0		http://go.jp/	go.jp			False	Exception calling "GetResult" with "0" argument(s): "An error occurred while sending the request."	request-failure	0	0		https://go.jp/	go.jp			False	Exception calling "GetResult" with "0" argument(s): "An error occurred while sending the request."	not-resolved	no-automatic-action
go.ke	2026-07-21T17:05:15.7342173+00:00	failed			Exception calling "Wait" with "1" argument(s): "One or more errors occurred."	request-failure	0	0		http://go.ke/	go.ke			False	Exception calling "GetResult" with "0" argument(s): "An error occurred while sending the request."	request-failure	0	0		https://go.ke/	go.ke			False	Exception calling "GetResult" with "0" argument(s): "An error occurred while sending the request."	not-resolved	no-automatic-action
go.kr	2026-07-21T17:05:16.9202081+00:00	failed			Exception calling "Wait" with "1" argument(s): "One or more errors occurred."	request-failure	0	0		http://go.kr/	go.kr			False	Exception calling "GetResult" with "0" argument(s): "An error occurred while sending the request."	request-failure	0	0		https://go.kr/	go.kr			False	Exception calling "GetResult" with "0" argument(s): "An error occurred while sending the request."	not-resolved	no-automatic-action
go.leg.br	2026-07-21T17:05:17.9808765+00:00	failed			Exception calling "Wait" with "1" argument(s): "One or more errors occurred."	request-failure	0	0		http://go.leg.br/	go.leg.br			False	Exception calling "GetResult" with "0" argument(s): "An error occurred while sending the request."	request-failure	0	0		https://go.leg.br/	go.leg.br			False	Exception calling "GetResult" with "0" argument(s): "An error occurred while sending the request."	not-resolved	no-automatic-action
go.th	2026-07-21T17:05:19.2482863+00:00	failed			Exception calling "Wait" with "1" argument(s): "One or more errors occurred."	request-failure	0	0		http://go.th/	go.th			False	Exception calling "GetResult" with "0" argument(s): "An error occurred while sending the request."	request-failure	0	0		https://go.th/	go.th			False	Exception calling "GetResult" with "0" argument(s): "An error occurred while sending the request."	not-resolved	no-automatic-action
go.tz	2026-07-21T17:05:20.5000399+00:00	failed			Exception calling "Wait" with "1" argument(s): "One or more errors occurred."	request-failure	0	0		http://go.tz/	go.tz			False	Exception calling "GetResult" with "0" argument(s): "An error occurred while sending the request."	request-failure	0	0		https://go.tz/	go.tz			False	Exception calling "GetResult" with "0" argument(s): "An error occurred while sending the request."	not-resolved	no-automatic-action
go.ug	2026-07-21T17:05:21.5766661+00:00	failed			Exception calling "Wait" with "1" argument(s): "One or more errors occurred."	request-failure	0	0		http://go.ug/	go.ug			False	Exception calling "GetResult" with "0" argument(s): "An error occurred while sending the request."	request-failure	0	0		https://go.ug/	go.ug			False	Exception calling "GetResult" with "0" argument(s): "An error occurred while sending the request."	not-resolved	no-automatic-action
gob.ar	2026-07-21T17:05:22.7130535+00:00	failed			Exception calling "Wait" with "1" argument(s): "One or more errors occurred."	request-failure	0	0		http://gob.ar/	gob.ar			False	Exception calling "GetResult" with "0" argument(s): "An error occurred while sending the request."	request-failure	0	0		https://gob.ar/	gob.ar			False	Exception calling "GetResult" with "0" argument(s): "An error occurred while sending the request."	not-resolved	no-automatic-action
gob.cu	2026-07-21T17:05:23.7595369+00:00	failed			Exception calling "Wait" with "1" argument(s): "One or more errors occurred."	request-failure	0	0		http://gob.cu/	gob.cu			False	Exception calling "GetResult" with "0" argument(s): "An error occurred while sending the request."	request-failure	0	0		https://gob.cu/	gob.cu			False	Exception calling "GetResult" with "0" argument(s): "An error occurred while sending the request."	not-resolved	no-automatic-action
gob.do	2026-07-21T17:05:24.9650777+00:00	failed			Exception calling "Wait" with "1" argument(s): "One or more errors occurred."	request-failure	0	0		http://gob.do/	gob.do			False	Exception calling "GetResult" with "0" argument(s): "An error occurred while sending the request."	request-failure	0	0		https://gob.do/	gob.do			False	Exception calling "GetResult" with "0" argument(s): "An error occurred while sending the request."	not-resolved	no-automatic-action
gob.ec	2026-07-21T17:05:26.0156747+00:00	failed			Exception calling "Wait" with "1" argument(s): "One or more errors occurred."	request-failure	0	0		http://gob.ec/	gob.ec			False	Exception calling "GetResult" with "0" argument(s): "An error occurred while sending the request."	request-failure	0	0		https://gob.ec/	gob.ec			False	Exception calling "GetResult" with "0" argument(s): "An error occurred while sending the request."	not-resolved	no-automatic-action
gob.es	2026-07-21T17:05:27.0621415+00:00	failed			Exception calling "Wait" with "1" argument(s): "One or more errors occurred."	request-failure	0	0		http://gob.es/	gob.es			False	Exception calling "GetResult" with "0" argument(s): "An error occurred while sending the request."	request-failure	0	0		https://gob.es/	gob.es			False	Exception calling "GetResult" with "0" argument(s): "An error occurred while sending the request."	not-resolved	no-automatic-action
gob.gt	2026-07-21T17:05:28.1414947+00:00	failed			Exception calling "Wait" with "1" argument(s): "One or more errors occurred."	request-failure	0	0		http://gob.gt/	gob.gt			False	Exception calling "GetResult" with "0" argument(s): "An error occurred while sending the request."	request-failure	0	0		https://gob.gt/	gob.gt			False	Exception calling "GetResult" with "0" argument(s): "An error occurred while sending the request."	not-resolved	no-automatic-action
gob.hn	2026-07-21T17:05:29.1887280+00:00	failed			Exception calling "Wait" with "1" argument(s): "One or more errors occurred."	request-failure	0	0		http://gob.hn/	gob.hn			False	Exception calling "GetResult" with "0" argument(s): "An error occurred while sending the request."	request-failure	0	0		https://gob.hn/	gob.hn			False	Exception calling "GetResult" with "0" argument(s): "An error occurred while sending the request."	not-resolved	no-automatic-action
gob.ni	2026-07-21T17:05:30.2306803+00:00	failed			Exception calling "Wait" with "1" argument(s): "One or more errors occurred."	request-failure	0	0		http://gob.ni/	gob.ni			False	Exception calling "GetResult" with "0" argument(s): "An error occurred while sending the request."	request-failure	0	0		https://gob.ni/	gob.ni			False	Exception calling "GetResult" with "0" argument(s): "An error occurred while sending the request."	not-resolved	no-automatic-action
gob.pa	2026-07-21T17:05:31.4050637+00:00	failed			Exception calling "Wait" with "1" argument(s): "One or more errors occurred."	request-failure	0	0		http://gob.pa/	gob.pa			False	Exception calling "GetResult" with "0" argument(s): "An error occurred while sending the request."	request-failure	0	0		https://gob.pa/	gob.pa			False	Exception calling "GetResult" with "0" argument(s): "An error occurred while sending the request."	not-resolved	no-automatic-action
gob.pe	2026-07-21T17:05:32.6138179+00:00	failed			Exception calling "Wait" with "1" argument(s): "One or more errors occurred."	request-failure	0	0		http://gob.pe/	gob.pe			False	Exception calling "GetResult" with "0" argument(s): "An error occurred while sending the request."	request-failure	0	0		https://gob.pe/	gob.pe			False	Exception calling "GetResult" with "0" argument(s): "An error occurred while sending the request."	not-resolved	no-automatic-action
gob.pk	2026-07-21T17:05:33.6561607+00:00	failed			Exception calling "Wait" with "1" argument(s): "One or more errors occurred."	request-failure	0	0		http://gob.pk/	gob.pk			False	Exception calling "GetResult" with "0" argument(s): "An error occurred while sending the request."	request-failure	0	0		https://gob.pk/	gob.pk			False	Exception calling "GetResult" with "0" argument(s): "An error occurred while sending the request."	not-resolved	no-automatic-action
gob.sv	2026-07-21T17:05:34.7154357+00:00	failed			Exception calling "Wait" with "1" argument(s): "One or more errors occurred."	request-failure	0	0		http://gob.sv/	gob.sv			False	Exception calling "GetResult" with "0" argument(s): "An error occurred while sending the request."	request-failure	0	0		https://gob.sv/	gob.sv			False	Exception calling "GetResult" with "0" argument(s): "An error occurred while sending the request."	not-resolved	no-automatic-action
gob.ve	2026-07-21T17:05:35.8689699+00:00	failed			Exception calling "Wait" with "1" argument(s): "One or more errors occurred."	request-failure	0	0		http://gob.ve/	gob.ve			False	Exception calling "GetResult" with "0" argument(s): "An error occurred while sending the request."	request-failure	0	0		https://gob.ve/	gob.ve			False	Exception calling "GetResult" with "0" argument(s): "An error occurred while sending the request."	not-resolved	no-automatic-action
goiania.br	2026-07-21T17:05:37.4129847+00:00	failed			Exception calling "Wait" with "1" argument(s): "One or more errors occurred."	request-failure	0	0		http://goiania.br/	goiania.br			False	Exception calling "GetResult" with "0" argument(s): "An error occurred while sending the request."	request-failure	0	0		https://goiania.br/	goiania.br			False	Exception calling "GetResult" with "0" argument(s): "An error occurred while sending the request."	not-resolved	no-automatic-action
gok.pk	2026-07-21T17:05:38.6764994+00:00	failed			Exception calling "Wait" with "1" argument(s): "One or more errors occurred."	request-failure	0	0		http://gok.pk/	gok.pk			False	Exception calling "GetResult" with "0" argument(s): "An error occurred while sending the request."	request-failure	0	0		https://gok.pk/	gok.pk			False	Exception calling "GetResult" with "0" argument(s): "An error occurred while sending the request."	not-resolved	no-automatic-action
gop.pk	2026-07-21T17:05:39.7236288+00:00	failed			Exception calling "Wait" with "1" argument(s): "One or more errors occurred."	request-failure	0	0		http://gop.pk/	gop.pk			False	Exception calling "GetResult" with "0" argument(s): "An error occurred while sending the request."	request-failure	0	0		https://gop.pk/	gop.pk			False	Exception calling "GetResult" with "0" argument(s): "An error occurred while sending the request."	not-resolved	no-automatic-action
gorizia.it	2026-07-21T17:05:40.7717996+00:00	failed			Exception calling "Wait" with "1" argument(s): "One or more errors occurred."	request-failure	0	0		http://gorizia.it/	gorizia.it			False	Exception calling "GetResult" with "0" argument(s): "An error occurred while sending the request."	request-failure	0	0		https://gorizia.it/	gorizia.it			False	Exception calling "GetResult" with "0" argument(s): "An error occurred while sending the request."	not-resolved	no-automatic-action
gorlice.pl	2026-07-21T17:05:41.8248915+00:00	failed			Exception calling "Wait" with "1" argument(s): "One or more errors occurred."	request-failure	0	0		http://gorlice.pl/	gorlice.pl			False	Exception calling "GetResult" with "0" argument(s): "An error occurred while sending the request."	request-failure	0	0		https://gorlice.pl/	gorlice.pl			False	Exception calling "GetResult" with "0" argument(s): "An error occurred while sending the request."	not-resolved	no-automatic-action
gos.pk	2026-07-21T17:05:42.8644025+00:00	failed			Exception calling "Wait" with "1" argument(s): "One or more errors occurred."	request-failure	0	0		http://gos.pk/	gos.pk			False	Exception calling "GetResult" with "0" argument(s): "An error occurred while sending the request."	request-failure	0	0		https://gos.pk/	gos.pk			False	Exception calling "GetResult" with "0" argument(s): "An error occurred while sending the request."	not-resolved	no-automatic-action
gouv.ci	2026-07-21T17:05:43.9277268+00:00	resolved	164.160.41.86			request-failure	301	1	https://gouv.ci/	http://gouv.ci/	gouv.ci	text/html; charset=iso-8859-1	Apache	False	Exception calling "GetResult" with "0" argument(s): "An error occurred while sending the request."	request-failure	0	0		https://gouv.ci/	gouv.ci			False	Exception calling "GetResult" with "0" argument(s): "An error occurred while sending the request."	dns-only	retest-or-review-exact-host
gouv.fr	2026-07-21T17:05:56.7609972+00:00	failed			Exception calling "Wait" with "1" argument(s): "One or more errors occurred."	request-failure	0	0		http://gouv.fr/	gouv.fr			False	Exception calling "GetResult" with "0" argument(s): "An error occurred while sending the request."	request-failure	0	0		https://gouv.fr/	gouv.fr			False	Exception calling "GetResult" with "0" argument(s): "An error occurred while sending the request."	not-resolved	no-automatic-action
gouv.ht	2026-07-21T17:05:57.7900345+00:00	failed			Exception calling "Wait" with "1" argument(s): "One or more errors occurred."	request-failure	0	0		http://gouv.ht/	gouv.ht			False	Exception calling "GetResult" with "0" argument(s): "An error occurred while sending the request."	request-failure	0	0		https://gouv.ht/	gouv.ht			False	Exception calling "GetResult" with "0" argument(s): "An error occurred while sending the request."	not-resolved	no-automatic-action
gouv.ml	2026-07-21T17:05:58.8349216+00:00	failed			Exception calling "Wait" with "1" argument(s): "One or more errors occurred."	request-failure	0	0		http://gouv.ml/	gouv.ml			False	Exception calling "GetResult" with "0" argument(s): "An error occurred while sending the request."	request-failure	0	0		https://gouv.ml/	gouv.ml			False	Exception calling "GetResult" with "0" argument(s): "An error occurred while sending the request."	not-resolved	no-automatic-action
gouv.sn	2026-07-21T17:06:00.0405665+00:00	failed			Exception calling "Wait" with "1" argument(s): "One or more errors occurred."	request-failure	0	0		http://gouv.sn/	gouv.sn			False	Exception calling "GetResult" with "0" argument(s): "An error occurred while sending the request."	request-failure	0	0		https://gouv.sn/	gouv.sn			False	Exception calling "GetResult" with "0" argument(s): "An error occurred while sending the request."	not-resolved	no-automatic-action
gov.ar	2026-07-21T17:06:01.1805975+00:00	failed			Exception calling "Wait" with "1" argument(s): "One or more errors occurred."	request-failure	0	0		http://gov.ar/	gov.ar			False	Exception calling "GetResult" with "0" argument(s): "An error occurred while sending the request."	request-failure	0	0		https://gov.ar/	gov.ar			False	Exception calling "GetResult" with "0" argument(s): "An error occurred while sending the request."	not-resolved	no-automatic-action
gov.au	2026-07-21T17:06:02.2246426+00:00	failed			Exception calling "Wait" with "1" argument(s): "One or more errors occurred."	request-failure	0	0		http://gov.au/	gov.au			False	Exception calling "GetResult" with "0" argument(s): "An error occurred while sending the request."	request-failure	0	0		https://gov.au/	gov.au			False	Exception calling "GetResult" with "0" argument(s): "An error occurred while sending the request."	not-resolved	no-automatic-action
gov.az	2026-07-21T17:06:03.2711848+00:00	failed			Exception calling "Wait" with "1" argument(s): "One or more errors occurred."	request-failure	0	0		http://gov.az/	gov.az			False	Exception calling "GetResult" with "0" argument(s): "An error occurred while sending the request."	request-failure	0	0		https://gov.az/	gov.az			False	Exception calling "GetResult" with "0" argument(s): "An error occurred while sending the request."	not-resolved	no-automatic-action
gov.bb	2026-07-21T17:06:04.4112266+00:00	failed			Exception calling "Wait" with "1" argument(s): "One or more errors occurred."	request-failure	0	0		http://gov.bb/	gov.bb			False	Exception calling "GetResult" with "0" argument(s): "An error occurred while sending the request."	request-failure	0	0		https://gov.bb/	gov.bb			False	Exception calling "GetResult" with "0" argument(s): "An error occurred while sending the request."	not-resolved	no-automatic-action
gov.bd	2026-07-21T17:06:05.4579225+00:00	failed			Exception calling "Wait" with "1" argument(s): "One or more errors occurred."	request-failure	0	0		http://gov.bd/	gov.bd			False	Exception calling "GetResult" with "0" argument(s): "An error occurred while sending the request."	request-failure	0	0		https://gov.bd/	gov.bd			False	Exception calling "GetResult" with "0" argument(s): "An error occurred while sending the request."	not-resolved	no-automatic-action
gov.bm	2026-07-21T17:06:06.7253015+00:00	resolved	54.228.232.122			request-failure	301	1	https://gov.bm/	http://gov.bm/	gov.bm	text/html; charset=iso-8859-1	nginx	False	Exception calling "GetResult" with "0" argument(s): "An error occurred while sending the request."	request-failure	0	0		https://gov.bm/	gov.bm			False	Exception calling "GetResult" with "0" argument(s): "An error occurred while sending the request."	dns-only	retest-or-review-exact-host
gov.bt	2026-07-21T17:06:08.3046815+00:00	resolved	103.78.116.169			timeout	0	0		http://gov.bt/	gov.bt			False	Exception calling "GetResult" with "0" argument(s): "A task was canceled."	timeout	0	0		https://gov.bt/	gov.bt			False	Exception calling "GetResult" with "0" argument(s): "A task was canceled."	temporarily-inconclusive	retest-later
gov.cn	2026-07-21T17:06:49.5661884+00:00	failed			Exception calling "Wait" with "1" argument(s): "One or more errors occurred."	request-failure	0	0		http://gov.cn/	gov.cn			False	Exception calling "GetResult" with "0" argument(s): "An error occurred while sending the request."	request-failure	0	0		https://gov.cn/	gov.cn			False	Exception calling "GetResult" with "0" argument(s): "An error occurred while sending the request."	not-resolved	no-automatic-action
gov.co	2026-07-21T17:06:50.7384057+00:00	failed			Exception calling "Wait" with "1" argument(s): "One or more errors occurred."	request-failure	0	0		http://gov.co/	gov.co			False	Exception calling "GetResult" with "0" argument(s): "An error occurred while sending the request."	request-failure	0	0		https://gov.co/	gov.co			False	Exception calling "GetResult" with "0" argument(s): "An error occurred while sending the request."	not-resolved	no-automatic-action
gov.cz	2026-07-21T17:06:51.7894463+00:00	resolved	94.199.45.233	2a03:2320:b944:1c60::96		timeout	0	0		http://gov.cz/	gov.cz			False	Exception calling "GetResult" with "0" argument(s): "A task was canceled."	timeout	0	0		https://gov.cz/	gov.cz			False	Exception calling "GetResult" with "0" argument(s): "A task was canceled."	temporarily-inconclusive	retest-later
gov.dm	2026-07-21T17:07:32.8362993+00:00	failed			Exception calling "Wait" with "1" argument(s): "One or more errors occurred."	request-failure	0	0		http://gov.dm/	gov.dm			False	Exception calling "GetResult" with "0" argument(s): "An error occurred while sending the request."	request-failure	0	0		https://gov.dm/	gov.dm			False	Exception calling "GetResult" with "0" argument(s): "An error occurred while sending the request."	not-resolved	no-automatic-action
gov.ge	2026-07-21T17:07:33.9765871+00:00	resolved	92.51.96.177			timeout	0	0		http://gov.ge/	gov.ge			False	Exception calling "GetResult" with "0" argument(s): "A task was canceled."	timeout	0	0		https://gov.ge/	gov.ge			False	Exception calling "GetResult" with "0" argument(s): "A task was canceled."	temporarily-inconclusive	retest-later
gov.gr	2026-07-21T17:08:15.0883324+00:00	failed			Exception calling "Wait" with "1" argument(s): "One or more errors occurred."	request-failure	0	0		http://gov.gr/	gov.gr			False	Exception calling "GetResult" with "0" argument(s): "An error occurred while sending the request."	request-failure	0	0		https://gov.gr/	gov.gr			False	Exception calling "GetResult" with "0" argument(s): "An error occurred while sending the request."	not-resolved	no-automatic-action
gov.gy	2026-07-21T17:08:16.1167095+00:00	failed			Exception calling "Wait" with "1" argument(s): "One or more errors occurred."	request-failure	0	0		http://gov.gy/	gov.gy			False	Exception calling "GetResult" with "0" argument(s): "An error occurred while sending the request."	request-failure	0	0		https://gov.gy/	gov.gy			False	Exception calling "GetResult" with "0" argument(s): "An error occurred while sending the request."	not-resolved	no-automatic-action
gov.hk	2026-07-21T17:08:17.1635144+00:00	failed			Exception calling "Wait" with "1" argument(s): "One or more errors occurred."	request-failure	0	0		http://gov.hk/	gov.hk			False	Exception calling "GetResult" with "0" argument(s): "An error occurred while sending the request."	request-failure	0	0		https://gov.hk/	gov.hk			False	Exception calling "GetResult" with "0" argument(s): "An error occurred while sending the request."	not-resolved	no-automatic-action
gov.in	2026-07-21T17:08:18.2091347+00:00	failed			Exception calling "Wait" with "1" argument(s): "One or more errors occurred."	request-failure	0	0		http://gov.in/	gov.in			False	Exception calling "GetResult" with "0" argument(s): "An error occurred while sending the request."	request-failure	0	0		https://gov.in/	gov.in			False	Exception calling "GetResult" with "0" argument(s): "An error occurred while sending the request."	not-resolved	no-automatic-action
gov.it	2026-07-21T17:08:19.2685145+00:00	failed			Exception calling "Wait" with "1" argument(s): "One or more errors occurred."	request-failure	0	0		http://gov.it/	gov.it			False	Exception calling "GetResult" with "0" argument(s): "An error occurred while sending the request."	request-failure	0	0		https://gov.it/	gov.it			False	Exception calling "GetResult" with "0" argument(s): "An error occurred while sending the request."	not-resolved	no-automatic-action
gov.kn	2026-07-21T17:08:20.3341659+00:00	resolved	192.124.249.69			request-failure	301	1	https://gov.kn/	http://gov.kn/	gov.kn	text/html	Sucuri/Cloudproxy	False	Exception calling "GetResult" with "0" argument(s): "An error occurred while sending the request."	request-failure	0	0		https://gov.kn/	gov.kn			False	Exception calling "GetResult" with "0" argument(s): "An error occurred while sending the request."	dns-only	retest-or-review-exact-host
gov.kz	2026-07-21T17:08:21.5812119+00:00	resolved	195.12.109.3			request-failure	301	1	https://gov.kz/	http://gov.kz/	gov.kz	text/html	nginx	False	Exception calling "GetResult" with "0" argument(s): "An error occurred while sending the request."	request-failure	0	0		https://gov.kz/	gov.kz			False	Exception calling "GetResult" with "0" argument(s): "An error occurred while sending the request."	dns-only	retest-or-review-exact-host
gov.lk	2026-07-21T17:08:23.5323310+00:00	resolved	43.224.124.136			timeout	0	0		http://gov.lk/	gov.lk			False	Exception calling "GetResult" with "0" argument(s): "A task was canceled."	timeout	0	0		https://gov.lk/	gov.lk			False	Exception calling "GetResult" with "0" argument(s): "A task was canceled."	temporarily-inconclusive	retest-later
gov.lr	2026-07-21T17:09:05.2398681+00:00	failed			Exception calling "Wait" with "1" argument(s): "One or more errors occurred."	request-failure	0	0		http://gov.lr/	gov.lr			False	Exception calling "GetResult" with "0" argument(s): "An error occurred while sending the request."	request-failure	0	0		https://gov.lr/	gov.lr			False	Exception calling "GetResult" with "0" argument(s): "An error occurred while sending the request."	not-resolved	no-automatic-action
gov.ls	2026-07-21T17:09:06.3818243+00:00	resolved	41.203.191.44			request-failure	0	0		http://gov.ls/	gov.ls			False	Exception calling "GetResult" with "0" argument(s): "An error occurred while sending the request."	request-failure	0	0		https://gov.ls/	gov.ls			False	Exception calling "GetResult" with "0" argument(s): "An error occurred while sending the request."	dns-only	retest-or-review-exact-host
gov.mk	2026-07-21T17:09:17.4375684+00:00	failed			Exception calling "Wait" with "1" argument(s): "One or more errors occurred."	request-failure	0	0		http://gov.mk/	gov.mk			False	Exception calling "GetResult" with "0" argument(s): "An error occurred while sending the request."	request-failure	0	0		https://gov.mk/	gov.mk			False	Exception calling "GetResult" with "0" argument(s): "An error occurred while sending the request."	not-resolved	no-automatic-action
gov.mu	2026-07-21T17:09:18.5033831+00:00	resolved	196.13.125.126			request-failure	302	1	https://gov.mu/	http://gov.mu/	gov.mu	text/html		False	Exception calling "GetResult" with "0" argument(s): "An error occurred while sending the request."	request-failure	0	0		https://gov.mu/	gov.mu			False	Exception calling "GetResult" with "0" argument(s): "An error occurred while sending the request."	dns-only	retest-or-review-exact-host
gov.mv	2026-07-21T17:09:21.9429524+00:00	resolved	123.176.25.10			timeout	0	0		http://gov.mv/	gov.mv			False	Exception calling "GetResult" with "0" argument(s): "A task was canceled."	timeout	0	0		https://gov.mv/	gov.mv			False	Exception calling "GetResult" with "0" argument(s): "A task was canceled."	temporarily-inconclusive	retest-later
gov.my	2026-07-21T17:10:03.2182432+00:00	failed			Exception calling "Wait" with "1" argument(s): "One or more errors occurred."	request-failure	0	0		http://gov.my/	gov.my			False	Exception calling "GetResult" with "0" argument(s): "An error occurred while sending the request."	request-failure	0	0		https://gov.my/	gov.my			False	Exception calling "GetResult" with "0" argument(s): "An error occurred while sending the request."	not-resolved	no-automatic-action
gov.na	2026-07-21T17:10:04.2951337+00:00	resolved	154.0.193.162			timeout	0	0		http://gov.na/	gov.na			False	Exception calling "GetResult" with "0" argument(s): "A task was canceled."	timeout	0	0		https://gov.na/	gov.na			False	Exception calling "GetResult" with "0" argument(s): "A task was canceled."	temporarily-inconclusive	retest-later
gov.nl	2026-07-21T17:10:45.5226036+00:00	failed			Exception calling "Wait" with "1" argument(s): "One or more errors occurred."	request-failure	0	0		http://gov.nl/	gov.nl			False	Exception calling "GetResult" with "0" argument(s): "An error occurred while sending the request."	request-failure	0	0		https://gov.nl/	gov.nl			False	Exception calling "GetResult" with "0" argument(s): "An error occurred while sending the request."	not-resolved	no-automatic-action
gov.om	2026-07-21T17:10:46.5805300+00:00	resolved	151.104.135.165			request-failure	308	1	https://gov.om/	http://gov.om/	gov.om	text/html		False	Exception calling "GetResult" with "0" argument(s): "An error occurred while sending the request."	request-failure	0	0		https://gov.om/	gov.om			False	Exception calling "GetResult" with "0" argument(s): "An error occurred while sending the request."	dns-only	retest-or-review-exact-host
gov.ph	2026-07-21T17:10:48.4422262+00:00	failed			Exception calling "Wait" with "1" argument(s): "One or more errors occurred."	request-failure	0	0		http://gov.ph/	gov.ph			False	Exception calling "GetResult" with "0" argument(s): "An error occurred while sending the request."	request-failure	0	0		https://gov.ph/	gov.ph			False	Exception calling "GetResult" with "0" argument(s): "An error occurred while sending the request."	not-resolved	no-automatic-action
gov.pk	2026-07-21T17:10:49.6460996+00:00	failed			Exception calling "Wait" with "1" argument(s): "One or more errors occurred."	request-failure	0	0		http://gov.pk/	gov.pk			False	Exception calling "GetResult" with "0" argument(s): "An error occurred while sending the request."	request-failure	0	0		https://gov.pk/	gov.pk			False	Exception calling "GetResult" with "0" argument(s): "An error occurred while sending the request."	not-resolved	no-automatic-action
gov.pw	2026-07-21T17:10:50.8166551+00:00	failed			Exception calling "Wait" with "1" argument(s): "One or more errors occurred."	request-failure	0	0		http://gov.pw/	gov.pw			False	Exception calling "GetResult" with "0" argument(s): "An error occurred while sending the request."	request-failure	0	0		https://gov.pw/	gov.pw			False	Exception calling "GetResult" with "0" argument(s): "An error occurred while sending the request."	not-resolved	no-automatic-action
gov.qa	2026-07-21T17:10:51.8789328+00:00	failed			Exception calling "Wait" with "1" argument(s): "One or more errors occurred."	request-failure	0	0		http://gov.qa/	gov.qa			False	Exception calling "GetResult" with "0" argument(s): "An error occurred while sending the request."	request-failure	0	0		https://gov.qa/	gov.qa			False	Exception calling "GetResult" with "0" argument(s): "An error occurred while sending the request."	not-resolved	no-automatic-action
gov.sa	2026-07-21T17:10:53.0543919+00:00	failed			Exception calling "Wait" with "1" argument(s): "One or more errors occurred."	request-failure	0	0		http://gov.sa/	gov.sa			False	Exception calling "GetResult" with "0" argument(s): "An error occurred while sending the request."	request-failure	0	0		https://gov.sa/	gov.sa			False	Exception calling "GetResult" with "0" argument(s): "An error occurred while sending the request."	not-resolved	no-automatic-action
gov.sc	2026-07-21T17:10:54.1022712+00:00	failed			Exception calling "Wait" with "1" argument(s): "One or more errors occurred."	request-failure	0	0		http://gov.sc/	gov.sc			False	Exception calling "GetResult" with "0" argument(s): "An error occurred while sending the request."	request-failure	0	0		https://gov.sc/	gov.sc			False	Exception calling "GetResult" with "0" argument(s): "An error occurred while sending the request."	not-resolved	no-automatic-action
gov.sg	2026-07-21T17:10:55.4377383+00:00	resolved	13.248.131.96,76.223.1.167	2404:5800:105:153::2		timeout	0	0		http://gov.sg/	gov.sg			False	Exception calling "GetResult" with "0" argument(s): "A task was canceled."	timeout	0	0		https://gov.sg/	gov.sg			False	Exception calling "GetResult" with "0" argument(s): "A task was canceled."	temporarily-inconclusive	retest-later
gov.sl	2026-07-21T17:11:36.5101602+00:00	failed			Exception calling "Wait" with "1" argument(s): "One or more errors occurred."	request-failure	0	0		http://gov.sl/	gov.sl			False	Exception calling "GetResult" with "0" argument(s): "An error occurred while sending the request."	request-failure	0	0		https://gov.sl/	gov.sl			False	Exception calling "GetResult" with "0" argument(s): "An error occurred while sending the request."	not-resolved	no-automatic-action
gov.sy	2026-07-21T17:11:39.1349243+00:00	failed			Exception calling "Wait" with "1" argument(s): "One or more errors occurred."	request-failure	0	0		http://gov.sy/	gov.sy			False	Exception calling "GetResult" with "0" argument(s): "An error occurred while sending the request."	request-failure	0	0		https://gov.sy/	gov.sy			False	Exception calling "GetResult" with "0" argument(s): "An error occurred while sending the request."	not-resolved	no-automatic-action
gov.tr	2026-07-21T17:11:40.3231050+00:00	failed			Exception calling "Wait" with "1" argument(s): "One or more errors occurred."	request-failure	0	0		http://gov.tr/	gov.tr			False	Exception calling "GetResult" with "0" argument(s): "An error occurred while sending the request."	request-failure	0	0		https://gov.tr/	gov.tr			False	Exception calling "GetResult" with "0" argument(s): "An error occurred while sending the request."	not-resolved	no-automatic-action
gov.ua	2026-07-21T17:11:41.4012067+00:00	resolved	193.29.220.69	2001:4130:20::69		timeout	0	0		http://gov.ua/	gov.ua			False	Exception calling "GetResult" with "0" argument(s): "A task was canceled."	timeout	0	0		https://gov.ua/	gov.ua			False	Exception calling "GetResult" with "0" argument(s): "A task was canceled."	temporarily-inconclusive	retest-later
gov.ug	2026-07-21T17:12:22.6146478+00:00	failed			Exception calling "Wait" with "1" argument(s): "One or more errors occurred."	request-failure	0	0		http://gov.ug/	gov.ug			False	Exception calling "GetResult" with "0" argument(s): "An error occurred while sending the request."	request-failure	0	0		https://gov.ug/	gov.ug			False	Exception calling "GetResult" with "0" argument(s): "An error occurred while sending the request."	not-resolved	no-automatic-action
gov.vn	2026-07-21T17:12:23.8258537+00:00	failed			Exception calling "Wait" with "1" argument(s): "One or more errors occurred."	request-failure	0	0		http://gov.vn/	gov.vn			False	Exception calling "GetResult" with "0" argument(s): "An error occurred while sending the request."	request-failure	0	0		https://gov.vn/	gov.vn			False	Exception calling "GetResult" with "0" argument(s): "An error occurred while sending the request."	not-resolved	no-automatic-action
gov.za	2026-07-21T17:12:24.8731460+00:00	resolved	163.195.1.225			timeout	0	0		http://gov.za/	gov.za			False	Exception calling "GetResult" with "0" argument(s): "A task was canceled."	timeout	0	0		https://gov.za/	gov.za			False	Exception calling "GetResult" with "0" argument(s): "A task was canceled."	temporarily-inconclusive	retest-later
govt.nz	2026-07-21T17:13:06.1048334+00:00	failed			Exception calling "Wait" with "1" argument(s): "One or more errors occurred."	request-failure	0	0		http://govt.nz/	govt.nz			False	Exception calling "GetResult" with "0" argument(s): "An error occurred while sending the request."	request-failure	0	0		https://govt.nz/	govt.nz			False	Exception calling "GetResult" with "0" argument(s): "An error occurred while sending the request."	not-resolved	no-automatic-action
gr.com	2026-07-21T17:13:07.1541502+00:00	resolved	212.18.250.170			request-failure	302	1	https://www.gr.com/	http://gr.com/	gr.com	text/html; charset=iso-8859-1	Apache	False	Exception calling "GetResult" with "0" argument(s): "An error occurred while sending the request."	request-failure	0	0		https://gr.com/	gr.com			False	Exception calling "GetResult" with "0" argument(s): "An error occurred while sending the request."	dns-only	retest-or-review-exact-host
gr.it	2026-07-21T17:13:08.5450145+00:00	failed			Exception calling "Wait" with "1" argument(s): "One or more errors occurred."	request-failure	0	0		http://gr.it/	gr.it			False	Exception calling "GetResult" with "0" argument(s): "An error occurred while sending the request."	request-failure	0	0		https://gr.it/	gr.it			False	Exception calling "GetResult" with "0" argument(s): "An error occurred while sending the request."	not-resolved	no-automatic-action
gr.jp	2026-07-21T17:13:09.5809974+00:00	failed			Exception calling "Wait" with "1" argument(s): "One or more errors occurred."	request-failure	0	0		http://gr.jp/	gr.jp			False	Exception calling "GetResult" with "0" argument(s): "An error occurred while sending the request."	request-failure	0	0		https://gr.jp/	gr.jp			False	Exception calling "GetResult" with "0" argument(s): "An error occurred while sending the request."	not-resolved	no-automatic-action
grafana-dev.net	2026-07-21T17:13:10.7545031+00:00	resolved	34.117.178.83	2600:1901:0:f275::		request-failure	0	0		http://grafana-dev.net/	grafana-dev.net			False	Exception calling "GetResult" with "0" argument(s): "An error occurred while sending the request."	request-failure	0	0		https://grafana-dev.net/	grafana-dev.net			False	Exception calling "GetResult" with "0" argument(s): "An error occurred while sending the request."	dns-only	retest-or-review-exact-host
grajewo.pl	2026-07-21T17:13:11.9999207+00:00	failed			Exception calling "Wait" with "1" argument(s): "One or more errors occurred."	request-failure	0	0		http://grajewo.pl/	grajewo.pl			False	Exception calling "GetResult" with "0" argument(s): "An error occurred while sending the request."	request-failure	0	0		https://grajewo.pl/	grajewo.pl			False	Exception calling "GetResult" with "0" argument(s): "An error occurred while sending the request."	not-resolved	no-automatic-action
greta.fr	2026-07-21T17:13:13.0629965+00:00	failed			Exception calling "Wait" with "1" argument(s): "One or more errors occurred."	request-failure	0	0		http://greta.fr/	greta.fr			False	Exception calling "GetResult" with "0" argument(s): "An error occurred while sending the request."	request-failure	0	0		https://greta.fr/	greta.fr			False	Exception calling "GetResult" with "0" argument(s): "An error occurred while sending the request."	not-resolved	no-automatic-action
grimstad.no	2026-07-21T17:13:14.1756794+00:00	failed			Exception calling "Wait" with "1" argument(s): "One or more errors occurred."	request-failure	0	0		http://grimstad.no/	grimstad.no			False	Exception calling "GetResult" with "0" argument(s): "An error occurred while sending the request."	request-failure	0	0		https://grimstad.no/	grimstad.no			False	Exception calling "GetResult" with "0" argument(s): "An error occurred while sending the request."	not-resolved	no-automatic-action
grosseto.it	2026-07-21T17:13:15.2506200+00:00	failed			Exception calling "Wait" with "1" argument(s): "One or more errors occurred."	request-failure	0	0		http://grosseto.it/	grosseto.it			False	Exception calling "GetResult" with "0" argument(s): "An error occurred while sending the request."	request-failure	0	0		https://grosseto.it/	grosseto.it			False	Exception calling "GetResult" with "0" argument(s): "An error occurred while sending the request."	not-resolved	no-automatic-action
gru.br	2026-07-21T17:13:16.3133861+00:00	failed			Exception calling "Wait" with "1" argument(s): "One or more errors occurred."	request-failure	0	0		http://gru.br/	gru.br			False	Exception calling "GetResult" with "0" argument(s): "An error occurred while sending the request."	request-failure	0	0		https://gru.br/	gru.br			False	Exception calling "GetResult" with "0" argument(s): "An error occurred while sending the request."	not-resolved	no-automatic-action
gs.cn	2026-07-21T17:13:17.3788111+00:00	failed			Exception calling "Wait" with "1" argument(s): "One or more errors occurred."	request-failure	0	0		http://gs.cn/	gs.cn			False	Exception calling "GetResult" with "0" argument(s): "An error occurred while sending the request."	request-failure	0	0		https://gs.cn/	gs.cn			False	Exception calling "GetResult" with "0" argument(s): "An error occurred while sending the request."	not-resolved	no-automatic-action
gsm.pl	2026-07-21T17:13:18.4397323+00:00	failed			Exception calling "Wait" with "1" argument(s): "One or more errors occurred."	request-failure	0	0		http://gsm.pl/	gsm.pl			False	Exception calling "GetResult" with "0" argument(s): "An error occurred while sending the request."	request-failure	0	0		https://gsm.pl/	gsm.pl			False	Exception calling "GetResult" with "0" argument(s): "An error occurred while sending the request."	not-resolved	no-automatic-action
gub.uy	2026-07-21T17:13:19.4881503+00:00	resolved	179.27.169.133,179.27.169.201			http-success	200	1	https://www.gub.uy/	https://www.gub.uy/	www.gub.uy	text/html; charset=UTF-8		False		request-failure	0	0		https://gub.uy/	gub.uy			False	Exception calling "GetResult" with "0" argument(s): "An error occurred while sending the request."	http-success	review-exact-host-and-label-override
gunma.jp	2026-07-21T17:13:24.8776394+00:00	failed			Exception calling "Wait" with "1" argument(s): "One or more errors occurred."	request-failure	0	0		http://gunma.jp/	gunma.jp			False	Exception calling "GetResult" with "0" argument(s): "An error occurred while sending the request."	request-failure	0	0		https://gunma.jp/	gunma.jp			False	Exception calling "GetResult" with "0" argument(s): "An error occurred while sending the request."	not-resolved	no-automatic-action
gv.ao	2026-07-21T17:13:26.1940860+00:00	failed			Exception calling "Wait" with "1" argument(s): "One or more errors occurred."	request-failure	0	0		http://gv.ao/	gv.ao			False	Exception calling "GetResult" with "0" argument(s): "An error occurred while sending the request."	request-failure	0	0		https://gv.ao/	gv.ao			False	Exception calling "GetResult" with "0" argument(s): "An error occurred while sending the request."	not-resolved	no-automatic-action
gv.at	2026-07-21T17:13:27.4325550+00:00	failed			Exception calling "Wait" with "1" argument(s): "One or more errors occurred."	request-failure	0	0		http://gv.at/	gv.at			False	Exception calling "GetResult" with "0" argument(s): "An error occurred while sending the request."	request-failure	0	0		https://gv.at/	gv.at			False	Exception calling "GetResult" with "0" argument(s): "An error occurred while sending the request."	not-resolved	no-automatic-action
gv.vc	2026-07-21T17:13:28.4611150+00:00	failed			Exception calling "Wait" with "1" argument(s): "One or more errors occurred."	request-failure	0	0		http://gv.vc/	gv.vc			False	Exception calling "GetResult" with "0" argument(s): "An error occurred while sending the request."	request-failure	0	0		https://gv.vc/	gv.vc			False	Exception calling "GetResult" with "0" argument(s): "An error occurred while sending the request."	not-resolved	no-automatic-action
gwangju.kr	2026-07-21T17:13:29.7745332+00:00	failed			Exception calling "Wait" with "1" argument(s): "One or more errors occurred."	request-failure	0	0		http://gwangju.kr/	gwangju.kr			False	Exception calling "GetResult" with "0" argument(s): "An error occurred while sending the request."	request-failure	0	0		https://gwangju.kr/	gwangju.kr			False	Exception calling "GetResult" with "0" argument(s): "An error occurred while sending the request."	not-resolved	no-automatic-action
gx.cn	2026-07-21T17:13:30.8419566+00:00	failed			Exception calling "Wait" with "1" argument(s): "One or more errors occurred."	request-failure	0	0		http://gx.cn/	gx.cn			False	Exception calling "GetResult" with "0" argument(s): "An error occurred while sending the request."	request-failure	0	0		https://gx.cn/	gx.cn			False	Exception calling "GetResult" with "0" argument(s): "An error occurred while sending the request."	not-resolved	no-automatic-action
gz.cn	2026-07-21T17:13:32.0125507+00:00	failed			Exception calling "Wait" with "1" argument(s): "One or more errors occurred."	request-failure	0	0		http://gz.cn/	gz.cn			False	Exception calling "GetResult" with "0" argument(s): "An error occurred while sending the request."	request-failure	0	0		https://gz.cn/	gz.cn			False	Exception calling "GetResult" with "0" argument(s): "An error occurred while sending the request."	not-resolved	no-automatic-action
h.se	2026-07-21T17:13:33.1978648+00:00	failed			Exception calling "Wait" with "1" argument(s): "One or more errors occurred."	request-failure	0	0		http://h.se/	h.se			False	Exception calling "GetResult" with "0" argument(s): "An error occurred while sending the request."	request-failure	0	0		https://h.se/	h.se			False	Exception calling "GetResult" with "0" argument(s): "An error occurred while sending the request."	not-resolved	no-automatic-action
ha.cn	2026-07-21T17:13:34.2757968+00:00	failed			Exception calling "Wait" with "1" argument(s): "One or more errors occurred."	request-failure	0	0		http://ha.cn/	ha.cn			False	Exception calling "GetResult" with "0" argument(s): "An error occurred while sending the request."	request-failure	0	0		https://ha.cn/	ha.cn			False	Exception calling "GetResult" with "0" argument(s): "An error occurred while sending the request."	not-resolved	no-automatic-action
ha.no	2026-07-21T17:13:35.4448862+00:00	failed			Exception calling "Wait" with "1" argument(s): "One or more errors occurred."	request-failure	0	0		http://ha.no/	ha.no			False	Exception calling "GetResult" with "0" argument(s): "An error occurred while sending the request."	request-failure	0	0		https://ha.no/	ha.no			False	Exception calling "GetResult" with "0" argument(s): "An error occurred while sending the request."	not-resolved	no-automatic-action
hakone.kanagawa.jp	2026-07-21T17:13:36.5221049+00:00	failed			Exception calling "Wait" with "1" argument(s): "One or more errors occurred."	request-failure	0	0		http://hakone.kanagawa.jp/	hakone.kanagawa.jp			False	Exception calling "GetResult" with "0" argument(s): "An error occurred while sending the request."	request-failure	0	0		https://hakone.kanagawa.jp/	hakone.kanagawa.jp			False	Exception calling "GetResult" with "0" argument(s): "An error occurred while sending the request."	not-resolved	no-automatic-action
halfmoon.jp	2026-07-21T17:13:37.7896735+00:00	failed			Exception calling "Wait" with "1" argument(s): "One or more errors occurred."	request-failure	0	0		http://halfmoon.jp/	halfmoon.jp			False	Exception calling "GetResult" with "0" argument(s): "An error occurred while sending the request."	request-failure	0	0		https://halfmoon.jp/	halfmoon.jp			False	Exception calling "GetResult" with "0" argument(s): "An error occurred while sending the request."	not-resolved	no-automatic-action
hamar.no	2026-07-21T17:13:39.2377410+00:00	failed			Exception calling "Wait" with "1" argument(s): "One or more errors occurred."	request-failure	0	0		http://hamar.no/	hamar.no			False	Exception calling "GetResult" with "0" argument(s): "An error occurred while sending the request."	request-failure	0	0		https://hamar.no/	hamar.no			False	Exception calling "GetResult" with "0" argument(s): "An error occurred while sending the request."	not-resolved	no-automatic-action
hammerfest.no	2026-07-21T17:13:40.3298718+00:00	failed			Exception calling "Wait" with "1" argument(s): "One or more errors occurred."	request-failure	0	0		http://hammerfest.no/	hammerfest.no			False	Exception calling "GetResult" with "0" argument(s): "An error occurred while sending the request."	request-failure	0	0		https://hammerfest.no/	hammerfest.no			False	Exception calling "GetResult" with "0" argument(s): "An error occurred while sending the request."	not-resolved	no-automatic-action
hanam.vn	2026-07-21T17:13:41.4085295+00:00	failed			Exception calling "Wait" with "1" argument(s): "One or more errors occurred."	request-failure	0	0		http://hanam.vn/	hanam.vn			False	Exception calling "GetResult" with "0" argument(s): "An error occurred while sending the request."	request-failure	0	0		https://hanam.vn/	hanam.vn			False	Exception calling "GetResult" with "0" argument(s): "An error occurred while sending the request."	not-resolved	no-automatic-action
hanoi.vn	2026-07-21T17:13:42.6578985+00:00	failed			Exception calling "Wait" with "1" argument(s): "One or more errors occurred."	request-failure	0	0		http://hanoi.vn/	hanoi.vn			False	Exception calling "GetResult" with "0" argument(s): "An error occurred while sending the request."	request-failure	0	0		https://hanoi.vn/	hanoi.vn			False	Exception calling "GetResult" with "0" argument(s): "An error occurred while sending the request."	not-resolved	no-automatic-action
hasura.app	2026-07-21T17:13:43.9556991+00:00	failed			Exception calling "Wait" with "1" argument(s): "One or more errors occurred."	request-failure	0	0		http://hasura.app/	hasura.app			False	Exception calling "GetResult" with "0" argument(s): "An error occurred while sending the request."	request-failure	0	0		https://hasura.app/	hasura.app			False	Exception calling "GetResult" with "0" argument(s): "An error occurred while sending the request."	not-resolved	no-automatic-action
hasura-app.io	2026-07-21T17:13:44.9888983+00:00	failed			Exception calling "Wait" with "1" argument(s): "One or more errors occurred."	request-failure	0	0		http://hasura-app.io/	hasura-app.io			False	Exception calling "GetResult" with "0" argument(s): "An error occurred while sending the request."	request-failure	0	0		https://hasura-app.io/	hasura-app.io			False	Exception calling "GetResult" with "0" argument(s): "An error occurred while sending the request."	not-resolved	no-automatic-action
haugesund.no	2026-07-21T17:13:46.3042320+00:00	failed			Exception calling "Wait" with "1" argument(s): "One or more errors occurred."	request-failure	0	0		http://haugesund.no/	haugesund.no			False	Exception calling "GetResult" with "0" argument(s): "An error occurred while sending the request."	request-failure	0	0		https://haugesund.no/	haugesund.no			False	Exception calling "GetResult" with "0" argument(s): "An error occurred while sending the request."	not-resolved	no-automatic-action
hb.cn	2026-07-21T17:13:47.3859497+00:00	failed			Exception calling "Wait" with "1" argument(s): "One or more errors occurred."	request-failure	0	0		http://hb.cn/	hb.cn			False	Exception calling "GetResult" with "0" argument(s): "An error occurred while sending the request."	request-failure	0	0		https://hb.cn/	hb.cn			False	Exception calling "GetResult" with "0" argument(s): "An error occurred while sending the request."	not-resolved	no-automatic-action
he.cn	2026-07-21T17:13:48.4479157+00:00	failed			Exception calling "Wait" with "1" argument(s): "One or more errors occurred."	request-failure	0	0		http://he.cn/	he.cn			False	Exception calling "GetResult" with "0" argument(s): "An error occurred while sending the request."	request-failure	0	0		https://he.cn/	he.cn			False	Exception calling "GetResult" with "0" argument(s): "An error occurred while sending the request."	not-resolved	no-automatic-action
health.nz	2026-07-21T17:13:49.5048569+00:00	failed			Exception calling "Wait" with "1" argument(s): "One or more errors occurred."	request-failure	0	0		http://health.nz/	health.nz			False	Exception calling "GetResult" with "0" argument(s): "An error occurred while sending the request."	request-failure	0	0		https://health.nz/	health.nz			False	Exception calling "GetResult" with "0" argument(s): "An error occurred while sending the request."	not-resolved	no-automatic-action
heiyu.space	2026-07-21T17:13:50.6752375+00:00	failed			Exception calling "Wait" with "1" argument(s): "One or more errors occurred."	request-failure	0	0		http://heiyu.space/	heiyu.space			False	Exception calling "GetResult" with "0" argument(s): "An error occurred while sending the request."	request-failure	0	0		https://heiyu.space/	heiyu.space			False	Exception calling "GetResult" with "0" argument(s): "An error occurred while sending the request."	not-resolved	no-automatic-action
herad.no	2026-07-21T17:13:51.9602791+00:00	failed			Exception calling "Wait" with "1" argument(s): "One or more errors occurred."	request-failure	0	0		http://herad.no/	herad.no			False	Exception calling "GetResult" with "0" argument(s): "An error occurred while sending the request."	request-failure	0	0		https://herad.no/	herad.no			False	Exception calling "GetResult" with "0" argument(s): "An error occurred while sending the request."	not-resolved	no-automatic-action
hi.cn	2026-07-21T17:13:53.0381344+00:00	failed			Exception calling "Wait" with "1" argument(s): "One or more errors occurred."	request-failure	0	0		http://hi.cn/	hi.cn			False	Exception calling "GetResult" with "0" argument(s): "An error occurred while sending the request."	request-failure	0	0		https://hi.cn/	hi.cn			False	Exception calling "GetResult" with "0" argument(s): "An error occurred while sending the request."	not-resolved	no-automatic-action
hi.us	2026-07-21T17:13:54.2691422+00:00	failed			Exception calling "Wait" with "1" argument(s): "One or more errors occurred."	request-failure	0	0		http://hi.us/	hi.us			False	Exception calling "GetResult" with "0" argument(s): "An error occurred while sending the request."	request-failure	0	0		https://hi.us/	hi.us			False	Exception calling "GetResult" with "0" argument(s): "An error occurred while sending the request."	not-resolved	no-automatic-action
hicam.net	2026-07-21T17:13:55.3302425+00:00	resolved	158.69.201.22			timeout	0	0		http://hicam.net/	hicam.net			False	Exception calling "GetResult" with "0" argument(s): "A task was canceled."	timeout	0	0		https://hicam.net/	hicam.net			False	Exception calling "GetResult" with "0" argument(s): "A task was canceled."	temporarily-inconclusive	retest-later
hiroshima.jp	2026-07-21T17:14:36.5590808+00:00	failed			Exception calling "Wait" with "1" argument(s): "One or more errors occurred."	request-failure	0	0		http://hiroshima.jp/	hiroshima.jp			False	Exception calling "GetResult" with "0" argument(s): "An error occurred while sending the request."	request-failure	0	0		https://hiroshima.jp/	hiroshima.jp			False	Exception calling "GetResult" with "0" argument(s): "An error occurred while sending the request."	not-resolved	no-automatic-action
hitra.no	2026-07-21T17:14:37.7328836+00:00	failed			Exception calling "Wait" with "1" argument(s): "One or more errors occurred."	request-failure	0	0		http://hitra.no/	hitra.no			False	Exception calling "GetResult" with "0" argument(s): "An error occurred while sending the request."	request-failure	0	0		https://hitra.no/	hitra.no			False	Exception calling "GetResult" with "0" argument(s): "An error occurred while sending the request."	not-resolved	no-automatic-action
hk.cn	2026-07-21T17:14:38.8249380+00:00	failed			Exception calling "Wait" with "1" argument(s): "One or more errors occurred."	request-failure	0	0		http://hk.cn/	hk.cn			False	Exception calling "GetResult" with "0" argument(s): "An error occurred while sending the request."	request-failure	0	0		https://hk.cn/	hk.cn			False	Exception calling "GetResult" with "0" argument(s): "An error occurred while sending the request."	not-resolved	no-automatic-action
hk.com	2026-07-21T17:14:39.8907668+00:00	failed			Exception calling "Wait" with "1" argument(s): "One or more errors occurred."	request-failure	0	0		http://hk.com/	hk.com			False	Exception calling "GetResult" with "0" argument(s): "An error occurred while sending the request."	request-failure	0	0		https://hk.com/	hk.com			False	Exception calling "GetResult" with "0" argument(s): "An error occurred while sending the request."	not-resolved	no-automatic-action
hk.org	2026-07-21T17:14:42.0502824+00:00	failed			Exception calling "Wait" with "1" argument(s): "One or more errors occurred."	request-failure	0	0		http://hk.org/	hk.org			False	Exception calling "GetResult" with "0" argument(s): "An error occurred while sending the request."	request-failure	0	0		https://hk.org/	hk.org			False	Exception calling "GetResult" with "0" argument(s): "An error occurred while sending the request."	not-resolved	no-automatic-action
hl.cn	2026-07-21T17:14:44.7722614+00:00	failed			Exception calling "Wait" with "1" argument(s): "One or more errors occurred."	request-failure	0	0		http://hl.cn/	hl.cn			False	Exception calling "GetResult" with "0" argument(s): "An error occurred while sending the request."	request-failure	0	0		https://hl.cn/	hl.cn			False	Exception calling "GetResult" with "0" argument(s): "An error occurred while sending the request."	not-resolved	no-automatic-action
hlx.page	2026-07-21T17:14:45.8340847+00:00	failed			Exception calling "Wait" with "1" argument(s): "One or more errors occurred."	request-failure	0	0		http://hlx.page/	hlx.page			False	Exception calling "GetResult" with "0" argument(s): "An error occurred while sending the request."	request-failure	0	0		https://hlx.page/	hlx.page			False	Exception calling "GetResult" with "0" argument(s): "An error occurred while sending the request."	not-resolved	no-automatic-action
hn.cn	2026-07-21T17:14:46.8820608+00:00	failed			Exception calling "Wait" with "1" argument(s): "One or more errors occurred."	request-failure	0	0		http://hn.cn/	hn.cn			False	Exception calling "GetResult" with "0" argument(s): "An error occurred while sending the request."	request-failure	0	0		https://hn.cn/	hn.cn			False	Exception calling "GetResult" with "0" argument(s): "An error occurred while sending the request."	not-resolved	no-automatic-action
hokkaido.jp	2026-07-21T17:14:48.1582871+00:00	failed			Exception calling "Wait" with "1" argument(s): "One or more errors occurred."	request-failure	0	0		http://hokkaido.jp/	hokkaido.jp			False	Exception calling "GetResult" with "0" argument(s): "An error occurred while sending the request."	request-failure	0	0		https://hokkaido.jp/	hokkaido.jp			False	Exception calling "GetResult" with "0" argument(s): "An error occurred while sending the request."	not-resolved	no-automatic-action
hole.no	2026-07-21T17:14:49.2204101+00:00	failed			Exception calling "Wait" with "1" argument(s): "One or more errors occurred."	request-failure	0	0		http://hole.no/	hole.no			False	Exception calling "GetResult" with "0" argument(s): "An error occurred while sending the request."	request-failure	0	0		https://hole.no/	hole.no			False	Exception calling "GetResult" with "0" argument(s): "An error occurred while sending the request."	not-resolved	no-automatic-action
home.arpa	2026-07-21T17:14:50.3009781+00:00	failed			Exception calling "Wait" with "1" argument(s): "One or more errors occurred."	request-failure	0	0		http://home.arpa/	home.arpa			False	Exception calling "GetResult" with "0" argument(s): "An error occurred while sending the request."	request-failure	0	0		https://home.arpa/	home.arpa			False	Exception calling "GetResult" with "0" argument(s): "An error occurred while sending the request."	not-resolved	no-automatic-action
home64.de	2026-07-21T17:14:51.3327593+00:00	resolved	144.76.85.238	2a01:4f8:192:1326::bad:c0de		request-failure	302	1	https://home64.de/	http://home64.de/	home64.de			False	Exception calling "GetResult" with "0" argument(s): "An error occurred while sending the request."	request-failure	0	0		https://home64.de/	home64.de			False	Exception calling "GetResult" with "0" argument(s): "An error occurred while sending the request."	dns-only	retest-or-review-exact-host
home-webserver.de	2026-07-21T17:14:52.5371847+00:00	resolved	85.114.136.161	2001:4ba0:ffe6:1f::1		request-failure	301	1	https://home-webserver.de/	http://home-webserver.de/	home-webserver.de	text/html; charset=UTF-8	Apache	False	Exception calling "GetResult" with "0" argument(s): "An error occurred while sending the request."	request-failure	0	0		https://home-webserver.de/	home-webserver.de			False	Exception calling "GetResult" with "0" argument(s): "An error occurred while sending the request."	dns-only	retest-or-review-exact-host
hopto.me	2026-07-21T17:14:53.8474851+00:00	resolved	8.23.224.110			timeout	0	0		http://hopto.me/	hopto.me			False	Exception calling "GetResult" with "0" argument(s): "A task was canceled."	timeout	0	0		https://hopto.me/	hopto.me			False	Exception calling "GetResult" with "0" argument(s): "A task was canceled."	temporarily-inconclusive	retest-later
horten.no	2026-07-21T17:15:34.9138250+00:00	failed			Exception calling "Wait" with "1" argument(s): "One or more errors occurred."	request-failure	0	0		http://horten.no/	horten.no			False	Exception calling "GetResult" with "0" argument(s): "An error occurred while sending the request."	request-failure	0	0		https://horten.no/	horten.no			False	Exception calling "GetResult" with "0" argument(s): "An error occurred while sending the request."	not-resolved	no-automatic-action
hosting-cluster.nl	2026-07-21T17:15:36.1920608+00:00	failed			Exception calling "Wait" with "1" argument(s): "One or more errors occurred."	request-failure	0	0		http://hosting-cluster.nl/	hosting-cluster.nl			False	Exception calling "GetResult" with "0" argument(s): "An error occurred while sending the request."	request-failure	0	0		https://hosting-cluster.nl/	hosting-cluster.nl			False	Exception calling "GetResult" with "0" argument(s): "An error occurred while sending the request."	not-resolved	no-automatic-action
hs.kr	2026-07-21T17:15:37.2538921+00:00	failed			Exception calling "Wait" with "1" argument(s): "One or more errors occurred."	request-failure	0	0		http://hs.kr/	hs.kr			False	Exception calling "GetResult" with "0" argument(s): "An error occurred while sending the request."	request-failure	0	0		https://hs.kr/	hs.kr			False	Exception calling "GetResult" with "0" argument(s): "An error occurred while sending the request."	not-resolved	no-automatic-action
hstgr.cloud	2026-07-21T17:15:38.3172645+00:00	failed			Exception calling "Wait" with "1" argument(s): "One or more errors occurred."	request-failure	0	0		http://hstgr.cloud/	hstgr.cloud			False	Exception calling "GetResult" with "0" argument(s): "An error occurred while sending the request."	request-failure	0	0		https://hstgr.cloud/	hstgr.cloud			False	Exception calling "GetResult" with "0" argument(s): "An error occurred while sending the request."	not-resolved	no-automatic-action
hvaler.no	2026-07-21T17:15:39.3826494+00:00	failed			Exception calling "Wait" with "1" argument(s): "One or more errors occurred."	request-failure	0	0		http://hvaler.no/	hvaler.no			False	Exception calling "GetResult" with "0" argument(s): "An error occurred while sending the request."	request-failure	0	0		https://hvaler.no/	hvaler.no			False	Exception calling "GetResult" with "0" argument(s): "An error occurred while sending the request."	not-resolved	no-automatic-action
hyllestad.no	2026-07-21T17:15:40.4583305+00:00	failed			Exception calling "Wait" with "1" argument(s): "One or more errors occurred."	request-failure	0	0		http://hyllestad.no/	hyllestad.no			False	Exception calling "GetResult" with "0" argument(s): "An error occurred while sending the request."	request-failure	0	0		https://hyllestad.no/	hyllestad.no			False	Exception calling "GetResult" with "0" argument(s): "An error occurred while sending the request."	not-resolved	no-automatic-action
hyogo.jp	2026-07-21T17:15:41.5369512+00:00	failed			Exception calling "Wait" with "1" argument(s): "One or more errors occurred."	request-failure	0	0		http://hyogo.jp/	hyogo.jp			False	Exception calling "GetResult" with "0" argument(s): "An error occurred while sending the request."	request-failure	0	0		https://hyogo.jp/	hyogo.jp			False	Exception calling "GetResult" with "0" argument(s): "An error occurred while sending the request."	not-resolved	no-automatic-action
i.ng	2026-07-21T17:15:42.8351673+00:00	failed			Exception calling "Wait" with "1" argument(s): "One or more errors occurred."	request-failure	0	0		http://i.ng/	i.ng			False	Exception calling "GetResult" with "0" argument(s): "An error occurred while sending the request."	request-failure	0	0		https://i.ng/	i.ng			False	Exception calling "GetResult" with "0" argument(s): "An error occurred while sending the request."	not-resolved	no-automatic-action
i.ph	2026-07-21T17:15:44.0786229+00:00	failed			Exception calling "Wait" with "1" argument(s): "One or more errors occurred."	request-failure	0	0		http://i.ph/	i.ph			False	Exception calling "GetResult" with "0" argument(s): "An error occurred while sending the request."	request-failure	0	0		https://i.ph/	i.ph			False	Exception calling "GetResult" with "0" argument(s): "An error occurred while sending the request."	not-resolved	no-automatic-action
i.se	2026-07-21T17:15:48.4158689+00:00	failed			Exception calling "Wait" with "1" argument(s): "One or more errors occurred."	request-failure	0	0		http://i.se/	i.se			False	Exception calling "GetResult" with "0" argument(s): "An error occurred while sending the request."	request-failure	0	0		https://i.se/	i.se			False	Exception calling "GetResult" with "0" argument(s): "An error occurred while sending the request."	not-resolved	no-automatic-action
i234.me	2026-07-21T17:15:49.4627368+00:00	failed			Exception calling "Wait" with "1" argument(s): "One or more errors occurred."	request-failure	0	0		http://i234.me/	i234.me			False	Exception calling "GetResult" with "0" argument(s): "An error occurred while sending the request."	request-failure	0	0		https://i234.me/	i234.me			False	Exception calling "GetResult" with "0" argument(s): "An error occurred while sending the request."	not-resolved	no-automatic-action
ia.br	2026-07-21T17:15:50.6648905+00:00	failed			Exception calling "Wait" with "1" argument(s): "One or more errors occurred."	request-failure	0	0		http://ia.br/	ia.br			False	Exception calling "GetResult" with "0" argument(s): "An error occurred while sending the request."	request-failure	0	0		https://ia.br/	ia.br			False	Exception calling "GetResult" with "0" argument(s): "An error occurred while sending the request."	not-resolved	no-automatic-action
ia.us	2026-07-21T17:15:51.7250717+00:00	failed			Exception calling "Wait" with "1" argument(s): "One or more errors occurred."	request-failure	0	0		http://ia.us/	ia.us			False	Exception calling "GetResult" with "0" argument(s): "An error occurred while sending the request."	request-failure	0	0		https://ia.us/	ia.us			False	Exception calling "GetResult" with "0" argument(s): "An error occurred while sending the request."	not-resolved	no-automatic-action
ia.ve	2026-07-21T17:15:52.7759962+00:00	failed			Exception calling "Wait" with "1" argument(s): "One or more errors occurred."	request-failure	0	0		http://ia.ve/	ia.ve			False	Exception calling "GetResult" with "0" argument(s): "An error occurred while sending the request."	request-failure	0	0		https://ia.ve/	ia.ve			False	Exception calling "GetResult" with "0" argument(s): "An error occurred while sending the request."	not-resolved	no-automatic-action
ibaraki.jp	2026-07-21T17:15:54.3315363+00:00	failed			Exception calling "Wait" with "1" argument(s): "One or more errors occurred."	request-failure	0	0		http://ibaraki.jp/	ibaraki.jp			False	Exception calling "GetResult" with "0" argument(s): "An error occurred while sending the request."	request-failure	0	0		https://ibaraki.jp/	ibaraki.jp			False	Exception calling "GetResult" with "0" argument(s): "An error occurred while sending the request."	not-resolved	no-automatic-action
ibxos.it	2026-07-21T17:15:55.6288131+00:00	failed			Exception calling "Wait" with "1" argument(s): "One or more errors occurred."	request-failure	0	0		http://ibxos.it/	ibxos.it			False	Exception calling "GetResult" with "0" argument(s): "An error occurred while sending the request."	request-failure	0	0		https://ibxos.it/	ibxos.it			False	Exception calling "GetResult" with "0" argument(s): "An error occurred while sending the request."	not-resolved	no-automatic-action
id.au	2026-07-21T17:15:56.6926115+00:00	failed			Exception calling "Wait" with "1" argument(s): "One or more errors occurred."	request-failure	0	0		http://id.au/	id.au			False	Exception calling "GetResult" with "0" argument(s): "An error occurred while sending the request."	request-failure	0	0		https://id.au/	id.au			False	Exception calling "GetResult" with "0" argument(s): "An error occurred while sending the request."	not-resolved	no-automatic-action
id.ir	2026-07-21T17:15:57.8507933+00:00	failed			Exception calling "Wait" with "1" argument(s): "One or more errors occurred."	request-failure	0	0		http://id.ir/	id.ir			False	Exception calling "GetResult" with "0" argument(s): "An error occurred while sending the request."	request-failure	0	0		https://id.ir/	id.ir			False	Exception calling "GetResult" with "0" argument(s): "An error occurred while sending the request."	not-resolved	no-automatic-action
id.lv	2026-07-21T17:16:00.3990744+00:00	failed			Exception calling "Wait" with "1" argument(s): "One or more errors occurred."	request-failure	0	0		http://id.lv/	id.lv			False	Exception calling "GetResult" with "0" argument(s): "An error occurred while sending the request."	request-failure	0	0		https://id.lv/	id.lv			False	Exception calling "GetResult" with "0" argument(s): "An error occurred while sending the request."	not-resolved	no-automatic-action
id.us	2026-07-21T17:16:01.4507532+00:00	failed			Exception calling "Wait" with "1" argument(s): "One or more errors occurred."	request-failure	0	0		http://id.us/	id.us			False	Exception calling "GetResult" with "0" argument(s): "An error occurred while sending the request."	request-failure	0	0		https://id.us/	id.us			False	Exception calling "GetResult" with "0" argument(s): "An error occurred while sending the request."	not-resolved	no-automatic-action
id.vn	2026-07-21T17:16:02.4987854+00:00	failed			Exception calling "Wait" with "1" argument(s): "One or more errors occurred."	request-failure	0	0		http://id.vn/	id.vn			False	Exception calling "GetResult" with "0" argument(s): "An error occurred while sending the request."	request-failure	0	0		https://id.vn/	id.vn			False	Exception calling "GetResult" with "0" argument(s): "An error occurred while sending the request."	not-resolved	no-automatic-action
idf.il	2026-07-21T17:16:03.7509940+00:00	failed			Exception calling "Wait" with "1" argument(s): "One or more errors occurred."	request-failure	0	0		http://idf.il/	idf.il			False	Exception calling "GetResult" with "0" argument(s): "An error occurred while sending the request."	request-failure	0	0		https://idf.il/	idf.il			False	Exception calling "GetResult" with "0" argument(s): "An error occurred while sending the request."	not-resolved	no-automatic-action
idrett.no	2026-07-21T17:16:04.8010726+00:00	failed			Exception calling "Wait" with "1" argument(s): "One or more errors occurred."	request-failure	0	0		http://idrett.no/	idrett.no			False	Exception calling "GetResult" with "0" argument(s): "An error occurred while sending the request."	request-failure	0	0		https://idrett.no/	idrett.no			False	Exception calling "GetResult" with "0" argument(s): "An error occurred while sending the request."	not-resolved	no-automatic-action
idv.hk	2026-07-21T17:16:05.8775811+00:00	failed			Exception calling "Wait" with "1" argument(s): "One or more errors occurred."	request-failure	0	0		http://idv.hk/	idv.hk			False	Exception calling "GetResult" with "0" argument(s): "An error occurred while sending the request."	request-failure	0	0		https://idv.hk/	idv.hk			False	Exception calling "GetResult" with "0" argument(s): "An error occurred while sending the request."	not-resolved	no-automatic-action
idv.tw	2026-07-21T17:16:07.1359246+00:00	failed			Exception calling "Wait" with "1" argument(s): "One or more errors occurred."	request-failure	0	0		http://idv.tw/	idv.tw			False	Exception calling "GetResult" with "0" argument(s): "An error occurred while sending the request."	request-failure	0	0		https://idv.tw/	idv.tw			False	Exception calling "GetResult" with "0" argument(s): "An error occurred while sending the request."	not-resolved	no-automatic-action
if.ua	2026-07-21T17:16:08.4595126+00:00	failed			Exception calling "Wait" with "1" argument(s): "One or more errors occurred."	request-failure	0	0		http://if.ua/	if.ua			False	Exception calling "GetResult" with "0" argument(s): "An error occurred while sending the request."	request-failure	0	0		https://if.ua/	if.ua			False	Exception calling "GetResult" with "0" argument(s): "An error occurred while sending the request."	not-resolved	no-automatic-action
il.us	2026-07-21T17:16:09.6491639+00:00	failed			Exception calling "Wait" with "1" argument(s): "One or more errors occurred."	request-failure	0	0		http://il.us/	il.us			False	Exception calling "GetResult" with "0" argument(s): "An error occurred while sending the request."	request-failure	0	0		https://il.us/	il.us			False	Exception calling "GetResult" with "0" argument(s): "An error occurred while sending the request."	not-resolved	no-automatic-action
ilawa.pl	2026-07-21T17:16:10.7138609+00:00	failed			Exception calling "Wait" with "1" argument(s): "One or more errors occurred."	request-failure	0	0		http://ilawa.pl/	ilawa.pl			False	Exception calling "GetResult" with "0" argument(s): "An error occurred while sending the request."	request-failure	0	0		https://ilawa.pl/	ilawa.pl			False	Exception calling "GetResult" with "0" argument(s): "An error occurred while sending the request."	not-resolved	no-automatic-action
iliadboxos.it	2026-07-21T17:16:11.7608040+00:00	failed			Exception calling "Wait" with "1" argument(s): "One or more errors occurred."	request-failure	0	0		http://iliadboxos.it/	iliadboxos.it			False	Exception calling "GetResult" with "0" argument(s): "An error occurred while sending the request."	request-failure	0	0		https://iliadboxos.it/	iliadboxos.it			False	Exception calling "GetResult" with "0" argument(s): "An error occurred while sending the request."	not-resolved	no-automatic-action
im.it	2026-07-21T17:16:12.8215278+00:00	failed			Exception calling "Wait" with "1" argument(s): "One or more errors occurred."	request-failure	0	0		http://im.it/	im.it			False	Exception calling "GetResult" with "0" argument(s): "An error occurred while sending the request."	request-failure	0	0		https://im.it/	im.it			False	Exception calling "GetResult" with "0" argument(s): "An error occurred while sending the request."	not-resolved	no-automatic-action
imb.br	2026-07-21T17:16:13.8867244+00:00	failed			Exception calling "Wait" with "1" argument(s): "One or more errors occurred."	request-failure	0	0		http://imb.br/	imb.br			False	Exception calling "GetResult" with "0" argument(s): "An error occurred while sending the request."	request-failure	0	0		https://imb.br/	imb.br			False	Exception calling "GetResult" with "0" argument(s): "An error occurred while sending the request."	not-resolved	no-automatic-action
imperia.it	2026-07-21T17:16:14.9491965+00:00	failed			Exception calling "Wait" with "1" argument(s): "One or more errors occurred."	request-failure	0	0		http://imperia.it/	imperia.it			False	Exception calling "GetResult" with "0" argument(s): "An error occurred while sending the request."	request-failure	0	0		https://imperia.it/	imperia.it			False	Exception calling "GetResult" with "0" argument(s): "An error occurred while sending the request."	not-resolved	no-automatic-action
in.net	2026-07-21T17:16:15.9820570+00:00	failed			Exception calling "Wait" with "1" argument(s): "One or more errors occurred."	request-failure	0	0		http://in.net/	in.net			False	Exception calling "GetResult" with "0" argument(s): "An error occurred while sending the request."	request-failure	0	0		https://in.net/	in.net			False	Exception calling "GetResult" with "0" argument(s): "An error occurred while sending the request."	not-resolved	no-automatic-action
in.rs	2026-07-21T17:16:17.0308672+00:00	failed			Exception calling "Wait" with "1" argument(s): "One or more errors occurred."	request-failure	0	0		http://in.rs/	in.rs			False	Exception calling "GetResult" with "0" argument(s): "An error occurred while sending the request."	request-failure	0	0		https://in.rs/	in.rs			False	Exception calling "GetResult" with "0" argument(s): "An error occurred while sending the request."	not-resolved	no-automatic-action
in.th	2026-07-21T17:16:18.0755947+00:00	failed			Exception calling "Wait" with "1" argument(s): "One or more errors occurred."	request-failure	0	0		http://in.th/	in.th			False	Exception calling "GetResult" with "0" argument(s): "An error occurred while sending the request."	request-failure	0	0		https://in.th/	in.th			False	Exception calling "GetResult" with "0" argument(s): "An error occurred while sending the request."	not-resolved	no-automatic-action
in.ua	2026-07-21T17:16:19.1207871+00:00	failed			Exception calling "Wait" with "1" argument(s): "One or more errors occurred."	request-failure	0	0		http://in.ua/	in.ua			False	Exception calling "GetResult" with "0" argument(s): "An error occurred while sending the request."	request-failure	0	0		https://in.ua/	in.ua			False	Exception calling "GetResult" with "0" argument(s): "An error occurred while sending the request."	not-resolved	no-automatic-action
in.us	2026-07-21T17:16:20.2762648+00:00	failed			Exception calling "Wait" with "1" argument(s): "One or more errors occurred."	request-failure	0	0		http://in.us/	in.us			False	Exception calling "GetResult" with "0" argument(s): "An error occurred while sending the request."	request-failure	0	0		https://in.us/	in.us			False	Exception calling "GetResult" with "0" argument(s): "An error occurred while sending the request."	not-resolved	no-automatic-action
in-addr.arpa	2026-07-21T17:16:21.3448200+00:00	failed			Exception calling "Wait" with "1" argument(s): "One or more errors occurred."	request-failure	0	0		http://in-addr.arpa/	in-addr.arpa			False	Exception calling "GetResult" with "0" argument(s): "An error occurred while sending the request."	request-failure	0	0		https://in-addr.arpa/	in-addr.arpa			False	Exception calling "GetResult" with "0" argument(s): "An error occurred while sending the request."	not-resolved	no-automatic-action
incheon.kr	2026-07-21T17:16:22.5127465+00:00	failed			Exception calling "Wait" with "1" argument(s): "One or more errors occurred."	request-failure	0	0		http://incheon.kr/	incheon.kr			False	Exception calling "GetResult" with "0" argument(s): "An error occurred while sending the request."	request-failure	0	0		https://incheon.kr/	incheon.kr			False	Exception calling "GetResult" with "0" argument(s): "An error occurred while sending the request."	not-resolved	no-automatic-action
ind.br	2026-07-21T17:16:23.8201391+00:00	failed			Exception calling "Wait" with "1" argument(s): "One or more errors occurred."	request-failure	0	0		http://ind.br/	ind.br			False	Exception calling "GetResult" with "0" argument(s): "An error occurred while sending the request."	request-failure	0	0		https://ind.br/	ind.br			False	Exception calling "GetResult" with "0" argument(s): "An error occurred while sending the request."	not-resolved	no-automatic-action
ind.in	2026-07-21T17:16:24.8695256+00:00	failed			Exception calling "Wait" with "1" argument(s): "One or more errors occurred."	request-failure	0	0		http://ind.in/	ind.in			False	Exception calling "GetResult" with "0" argument(s): "An error occurred while sending the request."	request-failure	0	0		https://ind.in/	ind.in			False	Exception calling "GetResult" with "0" argument(s): "An error occurred while sending the request."	not-resolved	no-automatic-action
independent-commission.uk	2026-07-21T17:16:25.9213221+00:00	failed			Exception calling "Wait" with "1" argument(s): "One or more errors occurred."	request-failure	0	0		http://independent-commission.uk/	independent-commission.uk			False	Exception calling "GetResult" with "0" argument(s): "An error occurred while sending the request."	request-failure	0	0		https://independent-commission.uk/	independent-commission.uk			False	Exception calling "GetResult" with "0" argument(s): "An error occurred while sending the request."	not-resolved	no-automatic-action
independent-inquiry.uk	2026-07-21T17:16:26.9832670+00:00	failed			Exception calling "Wait" with "1" argument(s): "One or more errors occurred."	request-failure	0	0		http://independent-inquiry.uk/	independent-inquiry.uk			False	Exception calling "GetResult" with "0" argument(s): "An error occurred while sending the request."	request-failure	0	0		https://independent-inquiry.uk/	independent-inquiry.uk			False	Exception calling "GetResult" with "0" argument(s): "An error occurred while sending the request."	not-resolved	no-automatic-action
independent-panel.uk	2026-07-21T17:16:28.0347463+00:00	failed			Exception calling "Wait" with "1" argument(s): "One or more errors occurred."	request-failure	0	0		http://independent-panel.uk/	independent-panel.uk			False	Exception calling "GetResult" with "0" argument(s): "An error occurred while sending the request."	request-failure	0	0		https://independent-panel.uk/	independent-panel.uk			False	Exception calling "GetResult" with "0" argument(s): "An error occurred while sending the request."	not-resolved	no-automatic-action
independent-review.uk	2026-07-21T17:16:29.0779030+00:00	failed			Exception calling "Wait" with "1" argument(s): "One or more errors occurred."	request-failure	0	0		http://independent-review.uk/	independent-review.uk			False	Exception calling "GetResult" with "0" argument(s): "An error occurred while sending the request."	request-failure	0	0		https://independent-review.uk/	independent-review.uk			False	Exception calling "GetResult" with "0" argument(s): "An error occurred while sending the request."	not-resolved	no-automatic-action
inderoy.no	2026-07-21T17:16:30.1213104+00:00	failed			Exception calling "Wait" with "1" argument(s): "One or more errors occurred."	request-failure	0	0		http://inderoy.no/	inderoy.no			False	Exception calling "GetResult" with "0" argument(s): "An error occurred while sending the request."	request-failure	0	0		https://inderoy.no/	inderoy.no			False	Exception calling "GetResult" with "0" argument(s): "An error occurred while sending the request."	not-resolved	no-automatic-action
inf.br	2026-07-21T17:16:31.1980197+00:00	failed			Exception calling "Wait" with "1" argument(s): "One or more errors occurred."	request-failure	0	0		http://inf.br/	inf.br			False	Exception calling "GetResult" with "0" argument(s): "An error occurred while sending the request."	request-failure	0	0		https://inf.br/	inf.br			False	Exception calling "GetResult" with "0" argument(s): "An error occurred while sending the request."	not-resolved	no-automatic-action
inf.cu	2026-07-21T17:16:32.4102481+00:00	failed			Exception calling "Wait" with "1" argument(s): "One or more errors occurred."	request-failure	0	0		http://inf.cu/	inf.cu			False	Exception calling "GetResult" with "0" argument(s): "An error occurred while sending the request."	request-failure	0	0		https://inf.cu/	inf.cu			False	Exception calling "GetResult" with "0" argument(s): "An error occurred while sending the request."	not-resolved	no-automatic-action
inf.ua	2026-07-21T17:16:33.6124898+00:00	failed			Exception calling "Wait" with "1" argument(s): "One or more errors occurred."	request-failure	0	0		http://inf.ua/	inf.ua			False	Exception calling "GetResult" with "0" argument(s): "An error occurred while sending the request."	request-failure	0	0		https://inf.ua/	inf.ua			False	Exception calling "GetResult" with "0" argument(s): "An error occurred while sending the request."	not-resolved	no-automatic-action
info.az	2026-07-21T17:16:34.8528307+00:00	failed			Exception calling "Wait" with "1" argument(s): "One or more errors occurred."	request-failure	0	0		http://info.az/	info.az			False	Exception calling "GetResult" with "0" argument(s): "An error occurred while sending the request."	request-failure	0	0		https://info.az/	info.az			False	Exception calling "GetResult" with "0" argument(s): "An error occurred while sending the request."	not-resolved	no-automatic-action
info.bd	2026-07-21T17:16:35.9005525+00:00	failed			Exception calling "Wait" with "1" argument(s): "One or more errors occurred."	request-failure	0	0		http://info.bd/	info.bd			False	Exception calling "GetResult" with "0" argument(s): "An error occurred while sending the request."	request-failure	0	0		https://info.bd/	info.bd			False	Exception calling "GetResult" with "0" argument(s): "An error occurred while sending the request."	not-resolved	no-automatic-action
info.bo	2026-07-21T17:16:37.0569119+00:00	failed			Exception calling "Wait" with "1" argument(s): "One or more errors occurred."	request-failure	0	0		http://info.bo/	info.bo			False	Exception calling "GetResult" with "0" argument(s): "An error occurred while sending the request."	request-failure	0	0		https://info.bo/	info.bo			False	Exception calling "GetResult" with "0" argument(s): "An error occurred while sending the request."	not-resolved	no-automatic-action
info.ec	2026-07-21T17:16:39.1941397+00:00	failed			Exception calling "Wait" with "1" argument(s): "One or more errors occurred."	request-failure	0	0		http://info.ec/	info.ec			False	Exception calling "GetResult" with "0" argument(s): "An error occurred while sending the request."	request-failure	0	0		https://info.ec/	info.ec			False	Exception calling "GetResult" with "0" argument(s): "An error occurred while sending the request."	not-resolved	no-automatic-action
info.hu	2026-07-21T17:16:40.2411397+00:00	failed			Exception calling "Wait" with "1" argument(s): "One or more errors occurred."	request-failure	0	0		http://info.hu/	info.hu			False	Exception calling "GetResult" with "0" argument(s): "An error occurred while sending the request."	request-failure	0	0		https://info.hu/	info.hu			False	Exception calling "GetResult" with "0" argument(s): "An error occurred while sending the request."	not-resolved	no-automatic-action
info.in	2026-07-21T17:16:41.2927103+00:00	failed			Exception calling "Wait" with "1" argument(s): "One or more errors occurred."	request-failure	0	0		http://info.in/	info.in			False	Exception calling "GetResult" with "0" argument(s): "An error occurred while sending the request."	request-failure	0	0		https://info.in/	info.in			False	Exception calling "GetResult" with "0" argument(s): "An error occurred while sending the request."	not-resolved	no-automatic-action
info.ke	2026-07-21T17:16:42.3373456+00:00	failed			Exception calling "Wait" with "1" argument(s): "One or more errors occurred."	request-failure	0	0		http://info.ke/	info.ke			False	Exception calling "GetResult" with "0" argument(s): "An error occurred while sending the request."	request-failure	0	0		https://info.ke/	info.ke			False	Exception calling "GetResult" with "0" argument(s): "An error occurred while sending the request."	not-resolved	no-automatic-action
info.pl	2026-07-21T17:16:43.6479673+00:00	failed			Exception calling "Wait" with "1" argument(s): "One or more errors occurred."	request-failure	0	0		http://info.pl/	info.pl			False	Exception calling "GetResult" with "0" argument(s): "An error occurred while sending the request."	request-failure	0	0		https://info.pl/	info.pl			False	Exception calling "GetResult" with "0" argument(s): "An error occurred while sending the request."	not-resolved	no-automatic-action
info.ro	2026-07-21T17:16:44.6878064+00:00	failed			Exception calling "Wait" with "1" argument(s): "One or more errors occurred."	request-failure	0	0		http://info.ro/	info.ro			False	Exception calling "GetResult" with "0" argument(s): "An error occurred while sending the request."	request-failure	0	0		https://info.ro/	info.ro			False	Exception calling "GetResult" with "0" argument(s): "An error occurred while sending the request."	not-resolved	no-automatic-action
info.tn	2026-07-21T17:16:45.7474226+00:00	failed			Exception calling "Wait" with "1" argument(s): "One or more errors occurred."	request-failure	0	0		http://info.tn/	info.tn			False	Exception calling "GetResult" with "0" argument(s): "An error occurred while sending the request."	request-failure	0	0		https://info.tn/	info.tn			False	Exception calling "GetResult" with "0" argument(s): "An error occurred while sending the request."	not-resolved	no-automatic-action
info.tr	2026-07-21T17:16:46.8268300+00:00	failed			Exception calling "Wait" with "1" argument(s): "One or more errors occurred."	request-failure	0	0		http://info.tr/	info.tr			False	Exception calling "GetResult" with "0" argument(s): "An error occurred while sending the request."	request-failure	0	0		https://info.tr/	info.tr			False	Exception calling "GetResult" with "0" argument(s): "An error occurred while sending the request."	not-resolved	no-automatic-action
info.ve	2026-07-21T17:16:47.9009679+00:00	failed			Exception calling "Wait" with "1" argument(s): "One or more errors occurred."	request-failure	0	0		http://info.ve/	info.ve			False	Exception calling "GetResult" with "0" argument(s): "An error occurred while sending the request."	request-failure	0	0		https://info.ve/	info.ve			False	Exception calling "GetResult" with "0" argument(s): "An error occurred while sending the request."	not-resolved	no-automatic-action
info.vn	2026-07-21T17:16:49.1687387+00:00	failed			Exception calling "Wait" with "1" argument(s): "One or more errors occurred."	request-failure	0	0		http://info.vn/	info.vn			False	Exception calling "GetResult" with "0" argument(s): "An error occurred while sending the request."	request-failure	0	0		https://info.vn/	info.vn			False	Exception calling "GetResult" with "0" argument(s): "An error occurred while sending the request."	not-resolved	no-automatic-action
ingatlan.hu	2026-07-21T17:16:50.2551938+00:00	failed			Exception calling "Wait" with "1" argument(s): "One or more errors occurred."	request-failure	0	0		http://ingatlan.hu/	ingatlan.hu			False	Exception calling "GetResult" with "0" argument(s): "An error occurred while sending the request."	request-failure	0	0		https://ingatlan.hu/	ingatlan.hu			False	Exception calling "GetResult" with "0" argument(s): "An error occurred while sending the request."	not-resolved	no-automatic-action
int.ar	2026-07-21T17:16:51.3065173+00:00	failed			Exception calling "Wait" with "1" argument(s): "One or more errors occurred."	request-failure	0	0		http://int.ar/	int.ar			False	Exception calling "GetResult" with "0" argument(s): "An error occurred while sending the request."	request-failure	0	0		https://int.ar/	int.ar			False	Exception calling "GetResult" with "0" argument(s): "An error occurred while sending the request."	not-resolved	no-automatic-action
int.in	2026-07-21T17:16:52.3642685+00:00	failed			Exception calling "Wait" with "1" argument(s): "One or more errors occurred."	request-failure	0	0		http://int.in/	int.in			False	Exception calling "GetResult" with "0" argument(s): "An error occurred while sending the request."	request-failure	0	0		https://int.in/	int.in			False	Exception calling "GetResult" with "0" argument(s): "An error occurred while sending the request."	not-resolved	no-automatic-action
int.la	2026-07-21T17:16:53.4124491+00:00	failed			Exception calling "Wait" with "1" argument(s): "One or more errors occurred."	request-failure	0	0		http://int.la/	int.la			False	Exception calling "GetResult" with "0" argument(s): "An error occurred while sending the request."	request-failure	0	0		https://int.la/	int.la			False	Exception calling "GetResult" with "0" argument(s): "An error occurred while sending the request."	not-resolved	no-automatic-action
int.ru	2026-07-21T17:16:54.6472467+00:00	resolved	195.128.64.10			timeout	0	0		http://int.ru/	int.ru			False	Exception calling "GetResult" with "0" argument(s): "A task was canceled."	request-failure	0	0		https://int.ru/	int.ru			False	Exception calling "GetResult" with "0" argument(s): "An error occurred while sending the request."	temporarily-inconclusive	retest-later
internet.in	2026-07-21T17:17:18.1650403+00:00	failed			Exception calling "Wait" with "1" argument(s): "One or more errors occurred."	request-failure	0	0		http://internet.in/	internet.in			False	Exception calling "GetResult" with "0" argument(s): "An error occurred while sending the request."	request-failure	0	0		https://internet.in/	internet.in			False	Exception calling "GetResult" with "0" argument(s): "An error occurred while sending the request."	not-resolved	no-automatic-action
io.in	2026-07-21T17:17:19.2207080+00:00	failed			Exception calling "Wait" with "1" argument(s): "One or more errors occurred."	request-failure	0	0		http://io.in/	io.in			False	Exception calling "GetResult" with "0" argument(s): "An error occurred while sending the request."	request-failure	0	0		https://io.in/	io.in			False	Exception calling "GetResult" with "0" argument(s): "An error occurred while sending the request."	not-resolved	no-automatic-action
io.kr	2026-07-21T17:17:20.2723693+00:00	failed			Exception calling "Wait" with "1" argument(s): "One or more errors occurred."	request-failure	0	0		http://io.kr/	io.kr			False	Exception calling "GetResult" with "0" argument(s): "An error occurred while sending the request."	request-failure	0	0		https://io.kr/	io.kr			False	Exception calling "GetResult" with "0" argument(s): "An error occurred while sending the request."	not-resolved	no-automatic-action
io.vn	2026-07-21T17:17:21.3630361+00:00	failed			Exception calling "Wait" with "1" argument(s): "One or more errors occurred."	request-failure	0	0		http://io.vn/	io.vn			False	Exception calling "GetResult" with "0" argument(s): "An error occurred while sending the request."	request-failure	0	0		https://io.vn/	io.vn			False	Exception calling "GetResult" with "0" argument(s): "An error occurred while sending the request."	not-resolved	no-automatic-action
iobb.net	2026-07-21T17:17:22.6277551+00:00	failed			Exception calling "Wait" with "1" argument(s): "One or more errors occurred."	request-failure	0	0		http://iobb.net/	iobb.net			False	Exception calling "GetResult" with "0" argument(s): "An error occurred while sending the request."	request-failure	0	0		https://iobb.net/	iobb.net			False	Exception calling "GetResult" with "0" argument(s): "An error occurred while sending the request."	not-resolved	no-automatic-action
ip6.arpa	2026-07-21T17:17:23.8982407+00:00	failed			Exception calling "Wait" with "1" argument(s): "One or more errors occurred."	request-failure	0	0		http://ip6.arpa/	ip6.arpa			False	Exception calling "GetResult" with "0" argument(s): "An error occurred while sending the request."	request-failure	0	0		https://ip6.arpa/	ip6.arpa			False	Exception calling "GetResult" with "0" argument(s): "An error occurred while sending the request."	not-resolved	no-automatic-action
ipv64.de	2026-07-21T17:17:24.9342206+00:00	resolved	144.76.85.238	2a01:4f8:192:1326::bad:c0de		request-failure	302	1	https://ipv64.de/	http://ipv64.de/	ipv64.de			False	Exception calling "GetResult" with "0" argument(s): "An error occurred while sending the request."	request-failure	0	0		https://ipv64.de/	ipv64.de			False	Exception calling "GetResult" with "0" argument(s): "An error occurred while sending the request."	dns-only	retest-or-review-exact-host
ir.md	2026-07-21T17:17:26.1464012+00:00	failed			Exception calling "Wait" with "1" argument(s): "One or more errors occurred."	request-failure	0	0		http://ir.md/	ir.md			False	Exception calling "GetResult" with "0" argument(s): "An error occurred while sending the request."	request-failure	0	0		https://ir.md/	ir.md			False	Exception calling "GetResult" with "0" argument(s): "An error occurred while sending the request."	not-resolved	no-automatic-action
is.it	2026-07-21T17:17:28.8117794+00:00	failed			Exception calling "Wait" with "1" argument(s): "One or more errors occurred."	request-failure	0	0		http://is.it/	is.it			False	Exception calling "GetResult" with "0" argument(s): "An error occurred while sending the request."	request-failure	0	0		https://is.it/	is.it			False	Exception calling "GetResult" with "0" argument(s): "An error occurred while sending the request."	not-resolved	no-automatic-action
isernia.it	2026-07-21T17:17:29.8418244+00:00	failed			Exception calling "Wait" with "1" argument(s): "One or more errors occurred."	request-failure	0	0		http://isernia.it/	isernia.it			False	Exception calling "GetResult" with "0" argument(s): "An error occurred while sending the request."	request-failure	0	0		https://isernia.it/	isernia.it			False	Exception calling "GetResult" with "0" argument(s): "An error occurred while sending the request."	not-resolved	no-automatic-action
ishikawa.jp	2026-07-21T17:17:30.8749142+00:00	failed			Exception calling "Wait" with "1" argument(s): "One or more errors occurred."	request-failure	0	0		http://ishikawa.jp/	ishikawa.jp			False	Exception calling "GetResult" with "0" argument(s): "An error occurred while sending the request."	request-failure	0	0		https://ishikawa.jp/	ishikawa.jp			False	Exception calling "GetResult" with "0" argument(s): "An error occurred while sending the request."	not-resolved	no-automatic-action
is-saved.org	2026-07-21T17:17:31.9409467+00:00	resolved	132.226.162.56			http-success	200	2	https://dyn.com/remote-access/ -> https://oci.dyn.com/dynamic-dns-hostname-search/	https://oci.dyn.com/dynamic-dns-hostname-search/	oci.dyn.com	text/html; charset=utf-8		False		timeout	0	0		https://is-saved.org/	is-saved.org			False	Exception calling "GetResult" with "0" argument(s): "A task was canceled."	http-success	review-exact-host-and-label-override
it.ao	2026-07-21T17:17:54.2506942+00:00	failed			Exception calling "Wait" with "1" argument(s): "One or more errors occurred."	request-failure	0	0		http://it.ao/	it.ao			False	Exception calling "GetResult" with "0" argument(s): "An error occurred while sending the request."	request-failure	0	0		https://it.ao/	it.ao			False	Exception calling "GetResult" with "0" argument(s): "An error occurred while sending the request."	not-resolved	no-automatic-action
it.kr	2026-07-21T17:17:55.3001332+00:00	failed			Exception calling "Wait" with "1" argument(s): "One or more errors occurred."	request-failure	0	0		http://it.kr/	it.kr			False	Exception calling "GetResult" with "0" argument(s): "An error occurred while sending the request."	request-failure	0	0		https://it.kr/	it.kr			False	Exception calling "GetResult" with "0" argument(s): "An error occurred while sending the request."	not-resolved	no-automatic-action
ivano-frankivsk.ua	2026-07-21T17:17:56.6142544+00:00	failed			Exception calling "Wait" with "1" argument(s): "One or more errors occurred."	request-failure	0	0		http://ivano-frankivsk.ua/	ivano-frankivsk.ua			False	Exception calling "GetResult" with "0" argument(s): "An error occurred while sending the request."	request-failure	0	0		https://ivano-frankivsk.ua/	ivano-frankivsk.ua			False	Exception calling "GetResult" with "0" argument(s): "An error occurred while sending the request."	not-resolved	no-automatic-action
ivory.ne.jp	2026-07-21T17:17:57.6715721+00:00	failed			Exception calling "Wait" with "1" argument(s): "One or more errors occurred."	request-failure	0	0		http://ivory.ne.jp/	ivory.ne.jp			False	Exception calling "GetResult" with "0" argument(s): "An error occurred while sending the request."	request-failure	0	0		https://ivory.ne.jp/	ivory.ne.jp			False	Exception calling "GetResult" with "0" argument(s): "An error occurred while sending the request."	not-resolved	no-automatic-action
iwate.jp	2026-07-21T17:17:58.9690661+00:00	failed			Exception calling "Wait" with "1" argument(s): "One or more errors occurred."	request-failure	0	0		http://iwate.jp/	iwate.jp			False	Exception calling "GetResult" with "0" argument(s): "An error occurred while sending the request."	request-failure	0	0		https://iwate.jp/	iwate.jp			False	Exception calling "GetResult" with "0" argument(s): "An error occurred while sending the request."	not-resolved	no-automatic-action
iwi.nz	2026-07-21T17:18:00.0283922+00:00	failed			Exception calling "Wait" with "1" argument(s): "One or more errors occurred."	request-failure	0	0		http://iwi.nz/	iwi.nz			False	Exception calling "GetResult" with "0" argument(s): "An error occurred while sending the request."	request-failure	0	0		https://iwi.nz/	iwi.nz			False	Exception calling "GetResult" with "0" argument(s): "An error occurred while sending the request."	not-resolved	no-automatic-action
jab.br	2026-07-21T17:18:01.2678240+00:00	failed			Exception calling "Wait" with "1" argument(s): "One or more errors occurred."	request-failure	0	0		http://jab.br/	jab.br			False	Exception calling "GetResult" with "0" argument(s): "An error occurred while sending the request."	request-failure	0	0		https://jab.br/	jab.br			False	Exception calling "GetResult" with "0" argument(s): "An error occurred while sending the request."	not-resolved	no-automatic-action
jampa.br	2026-07-21T17:18:02.3238109+00:00	failed			Exception calling "Wait" with "1" argument(s): "One or more errors occurred."	request-failure	0	0		http://jampa.br/	jampa.br			False	Exception calling "GetResult" with "0" argument(s): "An error occurred while sending the request."	request-failure	0	0		https://jampa.br/	jampa.br			False	Exception calling "GetResult" with "0" argument(s): "An error occurred while sending the request."	not-resolved	no-automatic-action
jan-mayen.no	2026-07-21T17:18:03.5393138+00:00	failed			Exception calling "Wait" with "1" argument(s): "One or more errors occurred."	request-failure	0	0		http://jan-mayen.no/	jan-mayen.no			False	Exception calling "GetResult" with "0" argument(s): "An error occurred while sending the request."	request-failure	0	0		https://jan-mayen.no/	jan-mayen.no			False	Exception calling "GetResult" with "0" argument(s): "An error occurred while sending the request."	not-resolved	no-automatic-action
jaworzno.pl	2026-07-21T17:18:04.6104483+00:00	failed			Exception calling "Wait" with "1" argument(s): "One or more errors occurred."	request-failure	0	0		http://jaworzno.pl/	jaworzno.pl			False	Exception calling "GetResult" with "0" argument(s): "An error occurred while sending the request."	request-failure	0	0		https://jaworzno.pl/	jaworzno.pl			False	Exception calling "GetResult" with "0" argument(s): "An error occurred while sending the request."	not-resolved	no-automatic-action
jcloud.kz	2026-07-21T17:18:05.6665450+00:00	failed			Exception calling "Wait" with "1" argument(s): "One or more errors occurred."	request-failure	0	0		http://jcloud.kz/	jcloud.kz			False	Exception calling "GetResult" with "0" argument(s): "An error occurred while sending the request."	request-failure	0	0		https://jcloud.kz/	jcloud.kz			False	Exception calling "GetResult" with "0" argument(s): "An error occurred while sending the request."	not-resolved	no-automatic-action
jdevcloud.com	2026-07-21T17:18:06.8139492+00:00	failed			Exception calling "Wait" with "1" argument(s): "One or more errors occurred."	request-failure	0	0		http://jdevcloud.com/	jdevcloud.com			False	Exception calling "GetResult" with "0" argument(s): "An error occurred while sending the request."	request-failure	0	0		https://jdevcloud.com/	jdevcloud.com			False	Exception calling "GetResult" with "0" argument(s): "An error occurred while sending the request."	not-resolved	no-automatic-action
jeez.jp	2026-07-21T17:18:07.8852603+00:00	failed			Exception calling "Wait" with "1" argument(s): "One or more errors occurred."	request-failure	0	0		http://jeez.jp/	jeez.jp			False	Exception calling "GetResult" with "0" argument(s): "An error occurred while sending the request."	request-failure	0	0		https://jeez.jp/	jeez.jp			False	Exception calling "GetResult" with "0" argument(s): "An error occurred while sending the request."	not-resolved	no-automatic-action
jeju.kr	2026-07-21T17:18:09.4629493+00:00	failed			Exception calling "Wait" with "1" argument(s): "One or more errors occurred."	request-failure	0	0		http://jeju.kr/	jeju.kr			False	Exception calling "GetResult" with "0" argument(s): "An error occurred while sending the request."	request-failure	0	0		https://jeju.kr/	jeju.kr			False	Exception calling "GetResult" with "0" argument(s): "An error occurred while sending the request."	not-resolved	no-automatic-action
jelastic.team	2026-07-21T17:18:10.7994856+00:00	resolved	198.244.136.230			timeout	0	0		http://jelastic.team/	jelastic.team			False	Exception calling "GetResult" with "0" argument(s): "A task was canceled."	timeout	0	0		https://jelastic.team/	jelastic.team			False	Exception calling "GetResult" with "0" argument(s): "A task was canceled."	temporarily-inconclusive	retest-later
jelenia-gora.pl	2026-07-21T17:18:52.0528596+00:00	failed			Exception calling "Wait" with "1" argument(s): "One or more errors occurred."	request-failure	0	0		http://jelenia-gora.pl/	jelenia-gora.pl			False	Exception calling "GetResult" with "0" argument(s): "An error occurred while sending the request."	request-failure	0	0		https://jelenia-gora.pl/	jelenia-gora.pl			False	Exception calling "GetResult" with "0" argument(s): "An error occurred while sending the request."	not-resolved	no-automatic-action
jevnaker.no	2026-07-21T17:18:53.0850255+00:00	failed			Exception calling "Wait" with "1" argument(s): "One or more errors occurred."	request-failure	0	0		http://jevnaker.no/	jevnaker.no			False	Exception calling "GetResult" with "0" argument(s): "An error occurred while sending the request."	request-failure	0	0		https://jevnaker.no/	jevnaker.no			False	Exception calling "GetResult" with "0" argument(s): "An error occurred while sending the request."	not-resolved	no-automatic-action
jgora.pl	2026-07-21T17:18:54.1496815+00:00	failed			Exception calling "Wait" with "1" argument(s): "One or more errors occurred."	request-failure	0	0		http://jgora.pl/	jgora.pl			False	Exception calling "GetResult" with "0" argument(s): "An error occurred while sending the request."	request-failure	0	0		https://jgora.pl/	jgora.pl			False	Exception calling "GetResult" with "0" argument(s): "An error occurred while sending the request."	not-resolved	no-automatic-action
jl.cn	2026-07-21T17:18:55.1908800+00:00	failed			Exception calling "Wait" with "1" argument(s): "One or more errors occurred."	request-failure	0	0		http://jl.cn/	jl.cn			False	Exception calling "GetResult" with "0" argument(s): "An error occurred while sending the request."	request-failure	0	0		https://jl.cn/	jl.cn			False	Exception calling "GetResult" with "0" argument(s): "An error occurred while sending the request."	not-resolved	no-automatic-action
joinville.br	2026-07-21T17:18:56.4298828+00:00	failed			Exception calling "Wait" with "1" argument(s): "One or more errors occurred."	request-failure	0	0		http://joinville.br/	joinville.br			False	Exception calling "GetResult" with "0" argument(s): "An error occurred while sending the request."	request-failure	0	0		https://joinville.br/	joinville.br			False	Exception calling "GetResult" with "0" argument(s): "An error occurred while sending the request."	not-resolved	no-automatic-action
jor.br	2026-07-21T17:18:57.6263806+00:00	failed			Exception calling "Wait" with "1" argument(s): "One or more errors occurred."	request-failure	0	0		http://jor.br/	jor.br			False	Exception calling "GetResult" with "0" argument(s): "An error occurred while sending the request."	request-failure	0	0		https://jor.br/	jor.br			False	Exception calling "GetResult" with "0" argument(s): "An error occurred while sending the request."	not-resolved	no-automatic-action
jotelulu.cloud	2026-07-21T17:18:58.8575223+00:00	failed			Exception calling "Wait" with "1" argument(s): "One or more errors occurred."	request-failure	0	0		http://jotelulu.cloud/	jotelulu.cloud			False	Exception calling "GetResult" with "0" argument(s): "An error occurred while sending the request."	request-failure	0	0		https://jotelulu.cloud/	jotelulu.cloud			False	Exception calling "GetResult" with "0" argument(s): "An error occurred while sending the request."	not-resolved	no-automatic-action
jpn.org	2026-07-21T17:19:00.0225037+00:00	failed			Exception calling "Wait" with "1" argument(s): "One or more errors occurred."	request-failure	0	0		http://jpn.org/	jpn.org			False	Exception calling "GetResult" with "0" argument(s): "An error occurred while sending the request."	request-failure	0	0		https://jpn.org/	jpn.org			False	Exception calling "GetResult" with "0" argument(s): "An error occurred while sending the request."	not-resolved	no-automatic-action
js.cn	2026-07-21T17:19:01.3557357+00:00	failed			Exception calling "Wait" with "1" argument(s): "One or more errors occurred."	request-failure	0	0		http://js.cn/	js.cn			False	Exception calling "GetResult" with "0" argument(s): "An error occurred while sending the request."	request-failure	0	0		https://js.cn/	js.cn			False	Exception calling "GetResult" with "0" argument(s): "An error occurred while sending the request."	not-resolved	no-automatic-action
ju.mp	2026-07-21T17:19:02.6178819+00:00	resolved	127.0.0.1			request-failure	0	0		http://ju.mp/	ju.mp			False	Exception calling "GetResult" with "0" argument(s): "An error occurred while sending the request."	request-failure	0	0		https://ju.mp/	ju.mp			False	Exception calling "GetResult" with "0" argument(s): "An error occurred while sending the request."	dns-only	retest-or-review-exact-host
jus.br	2026-07-21T17:19:08.0579783+00:00	failed			Exception calling "Wait" with "1" argument(s): "One or more errors occurred."	request-failure	0	0		http://jus.br/	jus.br			False	Exception calling "GetResult" with "0" argument(s): "An error occurred while sending the request."	request-failure	0	0		https://jus.br/	jus.br			False	Exception calling "GetResult" with "0" argument(s): "An error occurred while sending the request."	not-resolved	no-automatic-action
jx.cn	2026-07-21T17:19:09.3053059+00:00	failed			Exception calling "Wait" with "1" argument(s): "One or more errors occurred."	request-failure	0	0		http://jx.cn/	jx.cn			False	Exception calling "GetResult" with "0" argument(s): "An error occurred while sending the request."	request-failure	0	0		https://jx.cn/	jx.cn			False	Exception calling "GetResult" with "0" argument(s): "An error occurred while sending the request."	not-resolved	no-automatic-action
k12.al.us	2026-07-21T17:19:10.6251470+00:00	failed			Exception calling "Wait" with "1" argument(s): "One or more errors occurred."	request-failure	0	0		http://k12.al.us/	k12.al.us			False	Exception calling "GetResult" with "0" argument(s): "An error occurred while sending the request."	request-failure	0	0		https://k12.al.us/	k12.al.us			False	Exception calling "GetResult" with "0" argument(s): "An error occurred while sending the request."	not-resolved	no-automatic-action
k12.ca.us	2026-07-21T17:19:11.8871146+00:00	failed			Exception calling "Wait" with "1" argument(s): "One or more errors occurred."	request-failure	0	0		http://k12.ca.us/	k12.ca.us			False	Exception calling "GetResult" with "0" argument(s): "An error occurred while sending the request."	request-failure	0	0		https://k12.ca.us/	k12.ca.us			False	Exception calling "GetResult" with "0" argument(s): "An error occurred while sending the request."	not-resolved	no-automatic-action
k12.co.us	2026-07-21T17:19:12.9298282+00:00	failed			Exception calling "Wait" with "1" argument(s): "One or more errors occurred."	request-failure	0	0		http://k12.co.us/	k12.co.us			False	Exception calling "GetResult" with "0" argument(s): "An error occurred while sending the request."	request-failure	0	0		https://k12.co.us/	k12.co.us			False	Exception calling "GetResult" with "0" argument(s): "An error occurred while sending the request."	not-resolved	no-automatic-action
k12.ct.us	2026-07-21T17:19:14.0163579+00:00	failed			Exception calling "Wait" with "1" argument(s): "One or more errors occurred."	request-failure	0	0		http://k12.ct.us/	k12.ct.us			False	Exception calling "GetResult" with "0" argument(s): "An error occurred while sending the request."	request-failure	0	0		https://k12.ct.us/	k12.ct.us			False	Exception calling "GetResult" with "0" argument(s): "An error occurred while sending the request."	not-resolved	no-automatic-action
k12.ec	2026-07-21T17:19:15.1704267+00:00	failed			Exception calling "Wait" with "1" argument(s): "One or more errors occurred."	request-failure	0	0		http://k12.ec/	k12.ec			False	Exception calling "GetResult" with "0" argument(s): "An error occurred while sending the request."	request-failure	0	0		https://k12.ec/	k12.ec			False	Exception calling "GetResult" with "0" argument(s): "An error occurred while sending the request."	not-resolved	no-automatic-action
k12.fl.us	2026-07-21T17:19:16.2502497+00:00	failed			Exception calling "Wait" with "1" argument(s): "One or more errors occurred."	request-failure	0	0		http://k12.fl.us/	k12.fl.us			False	Exception calling "GetResult" with "0" argument(s): "An error occurred while sending the request."	request-failure	0	0		https://k12.fl.us/	k12.fl.us			False	Exception calling "GetResult" with "0" argument(s): "An error occurred while sending the request."	not-resolved	no-automatic-action
k12.il	2026-07-21T17:19:18.9232373+00:00	failed			Exception calling "Wait" with "1" argument(s): "One or more errors occurred."	request-failure	0	0		http://k12.il/	k12.il			False	Exception calling "GetResult" with "0" argument(s): "An error occurred while sending the request."	request-failure	0	0		https://k12.il/	k12.il			False	Exception calling "GetResult" with "0" argument(s): "An error occurred while sending the request."	not-resolved	no-automatic-action
k12.ks.us	2026-07-21T17:19:19.9393097+00:00	failed			Exception calling "Wait" with "1" argument(s): "One or more errors occurred."	request-failure	0	0		http://k12.ks.us/	k12.ks.us			False	Exception calling "GetResult" with "0" argument(s): "An error occurred while sending the request."	request-failure	0	0		https://k12.ks.us/	k12.ks.us			False	Exception calling "GetResult" with "0" argument(s): "An error occurred while sending the request."	not-resolved	no-automatic-action
k12.mi.us	2026-07-21T17:19:21.0275271+00:00	failed			Exception calling "Wait" with "1" argument(s): "One or more errors occurred."	request-failure	0	0		http://k12.mi.us/	k12.mi.us			False	Exception calling "GetResult" with "0" argument(s): "An error occurred while sending the request."	request-failure	0	0		https://k12.mi.us/	k12.mi.us			False	Exception calling "GetResult" with "0" argument(s): "An error occurred while sending the request."	not-resolved	no-automatic-action
k12.ms.us	2026-07-21T17:19:22.2198991+00:00	failed			Exception calling "Wait" with "1" argument(s): "One or more errors occurred."	request-failure	0	0		http://k12.ms.us/	k12.ms.us			False	Exception calling "GetResult" with "0" argument(s): "An error occurred while sending the request."	request-failure	0	0		https://k12.ms.us/	k12.ms.us			False	Exception calling "GetResult" with "0" argument(s): "An error occurred while sending the request."	not-resolved	no-automatic-action
k12.nm.us	2026-07-21T17:19:23.5132262+00:00	failed			Exception calling "Wait" with "1" argument(s): "One or more errors occurred."	request-failure	0	0		http://k12.nm.us/	k12.nm.us			False	Exception calling "GetResult" with "0" argument(s): "An error occurred while sending the request."	request-failure	0	0		https://k12.nm.us/	k12.nm.us			False	Exception calling "GetResult" with "0" argument(s): "An error occurred while sending the request."	not-resolved	no-automatic-action
k12.ny.us	2026-07-21T17:19:24.7125433+00:00	failed			Exception calling "Wait" with "1" argument(s): "One or more errors occurred."	request-failure	0	0		http://k12.ny.us/	k12.ny.us			False	Exception calling "GetResult" with "0" argument(s): "An error occurred while sending the request."	request-failure	0	0		https://k12.ny.us/	k12.ny.us			False	Exception calling "GetResult" with "0" argument(s): "An error occurred while sending the request."	not-resolved	no-automatic-action
k12.pa.us	2026-07-21T17:19:25.7869881+00:00	failed			Exception calling "Wait" with "1" argument(s): "One or more errors occurred."	request-failure	0	0		http://k12.pa.us/	k12.pa.us			False	Exception calling "GetResult" with "0" argument(s): "An error occurred while sending the request."	request-failure	0	0		https://k12.pa.us/	k12.pa.us			False	Exception calling "GetResult" with "0" argument(s): "An error occurred while sending the request."	not-resolved	no-automatic-action
k12.tr	2026-07-21T17:19:27.1534256+00:00	failed			Exception calling "Wait" with "1" argument(s): "One or more errors occurred."	request-failure	0	0		http://k12.tr/	k12.tr			False	Exception calling "GetResult" with "0" argument(s): "An error occurred while sending the request."	request-failure	0	0		https://k12.tr/	k12.tr			False	Exception calling "GetResult" with "0" argument(s): "An error occurred while sending the request."	not-resolved	no-automatic-action
k12.wa.us	2026-07-21T17:19:28.2060622+00:00	resolved	198.239.146.20	2620:12a:8000::1,2620:12a:8001::1		request-failure	301	1	https://k12.wa.us/	http://k12.wa.us/	k12.wa.us	text/html	nginx	False	Exception calling "GetResult" with "0" argument(s): "An error occurred while sending the request."	request-failure	0	0		https://k12.wa.us/	k12.wa.us			False	Exception calling "GetResult" with "0" argument(s): "An error occurred while sending the request."	dns-only	retest-or-review-exact-host
k12.wy.us	2026-07-21T17:19:29.5863710+00:00	resolved	146.166.133.14			timeout	0	0		http://k12.wy.us/	k12.wy.us			False	Exception calling "GetResult" with "0" argument(s): "A task was canceled."	timeout	0	0		https://k12.wy.us/	k12.wy.us			False	Exception calling "GetResult" with "0" argument(s): "A task was canceled."	temporarily-inconclusive	retest-later
kagawa.jp	2026-07-21T17:20:10.6912602+00:00	failed			Exception calling "Wait" with "1" argument(s): "One or more errors occurred."	request-failure	0	0		http://kagawa.jp/	kagawa.jp			False	Exception calling "GetResult" with "0" argument(s): "An error occurred while sending the request."	request-failure	0	0		https://kagawa.jp/	kagawa.jp			False	Exception calling "GetResult" with "0" argument(s): "An error occurred while sending the request."	not-resolved	no-automatic-action
kagoshima.jp	2026-07-21T17:20:11.7241681+00:00	failed			Exception calling "Wait" with "1" argument(s): "One or more errors occurred."	request-failure	0	0		http://kagoshima.jp/	kagoshima.jp			False	Exception calling "GetResult" with "0" argument(s): "An error occurred while sending the request."	request-failure	0	0		https://kagoshima.jp/	kagoshima.jp			False	Exception calling "GetResult" with "0" argument(s): "An error occurred while sending the request."	not-resolved	no-automatic-action
kalisz.pl	2026-07-21T17:20:13.0207292+00:00	failed			Exception calling "Wait" with "1" argument(s): "One or more errors occurred."	request-failure	0	0		http://kalisz.pl/	kalisz.pl			False	Exception calling "GetResult" with "0" argument(s): "An error occurred while sending the request."	request-failure	0	0		https://kalisz.pl/	kalisz.pl			False	Exception calling "GetResult" with "0" argument(s): "An error occurred while sending the request."	not-resolved	no-automatic-action
kanagawa.jp	2026-07-21T17:20:14.0508822+00:00	failed			Exception calling "Wait" with "1" argument(s): "One or more errors occurred."	request-failure	0	0		http://kanagawa.jp/	kanagawa.jp			False	Exception calling "GetResult" with "0" argument(s): "An error occurred while sending the request."	request-failure	0	0		https://kanagawa.jp/	kanagawa.jp			False	Exception calling "GetResult" with "0" argument(s): "An error occurred while sending the request."	not-resolved	no-automatic-action
karpacz.pl	2026-07-21T17:20:15.1071526+00:00	failed			Exception calling "Wait" with "1" argument(s): "One or more errors occurred."	request-failure	0	0		http://karpacz.pl/	karpacz.pl			False	Exception calling "GetResult" with "0" argument(s): "An error occurred while sending the request."	request-failure	0	0		https://karpacz.pl/	karpacz.pl			False	Exception calling "GetResult" with "0" argument(s): "An error occurred while sending the request."	not-resolved	no-automatic-action
kartuzy.pl	2026-07-21T17:20:16.1540138+00:00	failed			Exception calling "Wait" with "1" argument(s): "One or more errors occurred."	request-failure	0	0		http://kartuzy.pl/	kartuzy.pl			False	Exception calling "GetResult" with "0" argument(s): "An error occurred while sending the request."	request-failure	0	0		https://kartuzy.pl/	kartuzy.pl			False	Exception calling "GetResult" with "0" argument(s): "An error occurred while sending the request."	not-resolved	no-automatic-action
kaszuby.pl	2026-07-21T17:20:17.1991696+00:00	failed			Exception calling "Wait" with "1" argument(s): "One or more errors occurred."	request-failure	0	0		http://kaszuby.pl/	kaszuby.pl			False	Exception calling "GetResult" with "0" argument(s): "An error occurred while sending the request."	request-failure	0	0		https://kaszuby.pl/	kaszuby.pl			False	Exception calling "GetResult" with "0" argument(s): "An error occurred while sending the request."	not-resolved	no-automatic-action
katowice.pl	2026-07-21T17:20:18.2267846+00:00	failed			Exception calling "Wait" with "1" argument(s): "One or more errors occurred."	request-failure	0	0		http://katowice.pl/	katowice.pl			False	Exception calling "GetResult" with "0" argument(s): "An error occurred while sending the request."	request-failure	0	0		https://katowice.pl/	katowice.pl			False	Exception calling "GetResult" with "0" argument(s): "An error occurred while sending the request."	not-resolved	no-automatic-action
kawanehon.shizuoka.jp	2026-07-21T17:20:19.2769790+00:00	failed			Exception calling "Wait" with "1" argument(s): "One or more errors occurred."	request-failure	0	0		http://kawanehon.shizuoka.jp/	kawanehon.shizuoka.jp			False	Exception calling "GetResult" with "0" argument(s): "An error occurred while sending the request."	request-failure	0	0		https://kawanehon.shizuoka.jp/	kawanehon.shizuoka.jp			False	Exception calling "GetResult" with "0" argument(s): "An error occurred while sending the request."	not-resolved	no-automatic-action
kazimierz-dolny.pl	2026-07-21T17:20:20.6034852+00:00	failed			Exception calling "Wait" with "1" argument(s): "One or more errors occurred."	request-failure	0	0		http://kazimierz-dolny.pl/	kazimierz-dolny.pl			False	Exception calling "GetResult" with "0" argument(s): "An error occurred while sending the request."	request-failure	0	0		https://kazimierz-dolny.pl/	kazimierz-dolny.pl			False	Exception calling "GetResult" with "0" argument(s): "An error occurred while sending the request."	not-resolved	no-automatic-action
keenetic.io	2026-07-21T17:20:21.6624070+00:00	failed			Exception calling "Wait" with "1" argument(s): "One or more errors occurred."	request-failure	0	0		http://keenetic.io/	keenetic.io			False	Exception calling "GetResult" with "0" argument(s): "An error occurred while sending the request."	request-failure	0	0		https://keenetic.io/	keenetic.io			False	Exception calling "GetResult" with "0" argument(s): "An error occurred while sending the request."	not-resolved	no-automatic-action
keliweb.cloud	2026-07-21T17:20:22.7345500+00:00	failed			Exception calling "Wait" with "1" argument(s): "One or more errors occurred."	request-failure	0	0		http://keliweb.cloud/	keliweb.cloud			False	Exception calling "GetResult" with "0" argument(s): "An error occurred while sending the request."	request-failure	0	0		https://keliweb.cloud/	keliweb.cloud			False	Exception calling "GetResult" with "0" argument(s): "An error occurred while sending the request."	not-resolved	no-automatic-action
kep.tr	2026-07-21T17:20:23.8157752+00:00	failed			Exception calling "Wait" with "1" argument(s): "One or more errors occurred."	request-failure	0	0		http://kep.tr/	kep.tr			False	Exception calling "GetResult" with "0" argument(s): "An error occurred while sending the request."	request-failure	0	0		https://kep.tr/	kep.tr			False	Exception calling "GetResult" with "0" argument(s): "An error occurred while sending the request."	not-resolved	no-automatic-action
kepno.pl	2026-07-21T17:20:24.8869572+00:00	failed			Exception calling "Wait" with "1" argument(s): "One or more errors occurred."	request-failure	0	0		http://kepno.pl/	kepno.pl			False	Exception calling "GetResult" with "0" argument(s): "An error occurred while sending the request."	request-failure	0	0		https://kepno.pl/	kepno.pl			False	Exception calling "GetResult" with "0" argument(s): "An error occurred while sending the request."	not-resolved	no-automatic-action
ketrzyn.pl	2026-07-21T17:20:25.9345487+00:00	failed			Exception calling "Wait" with "1" argument(s): "One or more errors occurred."	request-failure	0	0		http://ketrzyn.pl/	ketrzyn.pl			False	Exception calling "GetResult" with "0" argument(s): "An error occurred while sending the request."	request-failure	0	0		https://ketrzyn.pl/	ketrzyn.pl			False	Exception calling "GetResult" with "0" argument(s): "An error occurred while sending the request."	not-resolved	no-automatic-action
kg.kr	2026-07-21T17:20:26.9886006+00:00	failed			Exception calling "Wait" with "1" argument(s): "One or more errors occurred."	request-failure	0	0		http://kg.kr/	kg.kr			False	Exception calling "GetResult" with "0" argument(s): "An error occurred while sending the request."	request-failure	0	0		https://kg.kr/	kg.kr			False	Exception calling "GetResult" with "0" argument(s): "An error occurred while sending the request."	not-resolved	no-automatic-action
kiev.ua	2026-07-21T17:20:28.3055201+00:00	failed			Exception calling "Wait" with "1" argument(s): "One or more errors occurred."	request-failure	0	0		http://kiev.ua/	kiev.ua			False	Exception calling "GetResult" with "0" argument(s): "An error occurred while sending the request."	request-failure	0	0		https://kiev.ua/	kiev.ua			False	Exception calling "GetResult" with "0" argument(s): "An error occurred while sending the request."	not-resolved	no-automatic-action
kirara.st	2026-07-21T17:20:29.3372421+00:00	failed			Exception calling "Wait" with "1" argument(s): "One or more errors occurred."	request-failure	0	0		http://kirara.st/	kirara.st			False	Exception calling "GetResult" with "0" argument(s): "An error occurred while sending the request."	request-failure	0	0		https://kirara.st/	kirara.st			False	Exception calling "GetResult" with "0" argument(s): "An error occurred while sending the request."	not-resolved	no-automatic-action
kirkenes.no	2026-07-21T17:20:30.6384346+00:00	failed			Exception calling "Wait" with "1" argument(s): "One or more errors occurred."	request-failure	0	0		http://kirkenes.no/	kirkenes.no			False	Exception calling "GetResult" with "0" argument(s): "An error occurred while sending the request."	request-failure	0	0		https://kirkenes.no/	kirkenes.no			False	Exception calling "GetResult" with "0" argument(s): "An error occurred while sending the request."	not-resolved	no-automatic-action
kiwi.nz	2026-07-21T17:20:31.7086576+00:00	failed			Exception calling "Wait" with "1" argument(s): "One or more errors occurred."	request-failure	0	0		http://kiwi.nz/	kiwi.nz			False	Exception calling "GetResult" with "0" argument(s): "An error occurred while sending the request."	request-failure	0	0		https://kiwi.nz/	kiwi.nz			False	Exception calling "GetResult" with "0" argument(s): "An error occurred while sending the request."	not-resolved	no-automatic-action
klodzko.pl	2026-07-21T17:20:33.0243747+00:00	failed			Exception calling "Wait" with "1" argument(s): "One or more errors occurred."	request-failure	0	0		http://klodzko.pl/	klodzko.pl			False	Exception calling "GetResult" with "0" argument(s): "An error occurred while sending the request."	request-failure	0	0		https://klodzko.pl/	klodzko.pl			False	Exception calling "GetResult" with "0" argument(s): "An error occurred while sending the request."	not-resolved	no-automatic-action
knightpoint.systems	2026-07-21T17:20:34.0749162+00:00	failed			Exception calling "Wait" with "1" argument(s): "One or more errors occurred."	request-failure	0	0		http://knightpoint.systems/	knightpoint.systems			False	Exception calling "GetResult" with "0" argument(s): "An error occurred while sending the request."	request-failure	0	0		https://knightpoint.systems/	knightpoint.systems			False	Exception calling "GetResult" with "0" argument(s): "An error occurred while sending the request."	not-resolved	no-automatic-action
kobierzyce.pl	2026-07-21T17:20:35.5120680+00:00	failed			Exception calling "Wait" with "1" argument(s): "One or more errors occurred."	request-failure	0	0		http://kobierzyce.pl/	kobierzyce.pl			False	Exception calling "GetResult" with "0" argument(s): "An error occurred while sending the request."	request-failure	0	0		https://kobierzyce.pl/	kobierzyce.pl			False	Exception calling "GetResult" with "0" argument(s): "An error occurred while sending the request."	not-resolved	no-automatic-action
kochi.jp	2026-07-21T17:20:36.5602703+00:00	failed			Exception calling "Wait" with "1" argument(s): "One or more errors occurred."	request-failure	0	0		http://kochi.jp/	kochi.jp			False	Exception calling "GetResult" with "0" argument(s): "An error occurred while sending the request."	request-failure	0	0		https://kochi.jp/	kochi.jp			False	Exception calling "GetResult" with "0" argument(s): "An error occurred while sending the request."	not-resolved	no-automatic-action
kolobrzeg.pl	2026-07-21T17:20:37.7179464+00:00	failed			Exception calling "Wait" with "1" argument(s): "One or more errors occurred."	request-failure	0	0		http://kolobrzeg.pl/	kolobrzeg.pl			False	Exception calling "GetResult" with "0" argument(s): "An error occurred while sending the request."	request-failure	0	0		https://kolobrzeg.pl/	kolobrzeg.pl			False	Exception calling "GetResult" with "0" argument(s): "An error occurred while sending the request."	not-resolved	no-automatic-action
kommune.no	2026-07-21T17:20:38.7507235+00:00	failed			Exception calling "Wait" with "1" argument(s): "One or more errors occurred."	request-failure	0	0		http://kommune.no/	kommune.no			False	Exception calling "GetResult" with "0" argument(s): "An error occurred while sending the request."	request-failure	0	0		https://kommune.no/	kommune.no			False	Exception calling "GetResult" with "0" argument(s): "An error occurred while sending the request."	not-resolved	no-automatic-action
kongsberg.no	2026-07-21T17:20:39.8106755+00:00	failed			Exception calling "Wait" with "1" argument(s): "One or more errors occurred."	request-failure	0	0		http://kongsberg.no/	kongsberg.no			False	Exception calling "GetResult" with "0" argument(s): "An error occurred while sending the request."	request-failure	0	0		https://kongsberg.no/	kongsberg.no			False	Exception calling "GetResult" with "0" argument(s): "An error occurred while sending the request."	not-resolved	no-automatic-action
konin.pl	2026-07-21T17:20:40.8656777+00:00	failed			Exception calling "Wait" with "1" argument(s): "One or more errors occurred."	request-failure	0	0		http://konin.pl/	konin.pl			False	Exception calling "GetResult" with "0" argument(s): "An error occurred while sending the request."	request-failure	0	0		https://konin.pl/	konin.pl			False	Exception calling "GetResult" with "0" argument(s): "An error occurred while sending the request."	not-resolved	no-automatic-action
konskowola.pl	2026-07-21T17:20:41.8933929+00:00	failed			Exception calling "Wait" with "1" argument(s): "One or more errors occurred."	request-failure	0	0		http://konskowola.pl/	konskowola.pl			False	Exception calling "GetResult" with "0" argument(s): "An error occurred while sending the request."	request-failure	0	0		https://konskowola.pl/	konskowola.pl			False	Exception calling "GetResult" with "0" argument(s): "An error occurred while sending the request."	not-resolved	no-automatic-action
koobin.events	2026-07-21T17:20:42.9353367+00:00	failed			Exception calling "Wait" with "1" argument(s): "One or more errors occurred."	request-failure	0	0		http://koobin.events/	koobin.events			False	Exception calling "GetResult" with "0" argument(s): "An error occurred while sending the request."	request-failure	0	0		https://koobin.events/	koobin.events			False	Exception calling "GetResult" with "0" argument(s): "An error occurred while sending the request."	not-resolved	no-automatic-action
kr.it	2026-07-21T17:20:43.9854062+00:00	failed			Exception calling "Wait" with "1" argument(s): "One or more errors occurred."	request-failure	0	0		http://kr.it/	kr.it			False	Exception calling "GetResult" with "0" argument(s): "An error occurred while sending the request."	request-failure	0	0		https://kr.it/	kr.it			False	Exception calling "GetResult" with "0" argument(s): "An error occurred while sending the request."	not-resolved	no-automatic-action
kragero.no	2026-07-21T17:20:45.0207058+00:00	failed			Exception calling "Wait" with "1" argument(s): "One or more errors occurred."	request-failure	0	0		http://kragero.no/	kragero.no			False	Exception calling "GetResult" with "0" argument(s): "An error occurred while sending the request."	request-failure	0	0		https://kragero.no/	kragero.no			False	Exception calling "GetResult" with "0" argument(s): "An error occurred while sending the request."	not-resolved	no-automatic-action
kristiansand.no	2026-07-21T17:20:46.1048326+00:00	failed			Exception calling "Wait" with "1" argument(s): "One or more errors occurred."	request-failure	0	0		http://kristiansand.no/	kristiansand.no			False	Exception calling "GetResult" with "0" argument(s): "An error occurred while sending the request."	request-failure	0	0		https://kristiansand.no/	kristiansand.no			False	Exception calling "GetResult" with "0" argument(s): "An error occurred while sending the request."	not-resolved	no-automatic-action
kristiansund.no	2026-07-21T17:20:47.1893410+00:00	failed			Exception calling "Wait" with "1" argument(s): "One or more errors occurred."	request-failure	0	0		http://kristiansund.no/	kristiansund.no			False	Exception calling "GetResult" with "0" argument(s): "An error occurred while sending the request."	request-failure	0	0		https://kristiansund.no/	kristiansund.no			False	Exception calling "GetResult" with "0" argument(s): "An error occurred while sending the request."	not-resolved	no-automatic-action
ks.us	2026-07-21T17:20:48.2854397+00:00	failed			Exception calling "Wait" with "1" argument(s): "One or more errors occurred."	request-failure	0	0		http://ks.us/	ks.us			False	Exception calling "GetResult" with "0" argument(s): "An error occurred while sending the request."	request-failure	0	0		https://ks.us/	ks.us			False	Exception calling "GetResult" with "0" argument(s): "An error occurred while sending the request."	not-resolved	no-automatic-action
kumamoto.jp	2026-07-21T17:20:49.4386145+00:00	failed			Exception calling "Wait" with "1" argument(s): "One or more errors occurred."	request-failure	0	0		http://kumamoto.jp/	kumamoto.jp			False	Exception calling "GetResult" with "0" argument(s): "An error occurred while sending the request."	request-failure	0	0		https://kumamoto.jp/	kumamoto.jp			False	Exception calling "GetResult" with "0" argument(s): "An error occurred while sending the request."	not-resolved	no-automatic-action
kutno.pl	2026-07-21T17:20:50.5038848+00:00	failed			Exception calling "Wait" with "1" argument(s): "One or more errors occurred."	request-failure	0	0		http://kutno.pl/	kutno.pl			False	Exception calling "GetResult" with "0" argument(s): "An error occurred while sending the request."	request-failure	0	0		https://kutno.pl/	kutno.pl			False	Exception calling "GetResult" with "0" argument(s): "An error occurred while sending the request."	not-resolved	no-automatic-action
kvam.no	2026-07-21T17:20:51.5570059+00:00	failed			Exception calling "Wait" with "1" argument(s): "One or more errors occurred."	request-failure	0	0		http://kvam.no/	kvam.no			False	Exception calling "GetResult" with "0" argument(s): "An error occurred while sending the request."	request-failure	0	0		https://kvam.no/	kvam.no			False	Exception calling "GetResult" with "0" argument(s): "An error occurred while sending the request."	not-resolved	no-automatic-action
kvinesdal.no	2026-07-21T17:20:52.6394298+00:00	failed			Exception calling "Wait" with "1" argument(s): "One or more errors occurred."	request-failure	0	0		http://kvinesdal.no/	kvinesdal.no			False	Exception calling "GetResult" with "0" argument(s): "An error occurred while sending the request."	request-failure	0	0		https://kvinesdal.no/	kvinesdal.no			False	Exception calling "GetResult" with "0" argument(s): "An error occurred while sending the request."	not-resolved	no-automatic-action
ky.us	2026-07-21T17:20:53.6924405+00:00	failed			Exception calling "Wait" with "1" argument(s): "One or more errors occurred."	request-failure	0	0		http://ky.us/	ky.us			False	Exception calling "GetResult" with "0" argument(s): "An error occurred while sending the request."	request-failure	0	0		https://ky.us/	ky.us			False	Exception calling "GetResult" with "0" argument(s): "An error occurred while sending the request."	not-resolved	no-automatic-action
kyoto.jp	2026-07-21T17:20:54.7348771+00:00	failed			Exception calling "Wait" with "1" argument(s): "One or more errors occurred."	request-failure	0	0		http://kyoto.jp/	kyoto.jp			False	Exception calling "GetResult" with "0" argument(s): "An error occurred while sending the request."	request-failure	0	0		https://kyoto.jp/	kyoto.jp			False	Exception calling "GetResult" with "0" argument(s): "An error occurred while sending the request."	not-resolved	no-automatic-action
la.us	2026-07-21T17:20:55.7857588+00:00	failed			Exception calling "Wait" with "1" argument(s): "One or more errors occurred."	request-failure	0	0		http://la.us/	la.us			False	Exception calling "GetResult" with "0" argument(s): "An error occurred while sending the request."	request-failure	0	0		https://la.us/	la.us			False	Exception calling "GetResult" with "0" argument(s): "An error occurred while sending the request."	not-resolved	no-automatic-action
langson.vn	2026-07-21T17:20:56.8429542+00:00	failed			Exception calling "Wait" with "1" argument(s): "One or more errors occurred."	request-failure	0	0		http://langson.vn/	langson.vn			False	Exception calling "GetResult" with "0" argument(s): "An error occurred while sending the request."	request-failure	0	0		https://langson.vn/	langson.vn			False	Exception calling "GetResult" with "0" argument(s): "An error occurred while sending the request."	not-resolved	no-automatic-action
lapy.pl	2026-07-21T17:20:57.9842113+00:00	failed			Exception calling "Wait" with "1" argument(s): "One or more errors occurred."	request-failure	0	0		http://lapy.pl/	lapy.pl			False	Exception calling "GetResult" with "0" argument(s): "An error occurred while sending the request."	request-failure	0	0		https://lapy.pl/	lapy.pl			False	Exception calling "GetResult" with "0" argument(s): "An error occurred while sending the request."	not-resolved	no-automatic-action
laquila.it	2026-07-21T17:20:59.0256324+00:00	failed			Exception calling "Wait" with "1" argument(s): "One or more errors occurred."	request-failure	0	0		http://laquila.it/	laquila.it			False	Exception calling "GetResult" with "0" argument(s): "An error occurred while sending the request."	request-failure	0	0		https://laquila.it/	laquila.it			False	Exception calling "GetResult" with "0" argument(s): "An error occurred while sending the request."	not-resolved	no-automatic-action
laspezia.it	2026-07-21T17:21:00.0800132+00:00	failed			Exception calling "Wait" with "1" argument(s): "One or more errors occurred."	request-failure	0	0		http://laspezia.it/	laspezia.it			False	Exception calling "GetResult" with "0" argument(s): "An error occurred while sending the request."	request-failure	0	0		https://laspezia.it/	laspezia.it			False	Exception calling "GetResult" with "0" argument(s): "An error occurred while sending the request."	not-resolved	no-automatic-action
latina.it	2026-07-21T17:21:01.1026200+00:00	failed			Exception calling "Wait" with "1" argument(s): "One or more errors occurred."	request-failure	0	0		http://latina.it/	latina.it			False	Exception calling "GetResult" with "0" argument(s): "An error occurred while sending the request."	request-failure	0	0		https://latina.it/	latina.it			False	Exception calling "GetResult" with "0" argument(s): "An error occurred while sending the request."	not-resolved	no-automatic-action
lazio.it	2026-07-21T17:21:02.1692661+00:00	failed			Exception calling "Wait" with "1" argument(s): "One or more errors occurred."	request-failure	0	0		http://lazio.it/	lazio.it			False	Exception calling "GetResult" with "0" argument(s): "An error occurred while sending the request."	request-failure	0	0		https://lazio.it/	lazio.it			False	Exception calling "GetResult" with "0" argument(s): "An error occurred while sending the request."	not-resolved	no-automatic-action
lc.it	2026-07-21T17:21:03.2223574+00:00	failed			Exception calling "Wait" with "1" argument(s): "One or more errors occurred."	request-failure	0	0		http://lc.it/	lc.it			False	Exception calling "GetResult" with "0" argument(s): "An error occurred while sending the request."	request-failure	0	0		https://lc.it/	lc.it			False	Exception calling "GetResult" with "0" argument(s): "An error occurred while sending the request."	not-resolved	no-automatic-action
le.it	2026-07-21T17:21:04.2623148+00:00	failed			Exception calling "Wait" with "1" argument(s): "One or more errors occurred."	request-failure	0	0		http://le.it/	le.it			False	Exception calling "GetResult" with "0" argument(s): "An error occurred while sending the request."	request-failure	0	0		https://le.it/	le.it			False	Exception calling "GetResult" with "0" argument(s): "An error occurred while sending the request."	not-resolved	no-automatic-action
leadpages.co	2026-07-21T17:21:05.3002953+00:00	failed			Exception calling "Wait" with "1" argument(s): "One or more errors occurred."	request-failure	0	0		http://leadpages.co/	leadpages.co			False	Exception calling "GetResult" with "0" argument(s): "An error occurred while sending the request."	request-failure	0	0		https://leadpages.co/	leadpages.co			False	Exception calling "GetResult" with "0" argument(s): "An error occurred while sending the request."	not-resolved	no-automatic-action
lebork.pl	2026-07-21T17:21:06.3534341+00:00	failed			Exception calling "Wait" with "1" argument(s): "One or more errors occurred."	request-failure	0	0		http://lebork.pl/	lebork.pl			False	Exception calling "GetResult" with "0" argument(s): "An error occurred while sending the request."	request-failure	0	0		https://lebork.pl/	lebork.pl			False	Exception calling "GetResult" with "0" argument(s): "An error occurred while sending the request."	not-resolved	no-automatic-action
lecce.it	2026-07-21T17:21:07.5053814+00:00	failed			Exception calling "Wait" with "1" argument(s): "One or more errors occurred."	request-failure	0	0		http://lecce.it/	lecce.it			False	Exception calling "GetResult" with "0" argument(s): "An error occurred while sending the request."	request-failure	0	0		https://lecce.it/	lecce.it			False	Exception calling "GetResult" with "0" argument(s): "An error occurred while sending the request."	not-resolved	no-automatic-action
lecco.it	2026-07-21T17:21:08.5437238+00:00	failed			Exception calling "Wait" with "1" argument(s): "One or more errors occurred."	request-failure	0	0		http://lecco.it/	lecco.it			False	Exception calling "GetResult" with "0" argument(s): "An error occurred while sending the request."	request-failure	0	0		https://lecco.it/	lecco.it			False	Exception calling "GetResult" with "0" argument(s): "An error occurred while sending the request."	not-resolved	no-automatic-action
leg.br	2026-07-21T17:21:09.5793200+00:00	failed			Exception calling "Wait" with "1" argument(s): "One or more errors occurred."	request-failure	0	0		http://leg.br/	leg.br			False	Exception calling "GetResult" with "0" argument(s): "An error occurred while sending the request."	request-failure	0	0		https://leg.br/	leg.br			False	Exception calling "GetResult" with "0" argument(s): "An error occurred while sending the request."	not-resolved	no-automatic-action
legnica.pl	2026-07-21T17:21:10.7429431+00:00	failed			Exception calling "Wait" with "1" argument(s): "One or more errors occurred."	request-failure	0	0		http://legnica.pl/	legnica.pl			False	Exception calling "GetResult" with "0" argument(s): "An error occurred while sending the request."	request-failure	0	0		https://legnica.pl/	legnica.pl			False	Exception calling "GetResult" with "0" argument(s): "An error occurred while sending the request."	not-resolved	no-automatic-action
lel.br	2026-07-21T17:21:11.7831141+00:00	failed			Exception calling "Wait" with "1" argument(s): "One or more errors occurred."	request-failure	0	0		http://lel.br/	lel.br			False	Exception calling "GetResult" with "0" argument(s): "An error occurred while sending the request."	request-failure	0	0		https://lel.br/	lel.br			False	Exception calling "GetResult" with "0" argument(s): "An error occurred while sending the request."	not-resolved	no-automatic-action
lezajsk.pl	2026-07-21T17:21:12.9777084+00:00	failed			Exception calling "Wait" with "1" argument(s): "One or more errors occurred."	request-failure	0	0		http://lezajsk.pl/	lezajsk.pl			False	Exception calling "GetResult" with "0" argument(s): "An error occurred while sending the request."	request-failure	0	0		https://lezajsk.pl/	lezajsk.pl			False	Exception calling "GetResult" with "0" argument(s): "An error occurred while sending the request."	not-resolved	no-automatic-action
lg.jp	2026-07-21T17:21:14.0329448+00:00	failed			Exception calling "Wait" with "1" argument(s): "One or more errors occurred."	request-failure	0	0		http://lg.jp/	lg.jp			False	Exception calling "GetResult" with "0" argument(s): "An error occurred while sending the request."	request-failure	0	0		https://lg.jp/	lg.jp			False	Exception calling "GetResult" with "0" argument(s): "An error occurred while sending the request."	not-resolved	no-automatic-action
li.it	2026-07-21T17:21:15.0849197+00:00	failed			Exception calling "Wait" with "1" argument(s): "One or more errors occurred."	request-failure	0	0		http://li.it/	li.it			False	Exception calling "GetResult" with "0" argument(s): "An error occurred while sending the request."	request-failure	0	0		https://li.it/	li.it			False	Exception calling "GetResult" with "0" argument(s): "An error occurred while sending the request."	not-resolved	no-automatic-action
liara.run	2026-07-21T17:21:16.1156699+00:00	resolved	185.142.159.114			timeout	0	0		http://liara.run/	liara.run			False	Exception calling "GetResult" with "0" argument(s): "A task was canceled."	timeout	0	0		https://liara.run/	liara.run			False	Exception calling "GetResult" with "0" argument(s): "A task was canceled."	temporarily-inconclusive	retest-later
lib.az.us	2026-07-21T17:21:59.8311259+00:00	failed			Exception calling "Wait" with "1" argument(s): "One or more errors occurred."	request-failure	0	0		http://lib.az.us/	lib.az.us			False	Exception calling "GetResult" with "0" argument(s): "An error occurred while sending the request."	request-failure	0	0		https://lib.az.us/	lib.az.us			False	Exception calling "GetResult" with "0" argument(s): "An error occurred while sending the request."	not-resolved	no-automatic-action
lib.co.us	2026-07-21T17:22:00.9053908+00:00	failed			Exception calling "Wait" with "1" argument(s): "One or more errors occurred."	request-failure	0	0		http://lib.co.us/	lib.co.us			False	Exception calling "GetResult" with "0" argument(s): "An error occurred while sending the request."	request-failure	0	0		https://lib.co.us/	lib.co.us			False	Exception calling "GetResult" with "0" argument(s): "An error occurred while sending the request."	not-resolved	no-automatic-action
lib.ee	2026-07-21T17:22:01.9610949+00:00	failed			Exception calling "Wait" with "1" argument(s): "One or more errors occurred."	request-failure	0	0		http://lib.ee/	lib.ee			False	Exception calling "GetResult" with "0" argument(s): "An error occurred while sending the request."	request-failure	0	0		https://lib.ee/	lib.ee			False	Exception calling "GetResult" with "0" argument(s): "An error occurred while sending the request."	not-resolved	no-automatic-action
lib.wi.us	2026-07-21T17:22:03.0658582+00:00	failed			Exception calling "Wait" with "1" argument(s): "One or more errors occurred."	request-failure	0	0		http://lib.wi.us/	lib.wi.us			False	Exception calling "GetResult" with "0" argument(s): "An error occurred while sending the request."	request-failure	0	0		https://lib.wi.us/	lib.wi.us			False	Exception calling "GetResult" with "0" argument(s): "An error occurred while sending the request."	not-resolved	no-automatic-action
libp2p.direct	2026-07-21T17:22:04.2466547+00:00	failed			Exception calling "Wait" with "1" argument(s): "One or more errors occurred."	request-failure	0	0		http://libp2p.direct/	libp2p.direct			False	Exception calling "GetResult" with "0" argument(s): "An error occurred while sending the request."	request-failure	0	0		https://libp2p.direct/	libp2p.direct			False	Exception calling "GetResult" with "0" argument(s): "An error occurred while sending the request."	not-resolved	no-automatic-action
liguria.it	2026-07-21T17:22:05.3971016+00:00	failed			Exception calling "Wait" with "1" argument(s): "One or more errors occurred."	request-failure	0	0		http://liguria.it/	liguria.it			False	Exception calling "GetResult" with "0" argument(s): "An error occurred while sending the request."	request-failure	0	0		https://liguria.it/	liguria.it			False	Exception calling "GetResult" with "0" argument(s): "An error occurred while sending the request."	not-resolved	no-automatic-action
lillehammer.no	2026-07-21T17:22:06.4550710+00:00	failed			Exception calling "Wait" with "1" argument(s): "One or more errors occurred."	request-failure	0	0		http://lillehammer.no/	lillehammer.no			False	Exception calling "GetResult" with "0" argument(s): "An error occurred while sending the request."	request-failure	0	0		https://lillehammer.no/	lillehammer.no			False	Exception calling "GetResult" with "0" argument(s): "An error occurred while sending the request."	not-resolved	no-automatic-action
limanowa.pl	2026-07-21T17:22:07.5351235+00:00	failed			Exception calling "Wait" with "1" argument(s): "One or more errors occurred."	request-failure	0	0		http://limanowa.pl/	limanowa.pl			False	Exception calling "GetResult" with "0" argument(s): "An error occurred while sending the request."	request-failure	0	0		https://limanowa.pl/	limanowa.pl			False	Exception calling "GetResult" with "0" argument(s): "An error occurred while sending the request."	not-resolved	no-automatic-action
live-on.net	2026-07-21T17:22:08.5715775+00:00	failed			Exception calling "Wait" with "1" argument(s): "One or more errors occurred."	request-failure	0	0		http://live-on.net/	live-on.net			False	Exception calling "GetResult" with "0" argument(s): "An error occurred while sending the request."	request-failure	0	0		https://live-on.net/	live-on.net			False	Exception calling "GetResult" with "0" argument(s): "An error occurred while sending the request."	not-resolved	no-automatic-action
live-website.com	2026-07-21T17:22:10.0208533+00:00	failed			Exception calling "Wait" with "1" argument(s): "One or more errors occurred."	request-failure	0	0		http://live-website.com/	live-website.com			False	Exception calling "GetResult" with "0" argument(s): "An error occurred while sending the request."	request-failure	0	0		https://live-website.com/	live-website.com			False	Exception calling "GetResult" with "0" argument(s): "An error occurred while sending the request."	not-resolved	no-automatic-action
livorno.it	2026-07-21T17:22:11.0559598+00:00	failed			Exception calling "Wait" with "1" argument(s): "One or more errors occurred."	request-failure	0	0		http://livorno.it/	livorno.it			False	Exception calling "GetResult" with "0" argument(s): "An error occurred while sending the request."	request-failure	0	0		https://livorno.it/	livorno.it			False	Exception calling "GetResult" with "0" argument(s): "An error occurred while sending the request."	not-resolved	no-automatic-action
ln.cn	2026-07-21T17:22:12.0962833+00:00	failed			Exception calling "Wait" with "1" argument(s): "One or more errors occurred."	request-failure	0	0		http://ln.cn/	ln.cn			False	Exception calling "GetResult" with "0" argument(s): "An error occurred while sending the request."	request-failure	0	0		https://ln.cn/	ln.cn			False	Exception calling "GetResult" with "0" argument(s): "An error occurred while sending the request."	not-resolved	no-automatic-action
lo.it	2026-07-21T17:22:13.2723692+00:00	failed			Exception calling "Wait" with "1" argument(s): "One or more errors occurred."	request-failure	0	0		http://lo.it/	lo.it			False	Exception calling "GetResult" with "0" argument(s): "An error occurred while sending the request."	request-failure	0	0		https://lo.it/	lo.it			False	Exception calling "GetResult" with "0" argument(s): "An error occurred while sending the request."	not-resolved	no-automatic-action
lodi.it	2026-07-21T17:22:14.3120932+00:00	failed			Exception calling "Wait" with "1" argument(s): "One or more errors occurred."	request-failure	0	0		http://lodi.it/	lodi.it			False	Exception calling "GetResult" with "0" argument(s): "An error occurred while sending the request."	request-failure	0	0		https://lodi.it/	lodi.it			False	Exception calling "GetResult" with "0" argument(s): "An error occurred while sending the request."	not-resolved	no-automatic-action
log.br	2026-07-21T17:22:15.3518488+00:00	failed			Exception calling "Wait" with "1" argument(s): "One or more errors occurred."	request-failure	0	0		http://log.br/	log.br			False	Exception calling "GetResult" with "0" argument(s): "An error occurred while sending the request."	request-failure	0	0		https://log.br/	log.br			False	Exception calling "GetResult" with "0" argument(s): "An error occurred while sending the request."	not-resolved	no-automatic-action
lolipop.io	2026-07-21T17:22:16.4147129+00:00	failed			Exception calling "Wait" with "1" argument(s): "One or more errors occurred."	request-failure	0	0		http://lolipop.io/	lolipop.io			False	Exception calling "GetResult" with "0" argument(s): "An error occurred while sending the request."	request-failure	0	0		https://lolipop.io/	lolipop.io			False	Exception calling "GetResult" with "0" argument(s): "An error occurred while sending the request."	not-resolved	no-automatic-action
lolipopmc.jp	2026-07-21T17:22:18.0119276+00:00	failed			Exception calling "Wait" with "1" argument(s): "One or more errors occurred."	request-failure	0	0		http://lolipopmc.jp/	lolipopmc.jp			False	Exception calling "GetResult" with "0" argument(s): "An error occurred while sending the request."	request-failure	0	0		https://lolipopmc.jp/	lolipopmc.jp			False	Exception calling "GetResult" with "0" argument(s): "An error occurred while sending the request."	not-resolved	no-automatic-action
lom.no	2026-07-21T17:22:19.3039601+00:00	failed			Exception calling "Wait" with "1" argument(s): "One or more errors occurred."	request-failure	0	0		http://lom.no/	lom.no			False	Exception calling "GetResult" with "0" argument(s): "An error occurred while sending the request."	request-failure	0	0		https://lom.no/	lom.no			False	Exception calling "GetResult" with "0" argument(s): "An error occurred while sending the request."	not-resolved	no-automatic-action
lombardia.it	2026-07-21T17:22:20.3913148+00:00	failed			Exception calling "Wait" with "1" argument(s): "One or more errors occurred."	request-failure	0	0		http://lombardia.it/	lombardia.it			False	Exception calling "GetResult" with "0" argument(s): "An error occurred while sending the request."	request-failure	0	0		https://lombardia.it/	lombardia.it			False	Exception calling "GetResult" with "0" argument(s): "An error occurred while sending the request."	not-resolved	no-automatic-action
lomza.pl	2026-07-21T17:22:21.4160833+00:00	failed			Exception calling "Wait" with "1" argument(s): "One or more errors occurred."	request-failure	0	0		http://lomza.pl/	lomza.pl			False	Exception calling "GetResult" with "0" argument(s): "An error occurred while sending the request."	request-failure	0	0		https://lomza.pl/	lomza.pl			False	Exception calling "GetResult" with "0" argument(s): "An error occurred while sending the request."	not-resolved	no-automatic-action
lovableproject.com	2026-07-21T17:22:22.4790822+00:00	resolved	66.241.125.223	2a09:8280:1::39:1333:0		request-failure	0	0		http://lovableproject.com/	lovableproject.com			False	Exception calling "GetResult" with "0" argument(s): "An error occurred while sending the request."	request-failure	0	0		https://lovableproject.com/	lovableproject.com			False	Exception calling "GetResult" with "0" argument(s): "An error occurred while sending the request."	dns-only	retest-or-review-exact-host
lowicz.pl	2026-07-21T17:22:23.9481910+00:00	failed			Exception calling "Wait" with "1" argument(s): "One or more errors occurred."	request-failure	0	0		http://lowicz.pl/	lowicz.pl			False	Exception calling "GetResult" with "0" argument(s): "An error occurred while sending the request."	request-failure	0	0		https://lowicz.pl/	lowicz.pl			False	Exception calling "GetResult" with "0" argument(s): "An error occurred while sending the request."	not-resolved	no-automatic-action
lpages.co	2026-07-21T17:22:24.9798125+00:00	resolved	35.202.21.90			request-failure	301	1	https://lpages.co/	http://lpages.co/	lpages.co	text/html	Leadpages	False	Exception calling "GetResult" with "0" argument(s): "An error occurred while sending the request."	request-failure	0	0		https://lpages.co/	lpages.co			False	Exception calling "GetResult" with "0" argument(s): "An error occurred while sending the request."	dns-only	retest-or-review-exact-host
lt.it	2026-07-21T17:22:27.1552181+00:00	failed			Exception calling "Wait" with "1" argument(s): "One or more errors occurred."	request-failure	0	0		http://lt.it/	lt.it			False	Exception calling "GetResult" with "0" argument(s): "An error occurred while sending the request."	request-failure	0	0		https://lt.it/	lt.it			False	Exception calling "GetResult" with "0" argument(s): "An error occurred while sending the request."	not-resolved	no-automatic-action
lt.ua	2026-07-21T17:22:28.1917305+00:00	failed			Exception calling "Wait" with "1" argument(s): "One or more errors occurred."	request-failure	0	0		http://lt.ua/	lt.ua			False	Exception calling "GetResult" with "0" argument(s): "An error occurred while sending the request."	request-failure	0	0		https://lt.ua/	lt.ua			False	Exception calling "GetResult" with "0" argument(s): "An error occurred while sending the request."	not-resolved	no-automatic-action
ltd.ua	2026-07-21T17:22:29.2469567+00:00	failed			Exception calling "Wait" with "1" argument(s): "One or more errors occurred."	request-failure	0	0		http://ltd.ua/	ltd.ua			False	Exception calling "GetResult" with "0" argument(s): "An error occurred while sending the request."	request-failure	0	0		https://ltd.ua/	ltd.ua			False	Exception calling "GetResult" with "0" argument(s): "An error occurred while sending the request."	not-resolved	no-automatic-action
ltd.uk	2026-07-21T17:22:30.4086607+00:00	failed			Exception calling "Wait" with "1" argument(s): "One or more errors occurred."	request-failure	0	0		http://ltd.uk/	ltd.uk			False	Exception calling "GetResult" with "0" argument(s): "An error occurred while sending the request."	request-failure	0	0		https://ltd.uk/	ltd.uk			False	Exception calling "GetResult" with "0" argument(s): "An error occurred while sending the request."	not-resolved	no-automatic-action
lu.it	2026-07-21T17:22:31.4835699+00:00	failed			Exception calling "Wait" with "1" argument(s): "One or more errors occurred."	request-failure	0	0		http://lu.it/	lu.it			False	Exception calling "GetResult" with "0" argument(s): "An error occurred while sending the request."	request-failure	0	0		https://lu.it/	lu.it			False	Exception calling "GetResult" with "0" argument(s): "An error occurred while sending the request."	not-resolved	no-automatic-action
lubin.pl	2026-07-21T17:22:32.5403594+00:00	failed			Exception calling "Wait" with "1" argument(s): "One or more errors occurred."	request-failure	0	0		http://lubin.pl/	lubin.pl			False	Exception calling "GetResult" with "0" argument(s): "An error occurred while sending the request."	request-failure	0	0		https://lubin.pl/	lubin.pl			False	Exception calling "GetResult" with "0" argument(s): "An error occurred while sending the request."	not-resolved	no-automatic-action
lucca.it	2026-07-21T17:22:33.5902915+00:00	failed			Exception calling "Wait" with "1" argument(s): "One or more errors occurred."	request-failure	0	0		http://lucca.it/	lucca.it			False	Exception calling "GetResult" with "0" argument(s): "An error occurred while sending the request."	request-failure	0	0		https://lucca.it/	lucca.it			False	Exception calling "GetResult" with "0" argument(s): "An error occurred while sending the request."	not-resolved	no-automatic-action
lukow.pl	2026-07-21T17:22:34.6268918+00:00	failed			Exception calling "Wait" with "1" argument(s): "One or more errors occurred."	request-failure	0	0		http://lukow.pl/	lukow.pl			False	Exception calling "GetResult" with "0" argument(s): "An error occurred while sending the request."	request-failure	0	0		https://lukow.pl/	lukow.pl			False	Exception calling "GetResult" with "0" argument(s): "An error occurred while sending the request."	not-resolved	no-automatic-action
lutsk.ua	2026-07-21T17:22:35.6573135+00:00	failed			Exception calling "Wait" with "1" argument(s): "One or more errors occurred."	request-failure	0	0		http://lutsk.ua/	lutsk.ua			False	Exception calling "GetResult" with "0" argument(s): "An error occurred while sending the request."	request-failure	0	0		https://lutsk.ua/	lutsk.ua			False	Exception calling "GetResult" with "0" argument(s): "An error occurred while sending the request."	not-resolved	no-automatic-action
lviv.ua	2026-07-21T17:22:36.7250712+00:00	failed			Exception calling "Wait" with "1" argument(s): "One or more errors occurred."	request-failure	0	0		http://lviv.ua/	lviv.ua			False	Exception calling "GetResult" with "0" argument(s): "An error occurred while sending the request."	request-failure	0	0		https://lviv.ua/	lviv.ua			False	Exception calling "GetResult" with "0" argument(s): "An error occurred while sending the request."	not-resolved	no-automatic-action
m.se	2026-07-21T17:22:37.7893136+00:00	failed			Exception calling "Wait" with "1" argument(s): "One or more errors occurred."	request-failure	0	0		http://m.se/	m.se			False	Exception calling "GetResult" with "0" argument(s): "An error occurred while sending the request."	request-failure	0	0		https://m.se/	m.se			False	Exception calling "GetResult" with "0" argument(s): "An error occurred while sending the request."	not-resolved	no-automatic-action
ma.leg.br	2026-07-21T17:22:38.8226045+00:00	failed			Exception calling "Wait" with "1" argument(s): "One or more errors occurred."	request-failure	0	0		http://ma.leg.br/	ma.leg.br			False	Exception calling "GetResult" with "0" argument(s): "An error occurred while sending the request."	request-failure	0	0		https://ma.leg.br/	ma.leg.br			False	Exception calling "GetResult" with "0" argument(s): "An error occurred while sending the request."	not-resolved	no-automatic-action
ma.us	2026-07-21T17:22:40.1271359+00:00	failed			Exception calling "Wait" with "1" argument(s): "One or more errors occurred."	request-failure	0	0		http://ma.us/	ma.us			False	Exception calling "GetResult" with "0" argument(s): "An error occurred while sending the request."	request-failure	0	0		https://ma.us/	ma.us			False	Exception calling "GetResult" with "0" argument(s): "An error occurred while sending the request."	not-resolved	no-automatic-action
maceio.br	2026-07-21T17:22:41.1867883+00:00	failed			Exception calling "Wait" with "1" argument(s): "One or more errors occurred."	request-failure	0	0		http://maceio.br/	maceio.br			False	Exception calling "GetResult" with "0" argument(s): "An error occurred while sending the request."	request-failure	0	0		https://maceio.br/	maceio.br			False	Exception calling "GetResult" with "0" argument(s): "An error occurred while sending the request."	not-resolved	no-automatic-action
macerata.it	2026-07-21T17:22:42.3696073+00:00	failed			Exception calling "Wait" with "1" argument(s): "One or more errors occurred."	request-failure	0	0		http://macerata.it/	macerata.it			False	Exception calling "GetResult" with "0" argument(s): "An error occurred while sending the request."	request-failure	0	0		https://macerata.it/	macerata.it			False	Exception calling "GetResult" with "0" argument(s): "An error occurred while sending the request."	not-resolved	no-automatic-action
mafelo.net	2026-07-21T17:22:43.4343204+00:00	failed			Exception calling "Wait" with "1" argument(s): "One or more errors occurred."	request-failure	0	0		http://mafelo.net/	mafelo.net			False	Exception calling "GetResult" with "0" argument(s): "An error occurred while sending the request."	request-failure	0	0		https://mafelo.net/	mafelo.net			False	Exception calling "GetResult" with "0" argument(s): "An error occurred while sending the request."	not-resolved	no-automatic-action
mail.pl	2026-07-21T17:22:44.4863473+00:00	failed			Exception calling "Wait" with "1" argument(s): "One or more errors occurred."	request-failure	0	0		http://mail.pl/	mail.pl			False	Exception calling "GetResult" with "0" argument(s): "An error occurred while sending the request."	request-failure	0	0		https://mail.pl/	mail.pl			False	Exception calling "GetResult" with "0" argument(s): "An error occurred while sending the request."	not-resolved	no-automatic-action
mail-box.ne.jp	2026-07-21T17:22:45.5398372+00:00	failed			Exception calling "Wait" with "1" argument(s): "One or more errors occurred."	request-failure	0	0		http://mail-box.ne.jp/	mail-box.ne.jp			False	Exception calling "GetResult" with "0" argument(s): "An error occurred while sending the request."	request-failure	0	0		https://mail-box.ne.jp/	mail-box.ne.jp			False	Exception calling "GetResult" with "0" argument(s): "An error occurred while sending the request."	not-resolved	no-automatic-action
malbork.pl	2026-07-21T17:22:46.8371921+00:00	failed			Exception calling "Wait" with "1" argument(s): "One or more errors occurred."	request-failure	0	0		http://malbork.pl/	malbork.pl			False	Exception calling "GetResult" with "0" argument(s): "An error occurred while sending the request."	request-failure	0	0		https://malbork.pl/	malbork.pl			False	Exception calling "GetResult" with "0" argument(s): "An error occurred while sending the request."	not-resolved	no-automatic-action
malopolska.pl	2026-07-21T17:22:47.8584136+00:00	failed			Exception calling "Wait" with "1" argument(s): "One or more errors occurred."	request-failure	0	0		http://malopolska.pl/	malopolska.pl			False	Exception calling "GetResult" with "0" argument(s): "An error occurred while sending the request."	request-failure	0	0		https://malopolska.pl/	malopolska.pl			False	Exception calling "GetResult" with "0" argument(s): "An error occurred while sending the request."	not-resolved	no-automatic-action
manaus.br	2026-07-21T17:22:48.8994833+00:00	failed			Exception calling "Wait" with "1" argument(s): "One or more errors occurred."	request-failure	0	0		http://manaus.br/	manaus.br			False	Exception calling "GetResult" with "0" argument(s): "An error occurred while sending the request."	request-failure	0	0		https://manaus.br/	manaus.br			False	Exception calling "GetResult" with "0" argument(s): "An error occurred while sending the request."	not-resolved	no-automatic-action
mantova.it	2026-07-21T17:22:49.9587785+00:00	failed			Exception calling "Wait" with "1" argument(s): "One or more errors occurred."	request-failure	0	0		http://mantova.it/	mantova.it			False	Exception calling "GetResult" with "0" argument(s): "An error occurred while sending the request."	request-failure	0	0		https://mantova.it/	mantova.it			False	Exception calling "GetResult" with "0" argument(s): "An error occurred while sending the request."	not-resolved	no-automatic-action
maori.nz	2026-07-21T17:22:51.0100643+00:00	failed			Exception calling "Wait" with "1" argument(s): "One or more errors occurred."	request-failure	0	0		http://maori.nz/	maori.nz			False	Exception calling "GetResult" with "0" argument(s): "An error occurred while sending the request."	request-failure	0	0		https://maori.nz/	maori.nz			False	Exception calling "GetResult" with "0" argument(s): "An error occurred while sending the request."	not-resolved	no-automatic-action
marche.it	2026-07-21T17:22:52.1466059+00:00	failed			Exception calling "Wait" with "1" argument(s): "One or more errors occurred."	request-failure	0	0		http://marche.it/	marche.it			False	Exception calling "GetResult" with "0" argument(s): "An error occurred while sending the request."	request-failure	0	0		https://marche.it/	marche.it			False	Exception calling "GetResult" with "0" argument(s): "An error occurred while sending the request."	not-resolved	no-automatic-action
mat.br	2026-07-21T17:22:53.1754752+00:00	failed			Exception calling "Wait" with "1" argument(s): "One or more errors occurred."	request-failure	0	0		http://mat.br/	mat.br			False	Exception calling "GetResult" with "0" argument(s): "An error occurred while sending the request."	request-failure	0	0		https://mat.br/	mat.br			False	Exception calling "GetResult" with "0" argument(s): "An error occurred while sending the request."	not-resolved	no-automatic-action
matera.it	2026-07-21T17:22:54.3632164+00:00	failed			Exception calling "Wait" with "1" argument(s): "One or more errors occurred."	request-failure	0	0		http://matera.it/	matera.it			False	Exception calling "GetResult" with "0" argument(s): "An error occurred while sending the request."	request-failure	0	0		https://matera.it/	matera.it			False	Exception calling "GetResult" with "0" argument(s): "An error occurred while sending the request."	not-resolved	no-automatic-action
matrix.jp	2026-07-21T17:22:55.3995717+00:00	failed			Exception calling "Wait" with "1" argument(s): "One or more errors occurred."	request-failure	0	0		http://matrix.jp/	matrix.jp			False	Exception calling "GetResult" with "0" argument(s): "An error occurred while sending the request."	request-failure	0	0		https://matrix.jp/	matrix.jp			False	Exception calling "GetResult" with "0" argument(s): "An error occurred while sending the request."	not-resolved	no-automatic-action
mayfirst.info	2026-07-21T17:22:56.7388440+00:00	failed			Exception calling "Wait" with "1" argument(s): "One or more errors occurred."	request-failure	0	0		http://mayfirst.info/	mayfirst.info			False	Exception calling "GetResult" with "0" argument(s): "An error occurred while sending the request."	request-failure	0	0		https://mayfirst.info/	mayfirst.info			False	Exception calling "GetResult" with "0" argument(s): "An error occurred while sending the request."	not-resolved	no-automatic-action
mazowsze.pl	2026-07-21T17:22:58.0284216+00:00	failed			Exception calling "Wait" with "1" argument(s): "One or more errors occurred."	request-failure	0	0		http://mazowsze.pl/	mazowsze.pl			False	Exception calling "GetResult" with "0" argument(s): "An error occurred while sending the request."	request-failure	0	0		https://mazowsze.pl/	mazowsze.pl			False	Exception calling "GetResult" with "0" argument(s): "An error occurred while sending the request."	not-resolved	no-automatic-action
mazury.pl	2026-07-21T17:22:59.0847060+00:00	failed			Exception calling "Wait" with "1" argument(s): "One or more errors occurred."	request-failure	0	0		http://mazury.pl/	mazury.pl			False	Exception calling "GetResult" with "0" argument(s): "An error occurred while sending the request."	request-failure	0	0		https://mazury.pl/	mazury.pl			False	Exception calling "GetResult" with "0" argument(s): "An error occurred while sending the request."	not-resolved	no-automatic-action
mb.ca	2026-07-21T17:23:00.1397522+00:00	failed			Exception calling "Wait" with "1" argument(s): "One or more errors occurred."	request-failure	0	0		http://mb.ca/	mb.ca			False	Exception calling "GetResult" with "0" argument(s): "An error occurred while sending the request."	request-failure	0	0		https://mb.ca/	mb.ca			False	Exception calling "GetResult" with "0" argument(s): "An error occurred while sending the request."	not-resolved	no-automatic-action
mb.it	2026-07-21T17:23:01.1726843+00:00	failed			Exception calling "Wait" with "1" argument(s): "One or more errors occurred."	request-failure	0	0		http://mb.it/	mb.it			False	Exception calling "GetResult" with "0" argument(s): "An error occurred while sending the request."	request-failure	0	0		https://mb.it/	mb.it			False	Exception calling "GetResult" with "0" argument(s): "An error occurred while sending the request."	not-resolved	no-automatic-action
mc.it	2026-07-21T17:23:02.2322900+00:00	failed			Exception calling "Wait" with "1" argument(s): "One or more errors occurred."	request-failure	0	0		http://mc.it/	mc.it			False	Exception calling "GetResult" with "0" argument(s): "An error occurred while sending the request."	request-failure	0	0		https://mc.it/	mc.it			False	Exception calling "GetResult" with "0" argument(s): "An error occurred while sending the request."	not-resolved	no-automatic-action
mcdir.me	2026-07-21T17:23:03.2733551+00:00	resolved	127.0.0.1			request-failure	0	0		http://mcdir.me/	mcdir.me			False	Exception calling "GetResult" with "0" argument(s): "An error occurred while sending the request."	request-failure	0	0		https://mcdir.me/	mcdir.me			False	Exception calling "GetResult" with "0" argument(s): "An error occurred while sending the request."	dns-only	retest-or-review-exact-host
mcdir.ru	2026-07-21T17:23:08.4752095+00:00	resolved	127.0.0.1			request-failure	0	0		http://mcdir.ru/	mcdir.ru			False	Exception calling "GetResult" with "0" argument(s): "An error occurred while sending the request."	request-failure	0	0		https://mcdir.ru/	mcdir.ru			False	Exception calling "GetResult" with "0" argument(s): "An error occurred while sending the request."	dns-only	retest-or-review-exact-host
md.us	2026-07-21T17:23:13.6107664+00:00	failed			Exception calling "Wait" with "1" argument(s): "One or more errors occurred."	request-failure	0	0		http://md.us/	md.us			False	Exception calling "GetResult" with "0" argument(s): "An error occurred while sending the request."	request-failure	0	0		https://md.us/	md.us			False	Exception calling "GetResult" with "0" argument(s): "An error occurred while sending the request."	not-resolved	no-automatic-action
me.in	2026-07-21T17:23:14.6606666+00:00	failed			Exception calling "Wait" with "1" argument(s): "One or more errors occurred."	request-failure	0	0		http://me.in/	me.in			False	Exception calling "GetResult" with "0" argument(s): "An error occurred while sending the request."	request-failure	0	0		https://me.in/	me.in			False	Exception calling "GetResult" with "0" argument(s): "An error occurred while sending the request."	not-resolved	no-automatic-action
me.it	2026-07-21T17:23:15.7032243+00:00	failed			Exception calling "Wait" with "1" argument(s): "One or more errors occurred."	request-failure	0	0		http://me.it/	me.it			False	Exception calling "GetResult" with "0" argument(s): "An error occurred while sending the request."	request-failure	0	0		https://me.it/	me.it			False	Exception calling "GetResult" with "0" argument(s): "An error occurred while sending the request."	not-resolved	no-automatic-action
me.ke	2026-07-21T17:23:16.7379124+00:00	failed			Exception calling "Wait" with "1" argument(s): "One or more errors occurred."	request-failure	0	0		http://me.ke/	me.ke			False	Exception calling "GetResult" with "0" argument(s): "An error occurred while sending the request."	request-failure	0	0		https://me.ke/	me.ke			False	Exception calling "GetResult" with "0" argument(s): "An error occurred while sending the request."	not-resolved	no-automatic-action
me.so	2026-07-21T17:23:17.9345108+00:00	failed			Exception calling "Wait" with "1" argument(s): "One or more errors occurred."	request-failure	0	0		http://me.so/	me.so			False	Exception calling "GetResult" with "0" argument(s): "An error occurred while sending the request."	request-failure	0	0		https://me.so/	me.so			False	Exception calling "GetResult" with "0" argument(s): "An error occurred while sending the request."	not-resolved	no-automatic-action
me.uk	2026-07-21T17:23:18.9665416+00:00	failed			Exception calling "Wait" with "1" argument(s): "One or more errors occurred."	request-failure	0	0		http://me.uk/	me.uk			False	Exception calling "GetResult" with "0" argument(s): "An error occurred while sending the request."	request-failure	0	0		https://me.uk/	me.uk			False	Exception calling "GetResult" with "0" argument(s): "An error occurred while sending the request."	not-resolved	no-automatic-action
me.us	2026-07-21T17:23:20.0235670+00:00	failed			Exception calling "Wait" with "1" argument(s): "One or more errors occurred."	request-failure	0	0		http://me.us/	me.us			False	Exception calling "GetResult" with "0" argument(s): "An error occurred while sending the request."	request-failure	0	0		https://me.us/	me.us			False	Exception calling "GetResult" with "0" argument(s): "An error occurred while sending the request."	not-resolved	no-automatic-action
med.br	2026-07-21T17:23:21.0849913+00:00	failed			Exception calling "Wait" with "1" argument(s): "One or more errors occurred."	request-failure	0	0		http://med.br/	med.br			False	Exception calling "GetResult" with "0" argument(s): "An error occurred while sending the request."	request-failure	0	0		https://med.br/	med.br			False	Exception calling "GetResult" with "0" argument(s): "An error occurred while sending the request."	not-resolved	no-automatic-action
med.ec	2026-07-21T17:23:22.1319406+00:00	failed			Exception calling "Wait" with "1" argument(s): "One or more errors occurred."	request-failure	0	0		http://med.ec/	med.ec			False	Exception calling "GetResult" with "0" argument(s): "An error occurred while sending the request."	request-failure	0	0		https://med.ec/	med.ec			False	Exception calling "GetResult" with "0" argument(s): "An error occurred while sending the request."	not-resolved	no-automatic-action
med.ly	2026-07-21T17:23:23.2676328+00:00	failed			Exception calling "Wait" with "1" argument(s): "One or more errors occurred."	request-failure	0	0		http://med.ly/	med.ly			False	Exception calling "GetResult" with "0" argument(s): "An error occurred while sending the request."	request-failure	0	0		https://med.ly/	med.ly			False	Exception calling "GetResult" with "0" argument(s): "An error occurred while sending the request."	not-resolved	no-automatic-action
med.pl	2026-07-21T17:23:24.3500138+00:00	failed			Exception calling "Wait" with "1" argument(s): "One or more errors occurred."	request-failure	0	0		http://med.pl/	med.pl			False	Exception calling "GetResult" with "0" argument(s): "An error occurred while sending the request."	request-failure	0	0		https://med.pl/	med.pl			False	Exception calling "GetResult" with "0" argument(s): "An error occurred while sending the request."	not-resolved	no-automatic-action
med.sa	2026-07-21T17:23:25.4171276+00:00	failed			Exception calling "Wait" with "1" argument(s): "One or more errors occurred."	request-failure	0	0		http://med.sa/	med.sa			False	Exception calling "GetResult" with "0" argument(s): "An error occurred while sending the request."	request-failure	0	0		https://med.sa/	med.sa			False	Exception calling "GetResult" with "0" argument(s): "An error occurred while sending the request."	not-resolved	no-automatic-action
medecin.fr	2026-07-21T17:23:26.5593555+00:00	failed			Exception calling "Wait" with "1" argument(s): "One or more errors occurred."	request-failure	0	0		http://medecin.fr/	medecin.fr			False	Exception calling "GetResult" with "0" argument(s): "An error occurred while sending the request."	request-failure	0	0		https://medecin.fr/	medecin.fr			False	Exception calling "GetResult" with "0" argument(s): "An error occurred while sending the request."	not-resolved	no-automatic-action
media.pl	2026-07-21T17:23:27.6578669+00:00	failed			Exception calling "Wait" with "1" argument(s): "One or more errors occurred."	request-failure	0	0		http://media.pl/	media.pl			False	Exception calling "GetResult" with "0" argument(s): "An error occurred while sending the request."	request-failure	0	0		https://media.pl/	media.pl			False	Exception calling "GetResult" with "0" argument(s): "An error occurred while sending the request."	not-resolved	no-automatic-action
medusajs.app	2026-07-21T17:23:28.7151112+00:00	failed			Exception calling "Wait" with "1" argument(s): "One or more errors occurred."	request-failure	0	0		http://medusajs.app/	medusajs.app			False	Exception calling "GetResult" with "0" argument(s): "An error occurred while sending the request."	request-failure	0	0		https://medusajs.app/	medusajs.app			False	Exception calling "GetResult" with "0" argument(s): "An error occurred while sending the request."	not-resolved	no-automatic-action
meldal.no	2026-07-21T17:23:29.7341881+00:00	failed			Exception calling "Wait" with "1" argument(s): "One or more errors occurred."	request-failure	0	0		http://meldal.no/	meldal.no			False	Exception calling "GetResult" with "0" argument(s): "An error occurred while sending the request."	request-failure	0	0		https://meldal.no/	meldal.no			False	Exception calling "GetResult" with "0" argument(s): "An error occurred while sending the request."	not-resolved	no-automatic-action
meloy.no	2026-07-21T17:23:30.7978463+00:00	failed			Exception calling "Wait" with "1" argument(s): "One or more errors occurred."	request-failure	0	0		http://meloy.no/	meloy.no			False	Exception calling "GetResult" with "0" argument(s): "An error occurred while sending the request."	request-failure	0	0		https://meloy.no/	meloy.no			False	Exception calling "GetResult" with "0" argument(s): "An error occurred while sending the request."	not-resolved	no-automatic-action
merseine.nu	2026-07-21T17:23:31.8745121+00:00	failed			Exception calling "Wait" with "1" argument(s): "One or more errors occurred."	request-failure	0	0		http://merseine.nu/	merseine.nu			False	Exception calling "GetResult" with "0" argument(s): "An error occurred while sending the request."	request-failure	0	0		https://merseine.nu/	merseine.nu			False	Exception calling "GetResult" with "0" argument(s): "An error occurred while sending the request."	not-resolved	no-automatic-action
messina.it	2026-07-21T17:23:32.9137196+00:00	failed			Exception calling "Wait" with "1" argument(s): "One or more errors occurred."	request-failure	0	0		http://messina.it/	messina.it			False	Exception calling "GetResult" with "0" argument(s): "An error occurred while sending the request."	request-failure	0	0		https://messina.it/	messina.it			False	Exception calling "GetResult" with "0" argument(s): "An error occurred while sending the request."	not-resolved	no-automatic-action
meteorapp.com	2026-07-21T17:23:33.9358119+00:00	failed			Exception calling "Wait" with "1" argument(s): "One or more errors occurred."	request-failure	0	0		http://meteorapp.com/	meteorapp.com			False	Exception calling "GetResult" with "0" argument(s): "An error occurred while sending the request."	request-failure	0	0		https://meteorapp.com/	meteorapp.com			False	Exception calling "GetResult" with "0" argument(s): "An error occurred while sending the request."	not-resolved	no-automatic-action
mg.leg.br	2026-07-21T17:23:34.9826430+00:00	failed			Exception calling "Wait" with "1" argument(s): "One or more errors occurred."	request-failure	0	0		http://mg.leg.br/	mg.leg.br			False	Exception calling "GetResult" with "0" argument(s): "An error occurred while sending the request."	request-failure	0	0		https://mg.leg.br/	mg.leg.br			False	Exception calling "GetResult" with "0" argument(s): "An error occurred while sending the request."	not-resolved	no-automatic-action
mi.it	2026-07-21T17:23:36.3632367+00:00	failed			Exception calling "Wait" with "1" argument(s): "One or more errors occurred."	request-failure	0	0		http://mi.it/	mi.it			False	Exception calling "GetResult" with "0" argument(s): "An error occurred while sending the request."	request-failure	0	0		https://mi.it/	mi.it			False	Exception calling "GetResult" with "0" argument(s): "An error occurred while sending the request."	not-resolved	no-automatic-action
mi.th	2026-07-21T17:23:37.4378941+00:00	failed			Exception calling "Wait" with "1" argument(s): "One or more errors occurred."	request-failure	0	0		http://mi.th/	mi.th			False	Exception calling "GetResult" with "0" argument(s): "An error occurred while sending the request."	request-failure	0	0		https://mi.th/	mi.th			False	Exception calling "GetResult" with "0" argument(s): "An error occurred while sending the request."	not-resolved	no-automatic-action
mi.us	2026-07-21T17:23:38.5807545+00:00	failed			Exception calling "Wait" with "1" argument(s): "One or more errors occurred."	request-failure	0	0		http://mi.us/	mi.us			False	Exception calling "GetResult" with "0" argument(s): "An error occurred while sending the request."	request-failure	0	0		https://mi.us/	mi.us			False	Exception calling "GetResult" with "0" argument(s): "An error occurred while sending the request."	not-resolved	no-automatic-action
miasta.pl	2026-07-21T17:23:39.6434480+00:00	failed			Exception calling "Wait" with "1" argument(s): "One or more errors occurred."	request-failure	0	0		http://miasta.pl/	miasta.pl			False	Exception calling "GetResult" with "0" argument(s): "An error occurred while sending the request."	request-failure	0	0		https://miasta.pl/	miasta.pl			False	Exception calling "GetResult" with "0" argument(s): "An error occurred while sending the request."	not-resolved	no-automatic-action
mie.jp	2026-07-21T17:23:40.6962968+00:00	failed			Exception calling "Wait" with "1" argument(s): "One or more errors occurred."	request-failure	0	0		http://mie.jp/	mie.jp			False	Exception calling "GetResult" with "0" argument(s): "An error occurred while sending the request."	request-failure	0	0		https://mie.jp/	mie.jp			False	Exception calling "GetResult" with "0" argument(s): "An error occurred while sending the request."	not-resolved	no-automatic-action
mielec.pl	2026-07-21T17:23:41.7450167+00:00	failed			Exception calling "Wait" with "1" argument(s): "One or more errors occurred."	request-failure	0	0		http://mielec.pl/	mielec.pl			False	Exception calling "GetResult" with "0" argument(s): "An error occurred while sending the request."	request-failure	0	0		https://mielec.pl/	mielec.pl			False	Exception calling "GetResult" with "0" argument(s): "An error occurred while sending the request."	not-resolved	no-automatic-action
mielno.pl	2026-07-21T17:23:42.7965959+00:00	failed			Exception calling "Wait" with "1" argument(s): "One or more errors occurred."	request-failure	0	0		http://mielno.pl/	mielno.pl			False	Exception calling "GetResult" with "0" argument(s): "An error occurred while sending the request."	request-failure	0	0		https://mielno.pl/	mielno.pl			False	Exception calling "GetResult" with "0" argument(s): "An error occurred while sending the request."	not-resolved	no-automatic-action
mil.by	2026-07-21T17:23:43.8397640+00:00	failed			Exception calling "Wait" with "1" argument(s): "One or more errors occurred."	request-failure	0	0		http://mil.by/	mil.by			False	Exception calling "GetResult" with "0" argument(s): "An error occurred while sending the request."	request-failure	0	0		https://mil.by/	mil.by			False	Exception calling "GetResult" with "0" argument(s): "An error occurred while sending the request."	not-resolved	no-automatic-action
mil.kg	2026-07-21T17:23:45.0653751+00:00	failed			Exception calling "Wait" with "1" argument(s): "One or more errors occurred."	request-failure	0	0		http://mil.kg/	mil.kg			False	Exception calling "GetResult" with "0" argument(s): "An error occurred while sending the request."	request-failure	0	0		https://mil.kg/	mil.kg			False	Exception calling "GetResult" with "0" argument(s): "An error occurred while sending the request."	not-resolved	no-automatic-action
mil.ph	2026-07-21T17:23:46.1936001+00:00	failed			Exception calling "Wait" with "1" argument(s): "One or more errors occurred."	request-failure	0	0		http://mil.ph/	mil.ph			False	Exception calling "GetResult" with "0" argument(s): "An error occurred while sending the request."	request-failure	0	0		https://mil.ph/	mil.ph			False	Exception calling "GetResult" with "0" argument(s): "An error occurred while sending the request."	not-resolved	no-automatic-action
mil.ru	2026-07-21T17:23:47.2356167+00:00	resolved	212.192.156.38			timeout	0	0		http://mil.ru/	mil.ru			False	Exception calling "GetResult" with "0" argument(s): "A task was canceled."	timeout	0	0		https://mil.ru/	mil.ru			False	Exception calling "GetResult" with "0" argument(s): "A task was canceled."	temporarily-inconclusive	retest-later
mil.to	2026-07-21T17:24:28.3378662+00:00	failed			Exception calling "Wait" with "1" argument(s): "One or more errors occurred."	request-failure	0	0		http://mil.to/	mil.to			False	Exception calling "GetResult" with "0" argument(s): "An error occurred while sending the request."	request-failure	0	0		https://mil.to/	mil.to			False	Exception calling "GetResult" with "0" argument(s): "An error occurred while sending the request."	not-resolved	no-automatic-action
mil.tr	2026-07-21T17:24:29.3899263+00:00	failed			Exception calling "Wait" with "1" argument(s): "One or more errors occurred."	request-failure	0	0		http://mil.tr/	mil.tr			False	Exception calling "GetResult" with "0" argument(s): "An error occurred while sending the request."	request-failure	0	0		https://mil.tr/	mil.tr			False	Exception calling "GetResult" with "0" argument(s): "An error occurred while sending the request."	not-resolved	no-automatic-action
mil.ug	2026-07-21T17:24:30.4443861+00:00	failed			Exception calling "Wait" with "1" argument(s): "One or more errors occurred."	request-failure	0	0		http://mil.ug/	mil.ug			False	Exception calling "GetResult" with "0" argument(s): "An error occurred while sending the request."	request-failure	0	0		https://mil.ug/	mil.ug			False	Exception calling "GetResult" with "0" argument(s): "An error occurred while sending the request."	not-resolved	no-automatic-action
milano.it	2026-07-21T17:24:31.4975464+00:00	failed			Exception calling "Wait" with "1" argument(s): "One or more errors occurred."	request-failure	0	0		http://milano.it/	milano.it			False	Exception calling "GetResult" with "0" argument(s): "An error occurred while sending the request."	request-failure	0	0		https://milano.it/	milano.it			False	Exception calling "GetResult" with "0" argument(s): "An error occurred while sending the request."	not-resolved	no-automatic-action
mimoza.jp	2026-07-21T17:24:32.5437577+00:00	failed			Exception calling "Wait" with "1" argument(s): "One or more errors occurred."	request-failure	0	0		http://mimoza.jp/	mimoza.jp			False	Exception calling "GetResult" with "0" argument(s): "An error occurred while sending the request."	request-failure	0	0		https://mimoza.jp/	mimoza.jp			False	Exception calling "GetResult" with "0" argument(s): "An error occurred while sending the request."	not-resolved	no-automatic-action
mincom.tn	2026-07-21T17:24:33.8449936+00:00	failed			Exception calling "Wait" with "1" argument(s): "One or more errors occurred."	request-failure	0	0		http://mincom.tn/	mincom.tn			False	Exception calling "GetResult" with "0" argument(s): "An error occurred while sending the request."	request-failure	0	0		https://mincom.tn/	mincom.tn			False	Exception calling "GetResult" with "0" argument(s): "An error occurred while sending the request."	not-resolved	no-automatic-action
minisite.ms	2026-07-21T17:24:34.9173170+00:00	failed			Exception calling "Wait" with "1" argument(s): "One or more errors occurred."	request-failure	0	0		http://minisite.ms/	minisite.ms			False	Exception calling "GetResult" with "0" argument(s): "An error occurred while sending the request."	request-failure	0	0		https://minisite.ms/	minisite.ms			False	Exception calling "GetResult" with "0" argument(s): "An error occurred while sending the request."	not-resolved	no-automatic-action
mints.ne.jp	2026-07-21T17:24:35.9592330+00:00	failed			Exception calling "Wait" with "1" argument(s): "One or more errors occurred."	request-failure	0	0		http://mints.ne.jp/	mints.ne.jp			False	Exception calling "GetResult" with "0" argument(s): "An error occurred while sending the request."	request-failure	0	0		https://mints.ne.jp/	mints.ne.jp			False	Exception calling "GetResult" with "0" argument(s): "An error occurred while sending the request."	not-resolved	no-automatic-action
mircloud.host	2026-07-21T17:24:37.2851348+00:00	failed			Exception calling "Wait" with "1" argument(s): "One or more errors occurred."	request-failure	0	0		http://mircloud.host/	mircloud.host			False	Exception calling "GetResult" with "0" argument(s): "An error occurred while sending the request."	request-failure	0	0		https://mircloud.host/	mircloud.host			False	Exception calling "GetResult" with "0" argument(s): "An error occurred while sending the request."	not-resolved	no-automatic-action
mircloud.ru	2026-07-21T17:24:39.8648690+00:00	failed			Exception calling "Wait" with "1" argument(s): "One or more errors occurred."	request-failure	0	0		http://mircloud.ru/	mircloud.ru			False	Exception calling "GetResult" with "0" argument(s): "An error occurred while sending the request."	request-failure	0	0		https://mircloud.ru/	mircloud.ru			False	Exception calling "GetResult" with "0" argument(s): "An error occurred while sending the request."	not-resolved	no-automatic-action
mircloud.us	2026-07-21T17:24:40.9543399+00:00	failed			Exception calling "Wait" with "1" argument(s): "One or more errors occurred."	request-failure	0	0		http://mircloud.us/	mircloud.us			False	Exception calling "GetResult" with "0" argument(s): "An error occurred while sending the request."	request-failure	0	0		https://mircloud.us/	mircloud.us			False	Exception calling "GetResult" with "0" argument(s): "An error occurred while sending the request."	not-resolved	no-automatic-action
mittwaldserver.info	2026-07-21T17:24:45.0266513+00:00	resolved	188.94.248.53			timeout	0	0		http://mittwaldserver.info/	mittwaldserver.info			False	Exception calling "GetResult" with "0" argument(s): "A task was canceled."	timeout	0	0		https://mittwaldserver.info/	mittwaldserver.info			False	Exception calling "GetResult" with "0" argument(s): "A task was canceled."	temporarily-inconclusive	retest-later
miyagi.jp	2026-07-21T17:25:26.1869996+00:00	failed			Exception calling "Wait" with "1" argument(s): "One or more errors occurred."	request-failure	0	0		http://miyagi.jp/	miyagi.jp			False	Exception calling "GetResult" with "0" argument(s): "An error occurred while sending the request."	request-failure	0	0		https://miyagi.jp/	miyagi.jp			False	Exception calling "GetResult" with "0" argument(s): "An error occurred while sending the request."	not-resolved	no-automatic-action
miyazaki.jp	2026-07-21T17:25:27.2502646+00:00	failed			Exception calling "Wait" with "1" argument(s): "One or more errors occurred."	request-failure	0	0		http://miyazaki.jp/	miyazaki.jp			False	Exception calling "GetResult" with "0" argument(s): "An error occurred while sending the request."	request-failure	0	0		https://miyazaki.jp/	miyazaki.jp			False	Exception calling "GetResult" with "0" argument(s): "An error occurred while sending the request."	not-resolved	no-automatic-action
mk.ua	2026-07-21T17:25:28.3152294+00:00	failed			Exception calling "Wait" with "1" argument(s): "One or more errors occurred."	request-failure	0	0		http://mk.ua/	mk.ua			False	Exception calling "GetResult" with "0" argument(s): "An error occurred while sending the request."	request-failure	0	0		https://mk.ua/	mk.ua			False	Exception calling "GetResult" with "0" argument(s): "An error occurred while sending the request."	not-resolved	no-automatic-action
mn.it	2026-07-21T17:25:29.5038146+00:00	failed			Exception calling "Wait" with "1" argument(s): "One or more errors occurred."	request-failure	0	0		http://mn.it/	mn.it			False	Exception calling "GetResult" with "0" argument(s): "An error occurred while sending the request."	request-failure	0	0		https://mn.it/	mn.it			False	Exception calling "GetResult" with "0" argument(s): "An error occurred while sending the request."	not-resolved	no-automatic-action
mn.us	2026-07-21T17:25:30.5452233+00:00	failed			Exception calling "Wait" with "1" argument(s): "One or more errors occurred."	request-failure	0	0		http://mn.us/	mn.us			False	Exception calling "GetResult" with "0" argument(s): "An error occurred while sending the request."	request-failure	0	0		https://mn.us/	mn.us			False	Exception calling "GetResult" with "0" argument(s): "An error occurred while sending the request."	not-resolved	no-automatic-action
mo.cn	2026-07-21T17:25:31.5910071+00:00	failed			Exception calling "Wait" with "1" argument(s): "One or more errors occurred."	request-failure	0	0		http://mo.cn/	mo.cn			False	Exception calling "GetResult" with "0" argument(s): "An error occurred while sending the request."	request-failure	0	0		https://mo.cn/	mo.cn			False	Exception calling "GetResult" with "0" argument(s): "An error occurred while sending the request."	not-resolved	no-automatic-action
mo.it	2026-07-21T17:25:32.6501799+00:00	failed			Exception calling "Wait" with "1" argument(s): "One or more errors occurred."	request-failure	0	0		http://mo.it/	mo.it			False	Exception calling "GetResult" with "0" argument(s): "An error occurred while sending the request."	request-failure	0	0		https://mo.it/	mo.it			False	Exception calling "GetResult" with "0" argument(s): "An error occurred while sending the request."	not-resolved	no-automatic-action
mo.us	2026-07-21T17:25:33.6819142+00:00	failed			Exception calling "Wait" with "1" argument(s): "One or more errors occurred."	request-failure	0	0		http://mo.us/	mo.us			False	Exception calling "GetResult" with "0" argument(s): "An error occurred while sending the request."	request-failure	0	0		https://mo.us/	mo.us			False	Exception calling "GetResult" with "0" argument(s): "An error occurred while sending the request."	not-resolved	no-automatic-action
mobi.ng	2026-07-21T17:25:34.7293307+00:00	failed			Exception calling "Wait" with "1" argument(s): "One or more errors occurred."	request-failure	0	0		http://mobi.ng/	mobi.ng			False	Exception calling "GetResult" with "0" argument(s): "An error occurred while sending the request."	request-failure	0	0		https://mobi.ng/	mobi.ng			False	Exception calling "GetResult" with "0" argument(s): "An error occurred while sending the request."	not-resolved	no-automatic-action
modena.it	2026-07-21T17:25:35.7773284+00:00	failed			Exception calling "Wait" with "1" argument(s): "One or more errors occurred."	request-failure	0	0		http://modena.it/	modena.it			False	Exception calling "GetResult" with "0" argument(s): "An error occurred while sending the request."	request-failure	0	0		https://modena.it/	modena.it			False	Exception calling "GetResult" with "0" argument(s): "An error occurred while sending the request."	not-resolved	no-automatic-action
modx.dev	2026-07-21T17:25:36.8427491+00:00	failed			Exception calling "Wait" with "1" argument(s): "One or more errors occurred."	request-failure	0	0		http://modx.dev/	modx.dev			False	Exception calling "GetResult" with "0" argument(s): "An error occurred while sending the request."	request-failure	0	0		https://modx.dev/	modx.dev			False	Exception calling "GetResult" with "0" argument(s): "An error occurred while sending the request."	not-resolved	no-automatic-action
mokuren.ne.jp	2026-07-21T17:25:38.2126921+00:00	failed			Exception calling "Wait" with "1" argument(s): "One or more errors occurred."	request-failure	0	0		http://mokuren.ne.jp/	mokuren.ne.jp			False	Exception calling "GetResult" with "0" argument(s): "An error occurred while sending the request."	request-failure	0	0		https://mokuren.ne.jp/	mokuren.ne.jp			False	Exception calling "GetResult" with "0" argument(s): "An error occurred while sending the request."	not-resolved	no-automatic-action
molise.it	2026-07-21T17:25:39.5130254+00:00	failed			Exception calling "Wait" with "1" argument(s): "One or more errors occurred."	request-failure	0	0		http://molise.it/	molise.it			False	Exception calling "GetResult" with "0" argument(s): "An error occurred while sending the request."	request-failure	0	0		https://molise.it/	molise.it			False	Exception calling "GetResult" with "0" argument(s): "An error occurred while sending the request."	not-resolved	no-automatic-action
monza.it	2026-07-21T17:25:40.5505763+00:00	failed			Exception calling "Wait" with "1" argument(s): "One or more errors occurred."	request-failure	0	0		http://monza.it/	monza.it			False	Exception calling "GetResult" with "0" argument(s): "An error occurred while sending the request."	request-failure	0	0		https://monza.it/	monza.it			False	Exception calling "GetResult" with "0" argument(s): "An error occurred while sending the request."	not-resolved	no-automatic-action
mo-siemens.io	2026-07-21T17:25:41.5884449+00:00	failed			Exception calling "Wait" with "1" argument(s): "One or more errors occurred."	request-failure	0	0		http://mo-siemens.io/	mo-siemens.io			False	Exception calling "GetResult" with "0" argument(s): "An error occurred while sending the request."	request-failure	0	0		https://mo-siemens.io/	mo-siemens.io			False	Exception calling "GetResult" with "0" argument(s): "An error occurred while sending the request."	not-resolved	no-automatic-action
mp.br	2026-07-21T17:25:42.6433892+00:00	failed			Exception calling "Wait" with "1" argument(s): "One or more errors occurred."	request-failure	0	0		http://mp.br/	mp.br			False	Exception calling "GetResult" with "0" argument(s): "An error occurred while sending the request."	request-failure	0	0		https://mp.br/	mp.br			False	Exception calling "GetResult" with "0" argument(s): "An error occurred while sending the request."	not-resolved	no-automatic-action
mr.no	2026-07-21T17:25:43.7013638+00:00	failed			Exception calling "Wait" with "1" argument(s): "One or more errors occurred."	request-failure	0	0		http://mr.no/	mr.no			False	Exception calling "GetResult" with "0" argument(s): "An error occurred while sending the request."	request-failure	0	0		https://mr.no/	mr.no			False	Exception calling "GetResult" with "0" argument(s): "An error occurred while sending the request."	not-resolved	no-automatic-action
mragowo.pl	2026-07-21T17:25:44.7838938+00:00	failed			Exception calling "Wait" with "1" argument(s): "One or more errors occurred."	request-failure	0	0		http://mragowo.pl/	mragowo.pl			False	Exception calling "GetResult" with "0" argument(s): "An error occurred while sending the request."	request-failure	0	0		https://mragowo.pl/	mragowo.pl			False	Exception calling "GetResult" with "0" argument(s): "An error occurred while sending the request."	not-resolved	no-automatic-action
ms.it	2026-07-21T17:25:45.8369616+00:00	failed			Exception calling "Wait" with "1" argument(s): "One or more errors occurred."	request-failure	0	0		http://ms.it/	ms.it			False	Exception calling "GetResult" with "0" argument(s): "An error occurred while sending the request."	request-failure	0	0		https://ms.it/	ms.it			False	Exception calling "GetResult" with "0" argument(s): "An error occurred while sending the request."	not-resolved	no-automatic-action
ms.kr	2026-07-21T17:25:46.9059692+00:00	failed			Exception calling "Wait" with "1" argument(s): "One or more errors occurred."	request-failure	0	0		http://ms.kr/	ms.kr			False	Exception calling "GetResult" with "0" argument(s): "An error occurred while sending the request."	request-failure	0	0		https://ms.kr/	ms.kr			False	Exception calling "GetResult" with "0" argument(s): "An error occurred while sending the request."	not-resolved	no-automatic-action
ms.leg.br	2026-07-21T17:25:48.2563201+00:00	failed			Exception calling "Wait" with "1" argument(s): "One or more errors occurred."	request-failure	0	0		http://ms.leg.br/	ms.leg.br			False	Exception calling "GetResult" with "0" argument(s): "An error occurred while sending the request."	request-failure	0	0		https://ms.leg.br/	ms.leg.br			False	Exception calling "GetResult" with "0" argument(s): "An error occurred while sending the request."	not-resolved	no-automatic-action
ms.us	2026-07-21T17:25:49.5397834+00:00	failed			Exception calling "Wait" with "1" argument(s): "One or more errors occurred."	request-failure	0	0		http://ms.us/	ms.us			False	Exception calling "GetResult" with "0" argument(s): "An error occurred while sending the request."	request-failure	0	0		https://ms.us/	ms.us			False	Exception calling "GetResult" with "0" argument(s): "An error occurred while sending the request."	not-resolved	no-automatic-action
mt.it	2026-07-21T17:25:50.5912221+00:00	failed			Exception calling "Wait" with "1" argument(s): "One or more errors occurred."	request-failure	0	0		http://mt.it/	mt.it			False	Exception calling "GetResult" with "0" argument(s): "An error occurred while sending the request."	request-failure	0	0		https://mt.it/	mt.it			False	Exception calling "GetResult" with "0" argument(s): "An error occurred while sending the request."	not-resolved	no-automatic-action
mt.leg.br	2026-07-21T17:25:51.6244313+00:00	failed			Exception calling "Wait" with "1" argument(s): "One or more errors occurred."	request-failure	0	0		http://mt.leg.br/	mt.leg.br			False	Exception calling "GetResult" with "0" argument(s): "An error occurred while sending the request."	request-failure	0	0		https://mt.leg.br/	mt.leg.br			False	Exception calling "GetResult" with "0" argument(s): "An error occurred while sending the request."	not-resolved	no-automatic-action
mt.us	2026-07-21T17:25:54.5541981+00:00	failed			Exception calling "Wait" with "1" argument(s): "One or more errors occurred."	request-failure	0	0		http://mt.us/	mt.us			False	Exception calling "GetResult" with "0" argument(s): "An error occurred while sending the request."	request-failure	0	0		https://mt.us/	mt.us			False	Exception calling "GetResult" with "0" argument(s): "An error occurred while sending the request."	not-resolved	no-automatic-action
muni.il	2026-07-21T17:25:55.6009093+00:00	failed			Exception calling "Wait" with "1" argument(s): "One or more errors occurred."	request-failure	0	0		http://muni.il/	muni.il			False	Exception calling "GetResult" with "0" argument(s): "An error occurred while sending the request."	request-failure	0	0		https://muni.il/	muni.il			False	Exception calling "GetResult" with "0" argument(s): "An error occurred while sending the request."	not-resolved	no-automatic-action
mus.br	2026-07-21T17:25:56.6449884+00:00	failed			Exception calling "Wait" with "1" argument(s): "One or more errors occurred."	request-failure	0	0		http://mus.br/	mus.br			False	Exception calling "GetResult" with "0" argument(s): "An error occurred while sending the request."	request-failure	0	0		https://mus.br/	mus.br			False	Exception calling "GetResult" with "0" argument(s): "An error occurred while sending the request."	not-resolved	no-automatic-action
museum.no	2026-07-21T17:25:57.6990567+00:00	failed			Exception calling "Wait" with "1" argument(s): "One or more errors occurred."	request-failure	0	0		http://museum.no/	museum.no			False	Exception calling "GetResult" with "0" argument(s): "An error occurred while sending the request."	request-failure	0	0		https://museum.no/	museum.no			False	Exception calling "GetResult" with "0" argument(s): "An error occurred while sending the request."	not-resolved	no-automatic-action
musica.ar	2026-07-21T17:25:58.7747844+00:00	failed			Exception calling "Wait" with "1" argument(s): "One or more errors occurred."	request-failure	0	0		http://musica.ar/	musica.ar			False	Exception calling "GetResult" with "0" argument(s): "An error occurred while sending the request."	request-failure	0	0		https://musica.ar/	musica.ar			False	Exception calling "GetResult" with "0" argument(s): "An error occurred while sending the request."	not-resolved	no-automatic-action
my.id	2026-07-21T17:25:59.8302644+00:00	failed			Exception calling "Wait" with "1" argument(s): "One or more errors occurred."	request-failure	0	0		http://my.id/	my.id			False	Exception calling "GetResult" with "0" argument(s): "An error occurred while sending the request."	request-failure	0	0		https://my.id/	my.id			False	Exception calling "GetResult" with "0" argument(s): "An error occurred while sending the request."	not-resolved	no-automatic-action
myamaze.net	2026-07-21T17:26:00.9586047+00:00	failed			Exception calling "Wait" with "1" argument(s): "One or more errors occurred."	request-failure	0	0		http://myamaze.net/	myamaze.net			False	Exception calling "GetResult" with "0" argument(s): "An error occurred while sending the request."	request-failure	0	0		https://myamaze.net/	myamaze.net			False	Exception calling "GetResult" with "0" argument(s): "An error occurred while sending the request."	not-resolved	no-automatic-action
myasustor.com	2026-07-21T17:26:02.0131666+00:00	failed			Exception calling "Wait" with "1" argument(s): "One or more errors occurred."	request-failure	0	0		http://myasustor.com/	myasustor.com			False	Exception calling "GetResult" with "0" argument(s): "An error occurred while sending the request."	request-failure	0	0		https://myasustor.com/	myasustor.com			False	Exception calling "GetResult" with "0" argument(s): "An error occurred while sending the request."	not-resolved	no-automatic-action
mycloudnas.com	2026-07-21T17:26:04.2721359+00:00	failed			Exception calling "Wait" with "1" argument(s): "One or more errors occurred."	request-failure	0	0		http://mycloudnas.com/	mycloudnas.com			False	Exception calling "GetResult" with "0" argument(s): "An error occurred while sending the request."	request-failure	0	0		https://mycloudnas.com/	mycloudnas.com			False	Exception calling "GetResult" with "0" argument(s): "An error occurred while sending the request."	not-resolved	no-automatic-action
mydbserver.com	2026-07-21T17:26:05.5307536+00:00	resolved	188.94.248.53			timeout	0	0		http://mydbserver.com/	mydbserver.com			False	Exception calling "GetResult" with "0" argument(s): "A task was canceled."	timeout	0	0		https://mydbserver.com/	mydbserver.com			False	Exception calling "GetResult" with "0" argument(s): "A task was canceled."	temporarily-inconclusive	retest-later
mydns.bz	2026-07-21T17:26:46.5960381+00:00	failed			Exception calling "Wait" with "1" argument(s): "One or more errors occurred."	request-failure	0	0		http://mydns.bz/	mydns.bz			False	Exception calling "GetResult" with "0" argument(s): "An error occurred while sending the request."	request-failure	0	0		https://mydns.bz/	mydns.bz			False	Exception calling "GetResult" with "0" argument(s): "An error occurred while sending the request."	not-resolved	no-automatic-action
mydns.jp	2026-07-21T17:26:48.0437484+00:00	failed			Exception calling "Wait" with "1" argument(s): "One or more errors occurred."	request-failure	0	0		http://mydns.jp/	mydns.jp			False	Exception calling "GetResult" with "0" argument(s): "An error occurred while sending the request."	request-failure	0	0		https://mydns.jp/	mydns.jp			False	Exception calling "GetResult" with "0" argument(s): "An error occurred while sending the request."	not-resolved	no-automatic-action
mydobiss.com	2026-07-21T17:26:49.3319781+00:00	resolved	130.211.106.249			request-failure	0	0		http://mydobiss.com/	mydobiss.com			False	Exception calling "GetResult" with "0" argument(s): "An error occurred while sending the request."	request-failure	0	0		https://mydobiss.com/	mydobiss.com			False	Exception calling "GetResult" with "0" argument(s): "An error occurred while sending the request."	dns-only	retest-or-review-exact-host
myds.me	2026-07-21T17:26:50.6649118+00:00	failed			Exception calling "Wait" with "1" argument(s): "One or more errors occurred."	request-failure	0	0		http://myds.me/	myds.me			False	Exception calling "GetResult" with "0" argument(s): "An error occurred while sending the request."	request-failure	0	0		https://myds.me/	myds.me			False	Exception calling "GetResult" with "0" argument(s): "An error occurred while sending the request."	not-resolved	no-automatic-action
myfirewall.org	2026-07-21T17:26:51.8595077+00:00	failed			Exception calling "Wait" with "1" argument(s): "One or more errors occurred."	request-failure	0	0		http://myfirewall.org/	myfirewall.org			False	Exception calling "GetResult" with "0" argument(s): "An error occurred while sending the request."	request-failure	0	0		https://myfirewall.org/	myfirewall.org			False	Exception calling "GetResult" with "0" argument(s): "An error occurred while sending the request."	not-resolved	no-automatic-action
my-firewall.org	2026-07-21T17:26:53.0236350+00:00	failed			Exception calling "Wait" with "1" argument(s): "One or more errors occurred."	request-failure	0	0		http://my-firewall.org/	my-firewall.org			False	Exception calling "GetResult" with "0" argument(s): "An error occurred while sending the request."	request-failure	0	0		https://my-firewall.org/	my-firewall.org			False	Exception calling "GetResult" with "0" argument(s): "An error occurred while sending the request."	not-resolved	no-automatic-action
my-gateway.de	2026-07-21T17:26:54.0951844+00:00	failed			Exception calling "Wait" with "1" argument(s): "One or more errors occurred."	request-failure	0	0		http://my-gateway.de/	my-gateway.de			False	Exception calling "GetResult" with "0" argument(s): "An error occurred while sending the request."	request-failure	0	0		https://my-gateway.de/	my-gateway.de			False	Exception calling "GetResult" with "0" argument(s): "An error occurred while sending the request."	not-resolved	no-automatic-action
myhome-server.de	2026-07-21T17:26:55.1385289+00:00	resolved	85.114.136.161	2001:4ba0:ffe6:1f::1		request-failure	301	1	https://myhome-server.de/	http://myhome-server.de/	myhome-server.de	text/html; charset=UTF-8	Apache	False	Exception calling "GetResult" with "0" argument(s): "An error occurred while sending the request."	request-failure	0	0		https://myhome-server.de/	myhome-server.de			False	Exception calling "GetResult" with "0" argument(s): "An error occurred while sending the request."	dns-only	retest-or-review-exact-host
myiphost.com	2026-07-21T17:26:56.5562653+00:00	resolved	158.69.201.22			timeout	0	0		http://myiphost.com/	myiphost.com			False	Exception calling "GetResult" with "0" argument(s): "A task was canceled."	timeout	0	0		https://myiphost.com/	myiphost.com			False	Exception calling "GetResult" with "0" argument(s): "A task was canceled."	temporarily-inconclusive	retest-later
myjino.ru	2026-07-21T17:27:38.9788223+00:00	resolved	81.177.141.15			timeout	0	0		http://myjino.ru/	myjino.ru			False	Exception calling "GetResult" with "0" argument(s): "A task was canceled."	timeout	0	0		https://myjino.ru/	myjino.ru			False	Exception calling "GetResult" with "0" argument(s): "A task was canceled."	temporarily-inconclusive	retest-later
mypep.link	2026-07-21T17:28:20.0981032+00:00	failed			Exception calling "Wait" with "1" argument(s): "One or more errors occurred."	request-failure	0	0		http://mypep.link/	mypep.link			False	Exception calling "GetResult" with "0" argument(s): "An error occurred while sending the request."	request-failure	0	0		https://mypep.link/	mypep.link			False	Exception calling "GetResult" with "0" argument(s): "An error occurred while sending the request."	not-resolved	no-automatic-action
mypi.co	2026-07-21T17:28:25.7791502+00:00	resolved	158.69.201.22			timeout	0	0		http://mypi.co/	mypi.co			False	Exception calling "GetResult" with "0" argument(s): "A task was canceled."	timeout	0	0		https://mypi.co/	mypi.co			False	Exception calling "GetResult" with "0" argument(s): "A task was canceled."	temporarily-inconclusive	retest-later
myqnapcloud.cn	2026-07-21T17:29:07.1079296+00:00	failed			Exception calling "Wait" with "1" argument(s): "One or more errors occurred."	request-failure	0	0		http://myqnapcloud.cn/	myqnapcloud.cn			False	Exception calling "GetResult" with "0" argument(s): "An error occurred while sending the request."	request-failure	0	0		https://myqnapcloud.cn/	myqnapcloud.cn			False	Exception calling "GetResult" with "0" argument(s): "An error occurred while sending the request."	not-resolved	no-automatic-action
myrdbx.io	2026-07-21T17:29:08.3724319+00:00	failed			Exception calling "Wait" with "1" argument(s): "One or more errors occurred."	request-failure	0	0		http://myrdbx.io/	myrdbx.io			False	Exception calling "GetResult" with "0" argument(s): "An error occurred while sending the request."	request-failure	0	0		https://myrdbx.io/	myrdbx.io			False	Exception calling "GetResult" with "0" argument(s): "An error occurred while sending the request."	not-resolved	no-automatic-action
my-router.de	2026-07-21T17:29:09.4258273+00:00	failed			Exception calling "Wait" with "1" argument(s): "One or more errors occurred."	request-failure	0	0		http://my-router.de/	my-router.de			False	Exception calling "GetResult" with "0" argument(s): "An error occurred while sending the request."	request-failure	0	0		https://my-router.de/	my-router.de			False	Exception calling "GetResult" with "0" argument(s): "An error occurred while sending the request."	not-resolved	no-automatic-action
mysecuritycamera.org	2026-07-21T17:29:10.4728803+00:00	failed			Exception calling "Wait" with "1" argument(s): "One or more errors occurred."	request-failure	0	0		http://mysecuritycamera.org/	mysecuritycamera.org			False	Exception calling "GetResult" with "0" argument(s): "An error occurred while sending the request."	request-failure	0	0		https://mysecuritycamera.org/	mysecuritycamera.org			False	Exception calling "GetResult" with "0" argument(s): "An error occurred while sending the request."	not-resolved	no-automatic-action
myshopblocks.com	2026-07-21T17:29:11.5306987+00:00	resolved	188.166.137.235			request-failure	301	1	https://myshopblocks.com/	http://myshopblocks.com/	myshopblocks.com			False	Exception calling "GetResult" with "0" argument(s): "An error occurred while sending the request."	request-failure	0	0		https://myshopblocks.com/	myshopblocks.com			False	Exception calling "GetResult" with "0" argument(s): "An error occurred while sending the request."	dns-only	retest-or-review-exact-host
n.se	2026-07-21T17:29:13.0015962+00:00	failed			Exception calling "Wait" with "1" argument(s): "One or more errors occurred."	request-failure	0	0		http://n.se/	n.se			False	Exception calling "GetResult" with "0" argument(s): "An error occurred while sending the request."	request-failure	0	0		https://n.se/	n.se			False	Exception calling "GetResult" with "0" argument(s): "An error occurred while sending the request."	not-resolved	no-automatic-action
na.it	2026-07-21T17:29:14.0979457+00:00	failed			Exception calling "Wait" with "1" argument(s): "One or more errors occurred."	request-failure	0	0		http://na.it/	na.it			False	Exception calling "GetResult" with "0" argument(s): "An error occurred while sending the request."	request-failure	0	0		https://na.it/	na.it			False	Exception calling "GetResult" with "0" argument(s): "An error occurred while sending the request."	not-resolved	no-automatic-action
nagano.jp	2026-07-21T17:29:15.1383866+00:00	failed			Exception calling "Wait" with "1" argument(s): "One or more errors occurred."	request-failure	0	0		http://nagano.jp/	nagano.jp			False	Exception calling "GetResult" with "0" argument(s): "An error occurred while sending the request."	request-failure	0	0		https://nagano.jp/	nagano.jp			False	Exception calling "GetResult" with "0" argument(s): "An error occurred while sending the request."	not-resolved	no-automatic-action
nagasaki.jp	2026-07-21T17:29:16.4350815+00:00	failed			Exception calling "Wait" with "1" argument(s): "One or more errors occurred."	request-failure	0	0		http://nagasaki.jp/	nagasaki.jp			False	Exception calling "GetResult" with "0" argument(s): "An error occurred while sending the request."	request-failure	0	0		https://nagasaki.jp/	nagasaki.jp			False	Exception calling "GetResult" with "0" argument(s): "An error occurred while sending the request."	not-resolved	no-automatic-action
naklo.pl	2026-07-21T17:29:17.6749781+00:00	failed			Exception calling "Wait" with "1" argument(s): "One or more errors occurred."	request-failure	0	0		http://naklo.pl/	naklo.pl			False	Exception calling "GetResult" with "0" argument(s): "An error occurred while sending the request."	request-failure	0	0		https://naklo.pl/	naklo.pl			False	Exception calling "GetResult" with "0" argument(s): "An error occurred while sending the request."	not-resolved	no-automatic-action
namdinh.vn	2026-07-21T17:29:18.7112769+00:00	failed			Exception calling "Wait" with "1" argument(s): "One or more errors occurred."	request-failure	0	0		http://namdinh.vn/	namdinh.vn			False	Exception calling "GetResult" with "0" argument(s): "An error occurred while sending the request."	request-failure	0	0		https://namdinh.vn/	namdinh.vn			False	Exception calling "GetResult" with "0" argument(s): "An error occurred while sending the request."	not-resolved	no-automatic-action
name.my	2026-07-21T17:29:19.7511703+00:00	failed			Exception calling "Wait" with "1" argument(s): "One or more errors occurred."	request-failure	0	0		http://name.my/	name.my			False	Exception calling "GetResult" with "0" argument(s): "An error occurred while sending the request."	request-failure	0	0		https://name.my/	name.my			False	Exception calling "GetResult" with "0" argument(s): "An error occurred while sending the request."	not-resolved	no-automatic-action
name.ng	2026-07-21T17:29:20.8088190+00:00	failed			Exception calling "Wait" with "1" argument(s): "One or more errors occurred."	request-failure	0	0		http://name.ng/	name.ng			False	Exception calling "GetResult" with "0" argument(s): "An error occurred while sending the request."	request-failure	0	0		https://name.ng/	name.ng			False	Exception calling "GetResult" with "0" argument(s): "An error occurred while sending the request."	not-resolved	no-automatic-action
name.tr	2026-07-21T17:29:22.0520597+00:00	failed			Exception calling "Wait" with "1" argument(s): "One or more errors occurred."	request-failure	0	0		http://name.tr/	name.tr			False	Exception calling "GetResult" with "0" argument(s): "An error occurred while sending the request."	request-failure	0	0		https://name.tr/	name.tr			False	Exception calling "GetResult" with "0" argument(s): "An error occurred while sending the request."	not-resolved	no-automatic-action
name.vn	2026-07-21T17:29:23.1011434+00:00	failed			Exception calling "Wait" with "1" argument(s): "One or more errors occurred."	request-failure	0	0		http://name.vn/	name.vn			False	Exception calling "GetResult" with "0" argument(s): "An error occurred while sending the request."	request-failure	0	0		https://name.vn/	name.vn			False	Exception calling "GetResult" with "0" argument(s): "An error occurred while sending the request."	not-resolved	no-automatic-action
napoli.it	2026-07-21T17:29:24.1293364+00:00	failed			Exception calling "Wait" with "1" argument(s): "One or more errors occurred."	request-failure	0	0		http://napoli.it/	napoli.it			False	Exception calling "GetResult" with "0" argument(s): "An error occurred while sending the request."	request-failure	0	0		https://napoli.it/	napoli.it			False	Exception calling "GetResult" with "0" argument(s): "An error occurred while sending the request."	not-resolved	no-automatic-action
nara.jp	2026-07-21T17:29:25.1545138+00:00	failed			Exception calling "Wait" with "1" argument(s): "One or more errors occurred."	request-failure	0	0		http://nara.jp/	nara.jp			False	Exception calling "GetResult" with "0" argument(s): "An error occurred while sending the request."	request-failure	0	0		https://nara.jp/	nara.jp			False	Exception calling "GetResult" with "0" argument(s): "An error occurred while sending the request."	not-resolved	no-automatic-action
nat.cu	2026-07-21T17:29:26.2213117+00:00	failed			Exception calling "Wait" with "1" argument(s): "One or more errors occurred."	request-failure	0	0		http://nat.cu/	nat.cu			False	Exception calling "GetResult" with "0" argument(s): "An error occurred while sending the request."	request-failure	0	0		https://nat.cu/	nat.cu			False	Exception calling "GetResult" with "0" argument(s): "An error occurred while sending the request."	not-resolved	no-automatic-action
nat.tn	2026-07-21T17:29:27.5124961+00:00	failed			Exception calling "Wait" with "1" argument(s): "One or more errors occurred."	request-failure	0	0		http://nat.tn/	nat.tn			False	Exception calling "GetResult" with "0" argument(s): "An error occurred while sending the request."	request-failure	0	0		https://nat.tn/	nat.tn			False	Exception calling "GetResult" with "0" argument(s): "An error occurred while sending the request."	not-resolved	no-automatic-action
nb.ca	2026-07-21T17:29:28.6759923+00:00	failed			Exception calling "Wait" with "1" argument(s): "One or more errors occurred."	request-failure	0	0		http://nb.ca/	nb.ca			False	Exception calling "GetResult" with "0" argument(s): "An error occurred while sending the request."	request-failure	0	0		https://nb.ca/	nb.ca			False	Exception calling "GetResult" with "0" argument(s): "An error occurred while sending the request."	not-resolved	no-automatic-action
nc.us	2026-07-21T17:29:29.7176388+00:00	failed			Exception calling "Wait" with "1" argument(s): "One or more errors occurred."	request-failure	0	0		http://nc.us/	nc.us			False	Exception calling "GetResult" with "0" argument(s): "An error occurred while sending the request."	request-failure	0	0		https://nc.us/	nc.us			False	Exception calling "GetResult" with "0" argument(s): "An error occurred while sending the request."	not-resolved	no-automatic-action
nd.us	2026-07-21T17:29:30.7686631+00:00	failed			Exception calling "Wait" with "1" argument(s): "One or more errors occurred."	request-failure	0	0		http://nd.us/	nd.us			False	Exception calling "GetResult" with "0" argument(s): "An error occurred while sending the request."	request-failure	0	0		https://nd.us/	nd.us			False	Exception calling "GetResult" with "0" argument(s): "An error occurred while sending the request."	not-resolved	no-automatic-action
ne.jp	2026-07-21T17:29:31.8205947+00:00	failed			Exception calling "Wait" with "1" argument(s): "One or more errors occurred."	request-failure	0	0		http://ne.jp/	ne.jp			False	Exception calling "GetResult" with "0" argument(s): "An error occurred while sending the request."	request-failure	0	0		https://ne.jp/	ne.jp			False	Exception calling "GetResult" with "0" argument(s): "An error occurred while sending the request."	not-resolved	no-automatic-action
ne.ke	2026-07-21T17:29:32.8658093+00:00	failed			Exception calling "Wait" with "1" argument(s): "One or more errors occurred."	request-failure	0	0		http://ne.ke/	ne.ke			False	Exception calling "GetResult" with "0" argument(s): "An error occurred while sending the request."	request-failure	0	0		https://ne.ke/	ne.ke			False	Exception calling "GetResult" with "0" argument(s): "An error occurred while sending the request."	not-resolved	no-automatic-action
ne.kr	2026-07-21T17:29:33.9171511+00:00	failed			Exception calling "Wait" with "1" argument(s): "One or more errors occurred."	request-failure	0	0		http://ne.kr/	ne.kr			False	Exception calling "GetResult" with "0" argument(s): "An error occurred while sending the request."	request-failure	0	0		https://ne.kr/	ne.kr			False	Exception calling "GetResult" with "0" argument(s): "An error occurred while sending the request."	not-resolved	no-automatic-action
ne.tz	2026-07-21T17:29:35.2434044+00:00	failed			Exception calling "Wait" with "1" argument(s): "One or more errors occurred."	request-failure	0	0		http://ne.tz/	ne.tz			False	Exception calling "GetResult" with "0" argument(s): "An error occurred while sending the request."	request-failure	0	0		https://ne.tz/	ne.tz			False	Exception calling "GetResult" with "0" argument(s): "An error occurred while sending the request."	not-resolved	no-automatic-action
ne.us	2026-07-21T17:29:36.3164374+00:00	failed			Exception calling "Wait" with "1" argument(s): "One or more errors occurred."	request-failure	0	0		http://ne.us/	ne.us			False	Exception calling "GetResult" with "0" argument(s): "An error occurred while sending the request."	request-failure	0	0		https://ne.us/	ne.us			False	Exception calling "GetResult" with "0" argument(s): "An error occurred while sending the request."	not-resolved	no-automatic-action
net.ai	2026-07-21T17:29:37.3820937+00:00	failed			Exception calling "Wait" with "1" argument(s): "One or more errors occurred."	request-failure	0	0		http://net.ai/	net.ai			False	Exception calling "GetResult" with "0" argument(s): "An error occurred while sending the request."	request-failure	0	0		https://net.ai/	net.ai			False	Exception calling "GetResult" with "0" argument(s): "An error occurred while sending the request."	not-resolved	no-automatic-action
net.au	2026-07-21T17:29:38.4443477+00:00	failed			Exception calling "Wait" with "1" argument(s): "One or more errors occurred."	request-failure	0	0		http://net.au/	net.au			False	Exception calling "GetResult" with "0" argument(s): "An error occurred while sending the request."	request-failure	0	0		https://net.au/	net.au			False	Exception calling "GetResult" with "0" argument(s): "An error occurred while sending the request."	not-resolved	no-automatic-action
net.ba	2026-07-21T17:29:39.4997485+00:00	failed			Exception calling "Wait" with "1" argument(s): "One or more errors occurred."	request-failure	0	0		http://net.ba/	net.ba			False	Exception calling "GetResult" with "0" argument(s): "An error occurred while sending the request."	request-failure	0	0		https://net.ba/	net.ba			False	Exception calling "GetResult" with "0" argument(s): "An error occurred while sending the request."	not-resolved	no-automatic-action
net.br	2026-07-21T17:29:40.5738787+00:00	failed			Exception calling "Wait" with "1" argument(s): "One or more errors occurred."	request-failure	0	0		http://net.br/	net.br			False	Exception calling "GetResult" with "0" argument(s): "An error occurred while sending the request."	request-failure	0	0		https://net.br/	net.br			False	Exception calling "GetResult" with "0" argument(s): "An error occurred while sending the request."	not-resolved	no-automatic-action
net.cn	2026-07-21T17:29:41.7312172+00:00	failed			Exception calling "Wait" with "1" argument(s): "One or more errors occurred."	request-failure	0	0		http://net.cn/	net.cn			False	Exception calling "GetResult" with "0" argument(s): "An error occurred while sending the request."	request-failure	0	0		https://net.cn/	net.cn			False	Exception calling "GetResult" with "0" argument(s): "An error occurred while sending the request."	not-resolved	no-automatic-action
net.gh	2026-07-21T17:29:42.7827414+00:00	failed			Exception calling "Wait" with "1" argument(s): "One or more errors occurred."	request-failure	0	0		http://net.gh/	net.gh			False	Exception calling "GetResult" with "0" argument(s): "An error occurred while sending the request."	request-failure	0	0		https://net.gh/	net.gh			False	Exception calling "GetResult" with "0" argument(s): "An error occurred while sending the request."	not-resolved	no-automatic-action
net.gr	2026-07-21T17:29:43.9334144+00:00	failed			Exception calling "Wait" with "1" argument(s): "One or more errors occurred."	request-failure	0	0		http://net.gr/	net.gr			False	Exception calling "GetResult" with "0" argument(s): "An error occurred while sending the request."	request-failure	0	0		https://net.gr/	net.gr			False	Exception calling "GetResult" with "0" argument(s): "An error occurred while sending the request."	not-resolved	no-automatic-action
net.in	2026-07-21T17:29:45.0243607+00:00	failed			Exception calling "Wait" with "1" argument(s): "One or more errors occurred."	request-failure	0	0		http://net.in/	net.in			False	Exception calling "GetResult" with "0" argument(s): "An error occurred while sending the request."	request-failure	0	0		https://net.in/	net.in			False	Exception calling "GetResult" with "0" argument(s): "An error occurred while sending the request."	not-resolved	no-automatic-action
net.jo	2026-07-21T17:29:46.0553342+00:00	failed			Exception calling "Wait" with "1" argument(s): "One or more errors occurred."	request-failure	0	0		http://net.jo/	net.jo			False	Exception calling "GetResult" with "0" argument(s): "An error occurred while sending the request."	request-failure	0	0		https://net.jo/	net.jo			False	Exception calling "GetResult" with "0" argument(s): "An error occurred while sending the request."	not-resolved	no-automatic-action
net.kg	2026-07-21T17:29:47.1615085+00:00	failed			Exception calling "Wait" with "1" argument(s): "One or more errors occurred."	request-failure	0	0		http://net.kg/	net.kg			False	Exception calling "GetResult" with "0" argument(s): "An error occurred while sending the request."	request-failure	0	0		https://net.kg/	net.kg			False	Exception calling "GetResult" with "0" argument(s): "An error occurred while sending the request."	not-resolved	no-automatic-action
net.nf	2026-07-21T17:29:48.2835734+00:00	failed			Exception calling "Wait" with "1" argument(s): "One or more errors occurred."	request-failure	0	0		http://net.nf/	net.nf			False	Exception calling "GetResult" with "0" argument(s): "An error occurred while sending the request."	request-failure	0	0		https://net.nf/	net.nf			False	Exception calling "GetResult" with "0" argument(s): "An error occurred while sending the request."	not-resolved	no-automatic-action
net.nz	2026-07-21T17:29:49.3437585+00:00	failed			Exception calling "Wait" with "1" argument(s): "One or more errors occurred."	request-failure	0	0		http://net.nz/	net.nz			False	Exception calling "GetResult" with "0" argument(s): "An error occurred while sending the request."	request-failure	0	0		https://net.nz/	net.nz			False	Exception calling "GetResult" with "0" argument(s): "An error occurred while sending the request."	not-resolved	no-automatic-action
net.ph	2026-07-21T17:29:50.6815522+00:00	failed			Exception calling "Wait" with "1" argument(s): "One or more errors occurred."	request-failure	0	0		http://net.ph/	net.ph			False	Exception calling "GetResult" with "0" argument(s): "An error occurred while sending the request."	request-failure	0	0		https://net.ph/	net.ph			False	Exception calling "GetResult" with "0" argument(s): "An error occurred while sending the request."	not-resolved	no-automatic-action
net.sy	2026-07-21T17:29:51.7218167+00:00	failed			Exception calling "Wait" with "1" argument(s): "One or more errors occurred."	request-failure	0	0		http://net.sy/	net.sy			False	Exception calling "GetResult" with "0" argument(s): "An error occurred while sending the request."	request-failure	0	0		https://net.sy/	net.sy			False	Exception calling "GetResult" with "0" argument(s): "An error occurred while sending the request."	not-resolved	no-automatic-action
net.ua	2026-07-21T17:29:52.8108119+00:00	resolved	185.12.113.221			timeout	0	0		http://net.ua/	net.ua			False	Exception calling "GetResult" with "0" argument(s): "A task was canceled."	timeout	0	0		https://net.ua/	net.ua			False	Exception calling "GetResult" with "0" argument(s): "A task was canceled."	temporarily-inconclusive	retest-later
net.uy	2026-07-21T17:30:33.8859181+00:00	failed			Exception calling "Wait" with "1" argument(s): "One or more errors occurred."	request-failure	0	0		http://net.uy/	net.uy			False	Exception calling "GetResult" with "0" argument(s): "An error occurred while sending the request."	request-failure	0	0		https://net.uy/	net.uy			False	Exception calling "GetResult" with "0" argument(s): "An error occurred while sending the request."	not-resolved	no-automatic-action
net.za	2026-07-21T17:30:35.1961432+00:00	failed			Exception calling "Wait" with "1" argument(s): "One or more errors occurred."	request-failure	0	0		http://net.za/	net.za			False	Exception calling "GetResult" with "0" argument(s): "An error occurred while sending the request."	request-failure	0	0		https://net.za/	net.za			False	Exception calling "GetResult" with "0" argument(s): "An error occurred while sending the request."	not-resolved	no-automatic-action
netgamers.jp	2026-07-21T17:30:36.3489765+00:00	failed			Exception calling "Wait" with "1" argument(s): "One or more errors occurred."	request-failure	0	0		http://netgamers.jp/	netgamers.jp			False	Exception calling "GetResult" with "0" argument(s): "An error occurred while sending the request."	request-failure	0	0		https://netgamers.jp/	netgamers.jp			False	Exception calling "GetResult" with "0" argument(s): "An error occurred while sending the request."	not-resolved	no-automatic-action
nf.ca	2026-07-21T17:30:37.6459308+00:00	failed			Exception calling "Wait" with "1" argument(s): "One or more errors occurred."	request-failure	0	0		http://nf.ca/	nf.ca			False	Exception calling "GetResult" with "0" argument(s): "An error occurred while sending the request."	request-failure	0	0		https://nf.ca/	nf.ca			False	Exception calling "GetResult" with "0" argument(s): "An error occurred while sending the request."	not-resolved	no-automatic-action
nghean.vn	2026-07-21T17:30:38.7041136+00:00	failed			Exception calling "Wait" with "1" argument(s): "One or more errors occurred."	request-failure	0	0		http://nghean.vn/	nghean.vn			False	Exception calling "GetResult" with "0" argument(s): "An error occurred while sending the request."	request-failure	0	0		https://nghean.vn/	nghean.vn			False	Exception calling "GetResult" with "0" argument(s): "An error occurred while sending the request."	not-resolved	no-automatic-action
ngo.ph	2026-07-21T17:30:39.7556508+00:00	failed			Exception calling "Wait" with "1" argument(s): "One or more errors occurred."	request-failure	0	0		http://ngo.ph/	ngo.ph			False	Exception calling "GetResult" with "0" argument(s): "An error occurred while sending the request."	request-failure	0	0		https://ngo.ph/	ngo.ph			False	Exception calling "GetResult" with "0" argument(s): "An error occurred while sending the request."	not-resolved	no-automatic-action
ngo.za	2026-07-21T17:30:40.7961270+00:00	resolved	127.0.0.1	::1		request-failure	0	0		http://ngo.za/	ngo.za			False	Exception calling "GetResult" with "0" argument(s): "An error occurred while sending the request."	request-failure	0	0		https://ngo.za/	ngo.za			False	Exception calling "GetResult" with "0" argument(s): "An error occurred while sending the request."	dns-only	retest-or-review-exact-host
nh.us	2026-07-21T17:30:50.4271655+00:00	failed			Exception calling "Wait" with "1" argument(s): "One or more errors occurred."	request-failure	0	0		http://nh.us/	nh.us			False	Exception calling "GetResult" with "0" argument(s): "An error occurred while sending the request."	request-failure	0	0		https://nh.us/	nh.us			False	Exception calling "GetResult" with "0" argument(s): "An error occurred while sending the request."	not-resolved	no-automatic-action
nh-serv.co.uk	2026-07-21T17:30:51.4714269+00:00	failed			Exception calling "Wait" with "1" argument(s): "One or more errors occurred."	request-failure	0	0		http://nh-serv.co.uk/	nh-serv.co.uk			False	Exception calling "GetResult" with "0" argument(s): "An error occurred while sending the request."	request-failure	0	0		https://nh-serv.co.uk/	nh-serv.co.uk			False	Exception calling "GetResult" with "0" argument(s): "An error occurred while sending the request."	not-resolved	no-automatic-action
nic.in	2026-07-21T17:30:52.6422060+00:00	failed			Exception calling "Wait" with "1" argument(s): "One or more errors occurred."	request-failure	0	0		http://nic.in/	nic.in			False	Exception calling "GetResult" with "0" argument(s): "An error occurred while sending the request."	request-failure	0	0		https://nic.in/	nic.in			False	Exception calling "GetResult" with "0" argument(s): "An error occurred while sending the request."	not-resolved	no-automatic-action
nic.tj	2026-07-21T17:30:53.9821754+00:00	failed			Exception calling "Wait" with "1" argument(s): "One or more errors occurred."	request-failure	0	0		http://nic.tj/	nic.tj			False	Exception calling "GetResult" with "0" argument(s): "An error occurred while sending the request."	request-failure	0	0		https://nic.tj/	nic.tj			False	Exception calling "GetResult" with "0" argument(s): "An error occurred while sending the request."	not-resolved	no-automatic-action
nieruchomosci.pl	2026-07-21T17:30:55.0121295+00:00	failed			Exception calling "Wait" with "1" argument(s): "One or more errors occurred."	request-failure	0	0		http://nieruchomosci.pl/	nieruchomosci.pl			False	Exception calling "GetResult" with "0" argument(s): "An error occurred while sending the request."	request-failure	0	0		https://nieruchomosci.pl/	nieruchomosci.pl			False	Exception calling "GetResult" with "0" argument(s): "An error occurred while sending the request."	not-resolved	no-automatic-action
niigata.jp	2026-07-21T17:30:56.0736254+00:00	failed			Exception calling "Wait" with "1" argument(s): "One or more errors occurred."	request-failure	0	0		http://niigata.jp/	niigata.jp			False	Exception calling "GetResult" with "0" argument(s): "An error occurred while sending the request."	request-failure	0	0		https://niigata.jp/	niigata.jp			False	Exception calling "GetResult" with "0" argument(s): "An error occurred while sending the request."	not-resolved	no-automatic-action
nikolaev.ua	2026-07-21T17:30:57.1248282+00:00	failed			Exception calling "Wait" with "1" argument(s): "One or more errors occurred."	request-failure	0	0		http://nikolaev.ua/	nikolaev.ua			False	Exception calling "GetResult" with "0" argument(s): "An error occurred while sending the request."	request-failure	0	0		https://nikolaev.ua/	nikolaev.ua			False	Exception calling "GetResult" with "0" argument(s): "An error occurred while sending the request."	not-resolved	no-automatic-action
nimsite.uk	2026-07-21T17:30:58.2978827+00:00	failed			Exception calling "Wait" with "1" argument(s): "One or more errors occurred."	request-failure	0	0		http://nimsite.uk/	nimsite.uk			False	Exception calling "GetResult" with "0" argument(s): "An error occurred while sending the request."	request-failure	0	0		https://nimsite.uk/	nimsite.uk			False	Exception calling "GetResult" with "0" argument(s): "An error occurred while sending the request."	not-resolved	no-automatic-action
nissedal.no	2026-07-21T17:30:59.3465927+00:00	failed			Exception calling "Wait" with "1" argument(s): "One or more errors occurred."	request-failure	0	0		http://nissedal.no/	nissedal.no			False	Exception calling "GetResult" with "0" argument(s): "An error occurred while sending the request."	request-failure	0	0		https://nissedal.no/	nissedal.no			False	Exception calling "GetResult" with "0" argument(s): "An error occurred while sending the request."	not-resolved	no-automatic-action
niteroi.br	2026-07-21T17:31:00.4341733+00:00	failed			Exception calling "Wait" with "1" argument(s): "One or more errors occurred."	request-failure	0	0		http://niteroi.br/	niteroi.br			False	Exception calling "GetResult" with "0" argument(s): "An error occurred while sending the request."	request-failure	0	0		https://niteroi.br/	niteroi.br			False	Exception calling "GetResult" with "0" argument(s): "An error occurred while sending the request."	not-resolved	no-automatic-action
nj.us	2026-07-21T17:31:01.5112107+00:00	failed			Exception calling "Wait" with "1" argument(s): "One or more errors occurred."	request-failure	0	0		http://nj.us/	nj.us			False	Exception calling "GetResult" with "0" argument(s): "An error occurred while sending the request."	request-failure	0	0		https://nj.us/	nj.us			False	Exception calling "GetResult" with "0" argument(s): "An error occurred while sending the request."	not-resolved	no-automatic-action
nl.ca	2026-07-21T17:31:02.6469094+00:00	failed			Exception calling "Wait" with "1" argument(s): "One or more errors occurred."	request-failure	0	0		http://nl.ca/	nl.ca			False	Exception calling "GetResult" with "0" argument(s): "An error occurred while sending the request."	request-failure	0	0		https://nl.ca/	nl.ca			False	Exception calling "GetResult" with "0" argument(s): "An error occurred while sending the request."	not-resolved	no-automatic-action
nm.cn	2026-07-21T17:31:03.6929030+00:00	failed			Exception calling "Wait" with "1" argument(s): "One or more errors occurred."	request-failure	0	0		http://nm.cn/	nm.cn			False	Exception calling "GetResult" with "0" argument(s): "An error occurred while sending the request."	request-failure	0	0		https://nm.cn/	nm.cn			False	Exception calling "GetResult" with "0" argument(s): "An error occurred while sending the request."	not-resolved	no-automatic-action
nm.us	2026-07-21T17:31:04.7469091+00:00	failed			Exception calling "Wait" with "1" argument(s): "One or more errors occurred."	request-failure	0	0		http://nm.us/	nm.us			False	Exception calling "GetResult" with "0" argument(s): "An error occurred while sending the request."	request-failure	0	0		https://nm.us/	nm.us			False	Exception calling "GetResult" with "0" argument(s): "An error occurred while sending the request."	not-resolved	no-automatic-action
no.it	2026-07-21T17:31:05.7911725+00:00	failed			Exception calling "Wait" with "1" argument(s): "One or more errors occurred."	request-failure	0	0		http://no.it/	no.it			False	Exception calling "GetResult" with "0" argument(s): "An error occurred while sending the request."	request-failure	0	0		https://no.it/	no.it			False	Exception calling "GetResult" with "0" argument(s): "An error occurred while sending the request."	not-resolved	no-automatic-action
noho.st	2026-07-21T17:31:06.8201085+00:00	failed			Exception calling "Wait" with "1" argument(s): "One or more errors occurred."	request-failure	0	0		http://noho.st/	noho.st			False	Exception calling "GetResult" with "0" argument(s): "An error occurred while sending the request."	request-failure	0	0		https://noho.st/	noho.st			False	Exception calling "GetResult" with "0" argument(s): "An error occurred while sending the request."	not-resolved	no-automatic-action
nohost.me	2026-07-21T17:31:07.8801516+00:00	failed			Exception calling "Wait" with "1" argument(s): "One or more errors occurred."	request-failure	0	0		http://nohost.me/	nohost.me			False	Exception calling "GetResult" with "0" argument(s): "An error occurred while sending the request."	request-failure	0	0		https://nohost.me/	nohost.me			False	Exception calling "GetResult" with "0" argument(s): "An error occurred while sending the request."	not-resolved	no-automatic-action
nom.co	2026-07-21T17:31:08.9378988+00:00	failed			Exception calling "Wait" with "1" argument(s): "One or more errors occurred."	request-failure	0	0		http://nom.co/	nom.co			False	Exception calling "GetResult" with "0" argument(s): "An error occurred while sending the request."	request-failure	0	0		https://nom.co/	nom.co			False	Exception calling "GetResult" with "0" argument(s): "An error occurred while sending the request."	not-resolved	no-automatic-action
nom.es	2026-07-21T17:31:09.9601712+00:00	failed			Exception calling "Wait" with "1" argument(s): "One or more errors occurred."	request-failure	0	0		http://nom.es/	nom.es			False	Exception calling "GetResult" with "0" argument(s): "An error occurred while sending the request."	request-failure	0	0		https://nom.es/	nom.es			False	Exception calling "GetResult" with "0" argument(s): "An error occurred while sending the request."	not-resolved	no-automatic-action
nom.fr	2026-07-21T17:31:11.0178332+00:00	failed			Exception calling "Wait" with "1" argument(s): "One or more errors occurred."	request-failure	0	0		http://nom.fr/	nom.fr			False	Exception calling "GetResult" with "0" argument(s): "An error occurred while sending the request."	request-failure	0	0		https://nom.fr/	nom.fr			False	Exception calling "GetResult" with "0" argument(s): "An error occurred while sending the request."	not-resolved	no-automatic-action
nom.pe	2026-07-21T17:31:12.0620415+00:00	failed			Exception calling "Wait" with "1" argument(s): "One or more errors occurred."	request-failure	0	0		http://nom.pe/	nom.pe			False	Exception calling "GetResult" with "0" argument(s): "An error occurred while sending the request."	request-failure	0	0		https://nom.pe/	nom.pe			False	Exception calling "GetResult" with "0" argument(s): "An error occurred while sending the request."	not-resolved	no-automatic-action
nom.pl	2026-07-21T17:31:13.1094133+00:00	failed			Exception calling "Wait" with "1" argument(s): "One or more errors occurred."	request-failure	0	0		http://nom.pl/	nom.pl			False	Exception calling "GetResult" with "0" argument(s): "An error occurred while sending the request."	request-failure	0	0		https://nom.pl/	nom.pl			False	Exception calling "GetResult" with "0" argument(s): "An error occurred while sending the request."	not-resolved	no-automatic-action
nom.za	2026-07-21T17:31:14.1606594+00:00	resolved	213.254.179.153	2a07:85c3:0:155::2		timeout	0	0		http://nom.za/	nom.za			False	Exception calling "GetResult" with "0" argument(s): "A task was canceled."	timeout	0	0		https://nom.za/	nom.za			False	Exception calling "GetResult" with "0" argument(s): "A task was canceled."	temporarily-inconclusive	retest-later
nord-fron.no	2026-07-21T17:31:55.2451776+00:00	failed			Exception calling "Wait" with "1" argument(s): "One or more errors occurred."	request-failure	0	0		http://nord-fron.no/	nord-fron.no			False	Exception calling "GetResult" with "0" argument(s): "An error occurred while sending the request."	request-failure	0	0		https://nord-fron.no/	nord-fron.no			False	Exception calling "GetResult" with "0" argument(s): "An error occurred while sending the request."	not-resolved	no-automatic-action
nordkapp.no	2026-07-21T17:31:56.3397506+00:00	failed			Exception calling "Wait" with "1" argument(s): "One or more errors occurred."	request-failure	0	0		http://nordkapp.no/	nordkapp.no			False	Exception calling "GetResult" with "0" argument(s): "An error occurred while sending the request."	request-failure	0	0		https://nordkapp.no/	nordkapp.no			False	Exception calling "GetResult" with "0" argument(s): "An error occurred while sending the request."	not-resolved	no-automatic-action
not.br	2026-07-21T17:31:57.4056839+00:00	failed			Exception calling "Wait" with "1" argument(s): "One or more errors occurred."	request-failure	0	0		http://not.br/	not.br			False	Exception calling "GetResult" with "0" argument(s): "An error occurred while sending the request."	request-failure	0	0		https://not.br/	not.br			False	Exception calling "GetResult" with "0" argument(s): "An error occurred while sending the request."	not-resolved	no-automatic-action
noticias.bo	2026-07-21T17:31:58.4558887+00:00	failed			Exception calling "Wait" with "1" argument(s): "One or more errors occurred."	request-failure	0	0		http://noticias.bo/	noticias.bo			False	Exception calling "GetResult" with "0" argument(s): "An error occurred while sending the request."	request-failure	0	0		https://noticias.bo/	noticias.bo			False	Exception calling "GetResult" with "0" argument(s): "An error occurred while sending the request."	not-resolved	no-automatic-action
novara.it	2026-07-21T17:31:59.5094096+00:00	failed			Exception calling "Wait" with "1" argument(s): "One or more errors occurred."	request-failure	0	0		http://novara.it/	novara.it			False	Exception calling "GetResult" with "0" argument(s): "An error occurred while sending the request."	request-failure	0	0		https://novara.it/	novara.it			False	Exception calling "GetResult" with "0" argument(s): "An error occurred while sending the request."	not-resolved	no-automatic-action
nowaruda.pl	2026-07-21T17:32:00.5633423+00:00	failed			Exception calling "Wait" with "1" argument(s): "One or more errors occurred."	request-failure	0	0		http://nowaruda.pl/	nowaruda.pl			False	Exception calling "GetResult" with "0" argument(s): "An error occurred while sending the request."	request-failure	0	0		https://nowaruda.pl/	nowaruda.pl			False	Exception calling "GetResult" with "0" argument(s): "An error occurred while sending the request."	not-resolved	no-automatic-action
now-dns.net	2026-07-21T17:32:01.6106165+00:00	resolved	158.69.201.22			timeout	0	0		http://now-dns.net/	now-dns.net			False	Exception calling "GetResult" with "0" argument(s): "A task was canceled."	timeout	0	0		https://now-dns.net/	now-dns.net			False	Exception calling "GetResult" with "0" argument(s): "A task was canceled."	temporarily-inconclusive	retest-later
now-dns.org	2026-07-21T17:32:42.7836318+00:00	resolved	158.69.201.22			timeout	0	0		http://now-dns.org/	now-dns.org			False	Exception calling "GetResult" with "0" argument(s): "A task was canceled."	timeout	0	0		https://now-dns.org/	now-dns.org			False	Exception calling "GetResult" with "0" argument(s): "A task was canceled."	temporarily-inconclusive	retest-later
ns.ca	2026-07-21T17:33:24.1016152+00:00	failed			Exception calling "Wait" with "1" argument(s): "One or more errors occurred."	request-failure	0	0		http://ns.ca/	ns.ca			False	Exception calling "GetResult" with "0" argument(s): "An error occurred while sending the request."	request-failure	0	0		https://ns.ca/	ns.ca			False	Exception calling "GetResult" with "0" argument(s): "An error occurred while sending the request."	not-resolved	no-automatic-action
nsn.us	2026-07-21T17:33:25.1502483+00:00	failed			Exception calling "Wait" with "1" argument(s): "One or more errors occurred."	request-failure	0	0		http://nsn.us/	nsn.us			False	Exception calling "GetResult" with "0" argument(s): "An error occurred while sending the request."	request-failure	0	0		https://nsn.us/	nsn.us			False	Exception calling "GetResult" with "0" argument(s): "An error occurred while sending the request."	not-resolved	no-automatic-action
nsw.au	2026-07-21T17:33:26.1971985+00:00	failed			Exception calling "Wait" with "1" argument(s): "One or more errors occurred."	request-failure	0	0		http://nsw.au/	nsw.au			False	Exception calling "GetResult" with "0" argument(s): "An error occurred while sending the request."	request-failure	0	0		https://nsw.au/	nsw.au			False	Exception calling "GetResult" with "0" argument(s): "An error occurred while sending the request."	not-resolved	no-automatic-action
nsw.edu.au	2026-07-21T17:33:27.2484270+00:00	failed			Exception calling "Wait" with "1" argument(s): "One or more errors occurred."	request-failure	0	0		http://nsw.edu.au/	nsw.edu.au			False	Exception calling "GetResult" with "0" argument(s): "An error occurred while sending the request."	request-failure	0	0		https://nsw.edu.au/	nsw.edu.au			False	Exception calling "GetResult" with "0" argument(s): "An error occurred while sending the request."	not-resolved	no-automatic-action
nt.ca	2026-07-21T17:33:28.3108374+00:00	failed			Exception calling "Wait" with "1" argument(s): "One or more errors occurred."	request-failure	0	0		http://nt.ca/	nt.ca			False	Exception calling "GetResult" with "0" argument(s): "An error occurred while sending the request."	request-failure	0	0		https://nt.ca/	nt.ca			False	Exception calling "GetResult" with "0" argument(s): "An error occurred while sending the request."	not-resolved	no-automatic-action
nt.edu.au	2026-07-21T17:33:29.3402282+00:00	failed			Exception calling "Wait" with "1" argument(s): "One or more errors occurred."	request-failure	0	0		http://nt.edu.au/	nt.edu.au			False	Exception calling "GetResult" with "0" argument(s): "An error occurred while sending the request."	request-failure	0	0		https://nt.edu.au/	nt.edu.au			False	Exception calling "GetResult" with "0" argument(s): "An error occurred while sending the request."	not-resolved	no-automatic-action
nt.ro	2026-07-21T17:33:30.5190496+00:00	failed			Exception calling "Wait" with "1" argument(s): "One or more errors occurred."	request-failure	0	0		http://nt.ro/	nt.ro			False	Exception calling "GetResult" with "0" argument(s): "An error occurred while sending the request."	request-failure	0	0		https://nt.ro/	nt.ro			False	Exception calling "GetResult" with "0" argument(s): "An error occurred while sending the request."	not-resolved	no-automatic-action
ntdll.top	2026-07-21T17:33:31.5759214+00:00	failed			Exception calling "Wait" with "1" argument(s): "One or more errors occurred."	request-failure	0	0		http://ntdll.top/	ntdll.top			False	Exception calling "GetResult" with "0" argument(s): "An error occurred while sending the request."	request-failure	0	0		https://ntdll.top/	ntdll.top			False	Exception calling "GetResult" with "0" argument(s): "An error occurred while sending the request."	not-resolved	no-automatic-action
nu.ca	2026-07-21T17:33:32.6347395+00:00	failed			Exception calling "Wait" with "1" argument(s): "One or more errors occurred."	request-failure	0	0		http://nu.ca/	nu.ca			False	Exception calling "GetResult" with "0" argument(s): "An error occurred while sending the request."	request-failure	0	0		https://nu.ca/	nu.ca			False	Exception calling "GetResult" with "0" argument(s): "An error occurred while sending the request."	not-resolved	no-automatic-action
nu.it	2026-07-21T17:33:33.6748935+00:00	failed			Exception calling "Wait" with "1" argument(s): "One or more errors occurred."	request-failure	0	0		http://nu.it/	nu.it			False	Exception calling "GetResult" with "0" argument(s): "An error occurred while sending the request."	request-failure	0	0		https://nu.it/	nu.it			False	Exception calling "GetResult" with "0" argument(s): "An error occurred while sending the request."	not-resolved	no-automatic-action
nuoro.it	2026-07-21T17:33:34.8052634+00:00	failed			Exception calling "Wait" with "1" argument(s): "One or more errors occurred."	request-failure	0	0		http://nuoro.it/	nuoro.it			False	Exception calling "GetResult" with "0" argument(s): "An error occurred while sending the request."	request-failure	0	0		https://nuoro.it/	nuoro.it			False	Exception calling "GetResult" with "0" argument(s): "An error occurred while sending the request."	not-resolved	no-automatic-action
nv.us	2026-07-21T17:33:35.8733120+00:00	failed			Exception calling "Wait" with "1" argument(s): "One or more errors occurred."	request-failure	0	0		http://nv.us/	nv.us			False	Exception calling "GetResult" with "0" argument(s): "An error occurred while sending the request."	request-failure	0	0		https://nv.us/	nv.us			False	Exception calling "GetResult" with "0" argument(s): "An error occurred while sending the request."	not-resolved	no-automatic-action
nx.cn	2026-07-21T17:33:36.9218453+00:00	failed			Exception calling "Wait" with "1" argument(s): "One or more errors occurred."	request-failure	0	0		http://nx.cn/	nx.cn			False	Exception calling "GetResult" with "0" argument(s): "An error occurred while sending the request."	request-failure	0	0		https://nx.cn/	nx.cn			False	Exception calling "GetResult" with "0" argument(s): "An error occurred while sending the request."	not-resolved	no-automatic-action
ny.us	2026-07-21T17:33:38.0874826+00:00	failed			Exception calling "Wait" with "1" argument(s): "One or more errors occurred."	request-failure	0	0		http://ny.us/	ny.us			False	Exception calling "GetResult" with "0" argument(s): "An error occurred while sending the request."	request-failure	0	0		https://ny.us/	ny.us			False	Exception calling "GetResult" with "0" argument(s): "An error occurred while sending the request."	not-resolved	no-automatic-action
nyanta.jp	2026-07-21T17:33:39.1289970+00:00	failed			Exception calling "Wait" with "1" argument(s): "One or more errors occurred."	request-failure	0	0		http://nyanta.jp/	nyanta.jp			False	Exception calling "GetResult" with "0" argument(s): "An error occurred while sending the request."	request-failure	0	0		https://nyanta.jp/	nyanta.jp			False	Exception calling "GetResult" with "0" argument(s): "An error occurred while sending the request."	not-resolved	no-automatic-action
nysa.pl	2026-07-21T17:33:40.4373877+00:00	failed			Exception calling "Wait" with "1" argument(s): "One or more errors occurred."	request-failure	0	0		http://nysa.pl/	nysa.pl			False	Exception calling "GetResult" with "0" argument(s): "An error occurred while sending the request."	request-failure	0	0		https://nysa.pl/	nysa.pl			False	Exception calling "GetResult" with "0" argument(s): "An error occurred while sending the request."	not-resolved	no-automatic-action
o.se	2026-07-21T17:33:41.5898390+00:00	failed			Exception calling "Wait" with "1" argument(s): "One or more errors occurred."	request-failure	0	0		http://o.se/	o.se			False	Exception calling "GetResult" with "0" argument(s): "An error occurred while sending the request."	request-failure	0	0		https://o.se/	o.se			False	Exception calling "GetResult" with "0" argument(s): "An error occurred while sending the request."	not-resolved	no-automatic-action
o0o0.jp	2026-07-21T17:33:42.6563787+00:00	failed			Exception calling "Wait" with "1" argument(s): "One or more errors occurred."	request-failure	0	0		http://o0o0.jp/	o0o0.jp			False	Exception calling "GetResult" with "0" argument(s): "An error occurred while sending the request."	request-failure	0	0		https://o0o0.jp/	o0o0.jp			False	Exception calling "GetResult" with "0" argument(s): "An error occurred while sending the request."	not-resolved	no-automatic-action
observablehq.cloud	2026-07-21T17:33:43.9320422+00:00	failed			Exception calling "Wait" with "1" argument(s): "One or more errors occurred."	request-failure	0	0		http://observablehq.cloud/	observablehq.cloud			False	Exception calling "GetResult" with "0" argument(s): "An error occurred while sending the request."	request-failure	0	0		https://observablehq.cloud/	observablehq.cloud			False	Exception calling "GetResult" with "0" argument(s): "An error occurred while sending the request."	not-resolved	no-automatic-action
od.ua	2026-07-21T17:33:44.9774285+00:00	failed			Exception calling "Wait" with "1" argument(s): "One or more errors occurred."	request-failure	0	0		http://od.ua/	od.ua			False	Exception calling "GetResult" with "0" argument(s): "An error occurred while sending the request."	request-failure	0	0		https://od.ua/	od.ua			False	Exception calling "GetResult" with "0" argument(s): "An error occurred while sending the request."	not-resolved	no-automatic-action
odda.no	2026-07-21T17:33:46.0491539+00:00	failed			Exception calling "Wait" with "1" argument(s): "One or more errors occurred."	request-failure	0	0		http://odda.no/	odda.no			False	Exception calling "GetResult" with "0" argument(s): "An error occurred while sending the request."	request-failure	0	0		https://odda.no/	odda.no			False	Exception calling "GetResult" with "0" argument(s): "An error occurred while sending the request."	not-resolved	no-automatic-action
odesa.ua	2026-07-21T17:33:47.1196020+00:00	failed			Exception calling "Wait" with "1" argument(s): "One or more errors occurred."	request-failure	0	0		http://odesa.ua/	odesa.ua			False	Exception calling "GetResult" with "0" argument(s): "An error occurred while sending the request."	request-failure	0	0		https://odesa.ua/	odesa.ua			False	Exception calling "GetResult" with "0" argument(s): "An error occurred while sending the request."	not-resolved	no-automatic-action
odessa.ua	2026-07-21T17:33:48.1847214+00:00	resolved	217.20.166.231			timeout	0	0		http://odessa.ua/	odessa.ua			False	Exception calling "GetResult" with "0" argument(s): "A task was canceled."	timeout	0	0		https://odessa.ua/	odessa.ua			False	Exception calling "GetResult" with "0" argument(s): "A task was canceled."	temporarily-inconclusive	retest-later
odo.br	2026-07-21T17:34:29.2380269+00:00	failed			Exception calling "Wait" with "1" argument(s): "One or more errors occurred."	request-failure	0	0		http://odo.br/	odo.br			False	Exception calling "GetResult" with "0" argument(s): "An error occurred while sending the request."	request-failure	0	0		https://odo.br/	odo.br			False	Exception calling "GetResult" with "0" argument(s): "An error occurred while sending the request."	not-resolved	no-automatic-action
of.by	2026-07-21T17:34:30.2866759+00:00	resolved	178.172.160.100			request-failure	301	1	https://of.by/	http://of.by/	of.by	text/html; charset=utf-8		False	Exception calling "GetResult" with "0" argument(s): "An error occurred while sending the request."	request-failure	0	0		https://of.by/	of.by			False	Exception calling "GetResult" with "0" argument(s): "An error occurred while sending the request."	dns-only	retest-or-review-exact-host
off.ai	2026-07-21T17:34:32.0729327+00:00	failed			Exception calling "Wait" with "1" argument(s): "One or more errors occurred."	request-failure	0	0		http://off.ai/	off.ai			False	Exception calling "GetResult" with "0" argument(s): "An error occurred while sending the request."	request-failure	0	0		https://off.ai/	off.ai			False	Exception calling "GetResult" with "0" argument(s): "An error occurred while sending the request."	not-resolved	no-automatic-action
oh.us	2026-07-21T17:34:33.1640050+00:00	failed			Exception calling "Wait" with "1" argument(s): "One or more errors occurred."	request-failure	0	0		http://oh.us/	oh.us			False	Exception calling "GetResult" with "0" argument(s): "An error occurred while sending the request."	request-failure	0	0		https://oh.us/	oh.us			False	Exception calling "GetResult" with "0" argument(s): "An error occurred while sending the request."	not-resolved	no-automatic-action
oita.jp	2026-07-21T17:34:34.2142487+00:00	failed			Exception calling "Wait" with "1" argument(s): "One or more errors occurred."	request-failure	0	0		http://oita.jp/	oita.jp			False	Exception calling "GetResult" with "0" argument(s): "An error occurred while sending the request."	request-failure	0	0		https://oita.jp/	oita.jp			False	Exception calling "GetResult" with "0" argument(s): "An error occurred while sending the request."	not-resolved	no-automatic-action
ok.us	2026-07-21T17:34:35.2619421+00:00	failed			Exception calling "Wait" with "1" argument(s): "One or more errors occurred."	request-failure	0	0		http://ok.us/	ok.us			False	Exception calling "GetResult" with "0" argument(s): "An error occurred while sending the request."	request-failure	0	0		https://ok.us/	ok.us			False	Exception calling "GetResult" with "0" argument(s): "An error occurred while sending the request."	not-resolved	no-automatic-action
okayama.jp	2026-07-21T17:34:36.3298297+00:00	failed			Exception calling "Wait" with "1" argument(s): "One or more errors occurred."	request-failure	0	0		http://okayama.jp/	okayama.jp			False	Exception calling "GetResult" with "0" argument(s): "An error occurred while sending the request."	request-failure	0	0		https://okayama.jp/	okayama.jp			False	Exception calling "GetResult" with "0" argument(s): "An error occurred while sending the request."	not-resolved	no-automatic-action
okinawa.jp	2026-07-21T17:34:37.3796740+00:00	failed			Exception calling "Wait" with "1" argument(s): "One or more errors occurred."	request-failure	0	0		http://okinawa.jp/	okinawa.jp			False	Exception calling "GetResult" with "0" argument(s): "An error occurred while sending the request."	request-failure	0	0		https://okinawa.jp/	okinawa.jp			False	Exception calling "GetResult" with "0" argument(s): "An error occurred while sending the request."	not-resolved	no-automatic-action
olawa.pl	2026-07-21T17:34:38.4281318+00:00	failed			Exception calling "Wait" with "1" argument(s): "One or more errors occurred."	request-failure	0	0		http://olawa.pl/	olawa.pl			False	Exception calling "GetResult" with "0" argument(s): "An error occurred while sending the request."	request-failure	0	0		https://olawa.pl/	olawa.pl			False	Exception calling "GetResult" with "0" argument(s): "An error occurred while sending the request."	not-resolved	no-automatic-action
olecko.pl	2026-07-21T17:34:39.4751968+00:00	failed			Exception calling "Wait" with "1" argument(s): "One or more errors occurred."	request-failure	0	0		http://olecko.pl/	olecko.pl			False	Exception calling "GetResult" with "0" argument(s): "An error occurred while sending the request."	request-failure	0	0		https://olecko.pl/	olecko.pl			False	Exception calling "GetResult" with "0" argument(s): "An error occurred while sending the request."	not-resolved	no-automatic-action
olkusz.pl	2026-07-21T17:34:40.5091792+00:00	failed			Exception calling "Wait" with "1" argument(s): "One or more errors occurred."	request-failure	0	0		http://olkusz.pl/	olkusz.pl			False	Exception calling "GetResult" with "0" argument(s): "An error occurred while sending the request."	request-failure	0	0		https://olkusz.pl/	olkusz.pl			False	Exception calling "GetResult" with "0" argument(s): "An error occurred while sending the request."	not-resolved	no-automatic-action
olsztyn.pl	2026-07-21T17:34:41.5623845+00:00	failed			Exception calling "Wait" with "1" argument(s): "One or more errors occurred."	request-failure	0	0		http://olsztyn.pl/	olsztyn.pl			False	Exception calling "GetResult" with "0" argument(s): "An error occurred while sending the request."	request-failure	0	0		https://olsztyn.pl/	olsztyn.pl			False	Exception calling "GetResult" with "0" argument(s): "An error occurred while sending the request."	not-resolved	no-automatic-action
olympia.wa.us	2026-07-21T17:34:42.6007256+00:00	failed			Exception calling "Wait" with "1" argument(s): "One or more errors occurred."	request-failure	0	0		http://olympia.wa.us/	olympia.wa.us			False	Exception calling "GetResult" with "0" argument(s): "An error occurred while sending the request."	request-failure	0	0		https://olympia.wa.us/	olympia.wa.us			False	Exception calling "GetResult" with "0" argument(s): "An error occurred while sending the request."	not-resolved	no-automatic-action
on.ca	2026-07-21T17:34:44.0696025+00:00	failed			Exception calling "Wait" with "1" argument(s): "One or more errors occurred."	request-failure	0	0		http://on.ca/	on.ca			False	Exception calling "GetResult" with "0" argument(s): "An error occurred while sending the request."	request-failure	0	0		https://on.ca/	on.ca			False	Exception calling "GetResult" with "0" argument(s): "An error occurred while sending the request."	not-resolved	no-automatic-action
on-aptible.com	2026-07-21T17:34:45.1207236+00:00	failed			Exception calling "Wait" with "1" argument(s): "One or more errors occurred."	request-failure	0	0		http://on-aptible.com/	on-aptible.com			False	Exception calling "GetResult" with "0" argument(s): "An error occurred while sending the request."	request-failure	0	0		https://on-aptible.com/	on-aptible.com			False	Exception calling "GetResult" with "0" argument(s): "An error occurred while sending the request."	not-resolved	no-automatic-action
ondigitalocean.app	2026-07-21T17:34:46.1648485+00:00	failed			Exception calling "Wait" with "1" argument(s): "One or more errors occurred."	request-failure	0	0		http://ondigitalocean.app/	ondigitalocean.app			False	Exception calling "GetResult" with "0" argument(s): "An error occurred while sending the request."	request-failure	0	0		https://ondigitalocean.app/	ondigitalocean.app			False	Exception calling "GetResult" with "0" argument(s): "An error occurred while sending the request."	not-resolved	no-automatic-action
onfabrica.com	2026-07-21T17:34:47.1860585+00:00	resolved	127.0.0.1			request-failure	0	0		http://onfabrica.com/	onfabrica.com			False	Exception calling "GetResult" with "0" argument(s): "An error occurred while sending the request."	request-failure	0	0		https://onfabrica.com/	onfabrica.com			False	Exception calling "GetResult" with "0" argument(s): "An error occurred while sending the request."	dns-only	retest-or-review-exact-host
on-fleek.app	2026-07-21T17:34:52.3303878+00:00	failed			Exception calling "Wait" with "1" argument(s): "One or more errors occurred."	request-failure	0	0		http://on-fleek.app/	on-fleek.app			False	Exception calling "GetResult" with "0" argument(s): "An error occurred while sending the request."	request-failure	0	0		https://on-fleek.app/	on-fleek.app			False	Exception calling "GetResult" with "0" argument(s): "An error occurred while sending the request."	not-resolved	no-automatic-action
ong.br	2026-07-21T17:34:53.3811560+00:00	failed			Exception calling "Wait" with "1" argument(s): "One or more errors occurred."	request-failure	0	0		http://ong.br/	ong.br			False	Exception calling "GetResult" with "0" argument(s): "An error occurred while sending the request."	request-failure	0	0		https://ong.br/	ong.br			False	Exception calling "GetResult" with "0" argument(s): "An error occurred while sending the request."	not-resolved	no-automatic-action
online.ge	2026-07-21T17:34:54.6176539+00:00	failed			Exception calling "Wait" with "1" argument(s): "One or more errors occurred."	request-failure	0	0		http://online.ge/	online.ge			False	Exception calling "GetResult" with "0" argument(s): "An error occurred while sending the request."	request-failure	0	0		https://online.ge/	online.ge			False	Exception calling "GetResult" with "0" argument(s): "An error occurred while sending the request."	not-resolved	no-automatic-action
online.th	2026-07-21T17:34:55.6643392+00:00	resolved	202.28.1.60			request-failure	301	1	https://domain.online.th/	http://online.th/	online.th	text/html; charset=UTF-8	(CentOS),Apache/2.2.15	False	Exception calling "GetResult" with "0" argument(s): "An error occurred while sending the request."	request-failure	0	0		https://online.th/	online.th			False	Exception calling "GetResult" with "0" argument(s): "An error occurred while sending the request."	dns-only	retest-or-review-exact-host
opal.ne.jp	2026-07-21T17:34:58.6962023+00:00	failed			Exception calling "Wait" with "1" argument(s): "One or more errors occurred."	request-failure	0	0		http://opal.ne.jp/	opal.ne.jp			False	Exception calling "GetResult" with "0" argument(s): "An error occurred while sending the request."	request-failure	0	0		https://opal.ne.jp/	opal.ne.jp			False	Exception calling "GetResult" with "0" argument(s): "An error occurred while sending the request."	not-resolved	no-automatic-action
opencraft.hosting	2026-07-21T17:35:00.0023060+00:00	resolved	217.182.141.81			timeout	0	0		http://opencraft.hosting/	opencraft.hosting			False	Exception calling "GetResult" with "0" argument(s): "A task was canceled."	timeout	0	0		https://opencraft.hosting/	opencraft.hosting			False	Exception calling "GetResult" with "0" argument(s): "A task was canceled."	temporarily-inconclusive	retest-later
operaunite.com	2026-07-21T17:35:41.1333688+00:00	resolved	82.145.215.16			timeout	0	0		http://operaunite.com/	operaunite.com			False	Exception calling "GetResult" with "0" argument(s): "A task was canceled."	timeout	0	0		https://operaunite.com/	operaunite.com			False	Exception calling "GetResult" with "0" argument(s): "A task was canceled."	temporarily-inconclusive	retest-later
opoczno.pl	2026-07-21T17:36:22.1999068+00:00	failed			Exception calling "Wait" with "1" argument(s): "One or more errors occurred."	request-failure	0	0		http://opoczno.pl/	opoczno.pl			False	Exception calling "GetResult" with "0" argument(s): "An error occurred while sending the request."	request-failure	0	0		https://opoczno.pl/	opoczno.pl			False	Exception calling "GetResult" with "0" argument(s): "An error occurred while sending the request."	not-resolved	no-automatic-action
opole.pl	2026-07-21T17:36:23.2742806+00:00	failed			Exception calling "Wait" with "1" argument(s): "One or more errors occurred."	request-failure	0	0		http://opole.pl/	opole.pl			False	Exception calling "GetResult" with "0" argument(s): "An error occurred while sending the request."	request-failure	0	0		https://opole.pl/	opole.pl			False	Exception calling "GetResult" with "0" argument(s): "An error occurred while sending the request."	not-resolved	no-automatic-action
or.at	2026-07-21T17:36:24.3128252+00:00	failed			Exception calling "Wait" with "1" argument(s): "One or more errors occurred."	request-failure	0	0		http://or.at/	or.at			False	Exception calling "GetResult" with "0" argument(s): "An error occurred while sending the request."	request-failure	0	0		https://or.at/	or.at			False	Exception calling "GetResult" with "0" argument(s): "An error occurred while sending the request."	not-resolved	no-automatic-action
or.cr	2026-07-21T17:36:25.3591480+00:00	failed			Exception calling "Wait" with "1" argument(s): "One or more errors occurred."	request-failure	0	0		http://or.cr/	or.cr			False	Exception calling "GetResult" with "0" argument(s): "An error occurred while sending the request."	request-failure	0	0		https://or.cr/	or.cr			False	Exception calling "GetResult" with "0" argument(s): "An error occurred while sending the request."	not-resolved	no-automatic-action
or.id	2026-07-21T17:36:26.4253104+00:00	failed			Exception calling "Wait" with "1" argument(s): "One or more errors occurred."	request-failure	0	0		http://or.id/	or.id			False	Exception calling "GetResult" with "0" argument(s): "An error occurred while sending the request."	request-failure	0	0		https://or.id/	or.id			False	Exception calling "GetResult" with "0" argument(s): "An error occurred while sending the request."	not-resolved	no-automatic-action
or.it	2026-07-21T17:36:27.4767436+00:00	failed			Exception calling "Wait" with "1" argument(s): "One or more errors occurred."	request-failure	0	0		http://or.it/	or.it			False	Exception calling "GetResult" with "0" argument(s): "An error occurred while sending the request."	request-failure	0	0		https://or.it/	or.it			False	Exception calling "GetResult" with "0" argument(s): "An error occurred while sending the request."	not-resolved	no-automatic-action
or.jp	2026-07-21T17:36:28.5486930+00:00	failed			Exception calling "Wait" with "1" argument(s): "One or more errors occurred."	request-failure	0	0		http://or.jp/	or.jp			False	Exception calling "GetResult" with "0" argument(s): "An error occurred while sending the request."	request-failure	0	0		https://or.jp/	or.jp			False	Exception calling "GetResult" with "0" argument(s): "An error occurred while sending the request."	not-resolved	no-automatic-action
or.ke	2026-07-21T17:36:29.5976190+00:00	failed			Exception calling "Wait" with "1" argument(s): "One or more errors occurred."	request-failure	0	0		http://or.ke/	or.ke			False	Exception calling "GetResult" with "0" argument(s): "An error occurred while sending the request."	request-failure	0	0		https://or.ke/	or.ke			False	Exception calling "GetResult" with "0" argument(s): "An error occurred while sending the request."	not-resolved	no-automatic-action
or.kr	2026-07-21T17:36:30.7917515+00:00	failed			Exception calling "Wait" with "1" argument(s): "One or more errors occurred."	request-failure	0	0		http://or.kr/	or.kr			False	Exception calling "GetResult" with "0" argument(s): "An error occurred while sending the request."	request-failure	0	0		https://or.kr/	or.kr			False	Exception calling "GetResult" with "0" argument(s): "An error occurred while sending the request."	not-resolved	no-automatic-action
or.th	2026-07-21T17:36:32.0875447+00:00	failed			Exception calling "Wait" with "1" argument(s): "One or more errors occurred."	request-failure	0	0		http://or.th/	or.th			False	Exception calling "GetResult" with "0" argument(s): "An error occurred while sending the request."	request-failure	0	0		https://or.th/	or.th			False	Exception calling "GetResult" with "0" argument(s): "An error occurred while sending the request."	not-resolved	no-automatic-action
or.tz	2026-07-21T17:36:33.1312386+00:00	failed			Exception calling "Wait" with "1" argument(s): "One or more errors occurred."	request-failure	0	0		http://or.tz/	or.tz			False	Exception calling "GetResult" with "0" argument(s): "An error occurred while sending the request."	request-failure	0	0		https://or.tz/	or.tz			False	Exception calling "GetResult" with "0" argument(s): "An error occurred while sending the request."	not-resolved	no-automatic-action
or.ug	2026-07-21T17:36:34.2636412+00:00	failed			Exception calling "Wait" with "1" argument(s): "One or more errors occurred."	request-failure	0	0		http://or.ug/	or.ug			False	Exception calling "GetResult" with "0" argument(s): "An error occurred while sending the request."	request-failure	0	0		https://or.ug/	or.ug			False	Exception calling "GetResult" with "0" argument(s): "An error occurred while sending the request."	not-resolved	no-automatic-action
or.us	2026-07-21T17:36:35.3118734+00:00	failed			Exception calling "Wait" with "1" argument(s): "One or more errors occurred."	request-failure	0	0		http://or.us/	or.us			False	Exception calling "GetResult" with "0" argument(s): "An error occurred while sending the request."	request-failure	0	0		https://or.us/	or.us			False	Exception calling "GetResult" with "0" argument(s): "An error occurred while sending the request."	not-resolved	no-automatic-action
orangecloud.tn	2026-07-21T17:36:36.4024385+00:00	failed			Exception calling "Wait" with "1" argument(s): "One or more errors occurred."	request-failure	0	0		http://orangecloud.tn/	orangecloud.tn			False	Exception calling "GetResult" with "0" argument(s): "An error occurred while sending the request."	request-failure	0	0		https://orangecloud.tn/	orangecloud.tn			False	Exception calling "GetResult" with "0" argument(s): "An error occurred while sending the request."	not-resolved	no-automatic-action
org.am	2026-07-21T17:36:37.6337412+00:00	failed			Exception calling "Wait" with "1" argument(s): "One or more errors occurred."	request-failure	0	0		http://org.am/	org.am			False	Exception calling "GetResult" with "0" argument(s): "An error occurred while sending the request."	request-failure	0	0		https://org.am/	org.am			False	Exception calling "GetResult" with "0" argument(s): "An error occurred while sending the request."	not-resolved	no-automatic-action
org.au	2026-07-21T17:36:38.6878506+00:00	failed			Exception calling "Wait" with "1" argument(s): "One or more errors occurred."	request-failure	0	0		http://org.au/	org.au			False	Exception calling "GetResult" with "0" argument(s): "An error occurred while sending the request."	request-failure	0	0		https://org.au/	org.au			False	Exception calling "GetResult" with "0" argument(s): "An error occurred while sending the request."	not-resolved	no-automatic-action
org.bj	2026-07-21T17:36:39.8209723+00:00	failed			Exception calling "Wait" with "1" argument(s): "One or more errors occurred."	request-failure	0	0		http://org.bj/	org.bj			False	Exception calling "GetResult" with "0" argument(s): "An error occurred while sending the request."	request-failure	0	0		https://org.bj/	org.bj			False	Exception calling "GetResult" with "0" argument(s): "An error occurred while sending the request."	not-resolved	no-automatic-action
org.br	2026-07-21T17:36:40.9894692+00:00	failed			Exception calling "Wait" with "1" argument(s): "One or more errors occurred."	request-failure	0	0		http://org.br/	org.br			False	Exception calling "GetResult" with "0" argument(s): "An error occurred while sending the request."	request-failure	0	0		https://org.br/	org.br			False	Exception calling "GetResult" with "0" argument(s): "An error occurred while sending the request."	not-resolved	no-automatic-action
org.bt	2026-07-21T17:36:42.0606324+00:00	failed			Exception calling "Wait" with "1" argument(s): "One or more errors occurred."	request-failure	0	0		http://org.bt/	org.bt			False	Exception calling "GetResult" with "0" argument(s): "An error occurred while sending the request."	request-failure	0	0		https://org.bt/	org.bt			False	Exception calling "GetResult" with "0" argument(s): "An error occurred while sending the request."	not-resolved	no-automatic-action
org.cn	2026-07-21T17:36:43.2826989+00:00	failed			Exception calling "Wait" with "1" argument(s): "One or more errors occurred."	request-failure	0	0		http://org.cn/	org.cn			False	Exception calling "GetResult" with "0" argument(s): "An error occurred while sending the request."	request-failure	0	0		https://org.cn/	org.cn			False	Exception calling "GetResult" with "0" argument(s): "An error occurred while sending the request."	not-resolved	no-automatic-action
org.ec	2026-07-21T17:36:44.3417277+00:00	failed			Exception calling "Wait" with "1" argument(s): "One or more errors occurred."	request-failure	0	0		http://org.ec/	org.ec			False	Exception calling "GetResult" with "0" argument(s): "An error occurred while sending the request."	request-failure	0	0		https://org.ec/	org.ec			False	Exception calling "GetResult" with "0" argument(s): "An error occurred while sending the request."	not-resolved	no-automatic-action
org.es	2026-07-21T17:36:45.5462695+00:00	failed			Exception calling "Wait" with "1" argument(s): "One or more errors occurred."	request-failure	0	0		http://org.es/	org.es			False	Exception calling "GetResult" with "0" argument(s): "An error occurred while sending the request."	request-failure	0	0		https://org.es/	org.es			False	Exception calling "GetResult" with "0" argument(s): "An error occurred while sending the request."	not-resolved	no-automatic-action
org.fm	2026-07-21T17:36:46.5933987+00:00	failed			Exception calling "Wait" with "1" argument(s): "One or more errors occurred."	request-failure	0	0		http://org.fm/	org.fm			False	Exception calling "GetResult" with "0" argument(s): "An error occurred while sending the request."	request-failure	0	0		https://org.fm/	org.fm			False	Exception calling "GetResult" with "0" argument(s): "An error occurred while sending the request."	not-resolved	no-automatic-action
org.gr	2026-07-21T17:36:47.6535062+00:00	failed			Exception calling "Wait" with "1" argument(s): "One or more errors occurred."	request-failure	0	0		http://org.gr/	org.gr			False	Exception calling "GetResult" with "0" argument(s): "An error occurred while sending the request."	request-failure	0	0		https://org.gr/	org.gr			False	Exception calling "GetResult" with "0" argument(s): "An error occurred while sending the request."	not-resolved	no-automatic-action
org.gy	2026-07-21T17:36:48.6767762+00:00	failed			Exception calling "Wait" with "1" argument(s): "One or more errors occurred."	request-failure	0	0		http://org.gy/	org.gy			False	Exception calling "GetResult" with "0" argument(s): "An error occurred while sending the request."	request-failure	0	0		https://org.gy/	org.gy			False	Exception calling "GetResult" with "0" argument(s): "An error occurred while sending the request."	not-resolved	no-automatic-action
org.il	2026-07-21T17:36:49.7132544+00:00	failed			Exception calling "Wait" with "1" argument(s): "One or more errors occurred."	request-failure	0	0		http://org.il/	org.il			False	Exception calling "GetResult" with "0" argument(s): "An error occurred while sending the request."	request-failure	0	0		https://org.il/	org.il			False	Exception calling "GetResult" with "0" argument(s): "An error occurred while sending the request."	not-resolved	no-automatic-action
org.im	2026-07-21T17:36:50.8209321+00:00	failed			Exception calling "Wait" with "1" argument(s): "One or more errors occurred."	request-failure	0	0		http://org.im/	org.im			False	Exception calling "GetResult" with "0" argument(s): "An error occurred while sending the request."	request-failure	0	0		https://org.im/	org.im			False	Exception calling "GetResult" with "0" argument(s): "An error occurred while sending the request."	not-resolved	no-automatic-action
org.in	2026-07-21T17:36:51.8667911+00:00	failed			Exception calling "Wait" with "1" argument(s): "One or more errors occurred."	request-failure	0	0		http://org.in/	org.in			False	Exception calling "GetResult" with "0" argument(s): "An error occurred while sending the request."	request-failure	0	0		https://org.in/	org.in			False	Exception calling "GetResult" with "0" argument(s): "An error occurred while sending the request."	not-resolved	no-automatic-action
org.ir	2026-07-21T17:36:52.9374034+00:00	failed			Exception calling "Wait" with "1" argument(s): "One or more errors occurred."	request-failure	0	0		http://org.ir/	org.ir			False	Exception calling "GetResult" with "0" argument(s): "An error occurred while sending the request."	request-failure	0	0		https://org.ir/	org.ir			False	Exception calling "GetResult" with "0" argument(s): "An error occurred while sending the request."	not-resolved	no-automatic-action
org.jo	2026-07-21T17:36:53.9820761+00:00	failed			Exception calling "Wait" with "1" argument(s): "One or more errors occurred."	request-failure	0	0		http://org.jo/	org.jo			False	Exception calling "GetResult" with "0" argument(s): "An error occurred while sending the request."	request-failure	0	0		https://org.jo/	org.jo			False	Exception calling "GetResult" with "0" argument(s): "An error occurred while sending the request."	not-resolved	no-automatic-action
org.lr	2026-07-21T17:36:55.0867597+00:00	failed			Exception calling "Wait" with "1" argument(s): "One or more errors occurred."	request-failure	0	0		http://org.lr/	org.lr			False	Exception calling "GetResult" with "0" argument(s): "An error occurred while sending the request."	request-failure	0	0		https://org.lr/	org.lr			False	Exception calling "GetResult" with "0" argument(s): "An error occurred while sending the request."	not-resolved	no-automatic-action
org.ls	2026-07-21T17:36:56.2844101+00:00	failed			Exception calling "Wait" with "1" argument(s): "One or more errors occurred."	request-failure	0	0		http://org.ls/	org.ls			False	Exception calling "GetResult" with "0" argument(s): "An error occurred while sending the request."	request-failure	0	0		https://org.ls/	org.ls			False	Exception calling "GetResult" with "0" argument(s): "An error occurred while sending the request."	not-resolved	no-automatic-action
org.lv	2026-07-21T17:36:57.4957797+00:00	failed			Exception calling "Wait" with "1" argument(s): "One or more errors occurred."	request-failure	0	0		http://org.lv/	org.lv			False	Exception calling "GetResult" with "0" argument(s): "An error occurred while sending the request."	request-failure	0	0		https://org.lv/	org.lv			False	Exception calling "GetResult" with "0" argument(s): "An error occurred while sending the request."	not-resolved	no-automatic-action
org.mk	2026-07-21T17:36:58.5678682+00:00	failed			Exception calling "Wait" with "1" argument(s): "One or more errors occurred."	request-failure	0	0		http://org.mk/	org.mk			False	Exception calling "GetResult" with "0" argument(s): "An error occurred while sending the request."	request-failure	0	0		https://org.mk/	org.mk			False	Exception calling "GetResult" with "0" argument(s): "An error occurred while sending the request."	not-resolved	no-automatic-action
org.mx	2026-07-21T17:36:59.6011144+00:00	failed			Exception calling "Wait" with "1" argument(s): "One or more errors occurred."	request-failure	0	0		http://org.mx/	org.mx			False	Exception calling "GetResult" with "0" argument(s): "An error occurred while sending the request."	request-failure	0	0		https://org.mx/	org.mx			False	Exception calling "GetResult" with "0" argument(s): "An error occurred while sending the request."	not-resolved	no-automatic-action
org.nr	2026-07-21T17:37:00.7918578+00:00	failed			Exception calling "Wait" with "1" argument(s): "One or more errors occurred."	request-failure	0	0		http://org.nr/	org.nr			False	Exception calling "GetResult" with "0" argument(s): "An error occurred while sending the request."	request-failure	0	0		https://org.nr/	org.nr			False	Exception calling "GetResult" with "0" argument(s): "An error occurred while sending the request."	not-resolved	no-automatic-action
org.nz	2026-07-21T17:37:02.1959333+00:00	failed			Exception calling "Wait" with "1" argument(s): "One or more errors occurred."	request-failure	0	0		http://org.nz/	org.nz			False	Exception calling "GetResult" with "0" argument(s): "An error occurred while sending the request."	request-failure	0	0		https://org.nz/	org.nz			False	Exception calling "GetResult" with "0" argument(s): "An error occurred while sending the request."	not-resolved	no-automatic-action
org.pe	2026-07-21T17:37:03.2544585+00:00	failed			Exception calling "Wait" with "1" argument(s): "One or more errors occurred."	request-failure	0	0		http://org.pe/	org.pe			False	Exception calling "GetResult" with "0" argument(s): "An error occurred while sending the request."	request-failure	0	0		https://org.pe/	org.pe			False	Exception calling "GetResult" with "0" argument(s): "An error occurred while sending the request."	not-resolved	no-automatic-action
org.ph	2026-07-21T17:37:04.2830999+00:00	failed			Exception calling "Wait" with "1" argument(s): "One or more errors occurred."	request-failure	0	0		http://org.ph/	org.ph			False	Exception calling "GetResult" with "0" argument(s): "An error occurred while sending the request."	request-failure	0	0		https://org.ph/	org.ph			False	Exception calling "GetResult" with "0" argument(s): "An error occurred while sending the request."	not-resolved	no-automatic-action
org.pl	2026-07-21T17:37:05.3870380+00:00	failed			Exception calling "Wait" with "1" argument(s): "One or more errors occurred."	request-failure	0	0		http://org.pl/	org.pl			False	Exception calling "GetResult" with "0" argument(s): "An error occurred while sending the request."	request-failure	0	0		https://org.pl/	org.pl			False	Exception calling "GetResult" with "0" argument(s): "An error occurred while sending the request."	not-resolved	no-automatic-action
org.ro	2026-07-21T17:37:06.4117622+00:00	failed			Exception calling "Wait" with "1" argument(s): "One or more errors occurred."	request-failure	0	0		http://org.ro/	org.ro			False	Exception calling "GetResult" with "0" argument(s): "An error occurred while sending the request."	request-failure	0	0		https://org.ro/	org.ro			False	Exception calling "GetResult" with "0" argument(s): "An error occurred while sending the request."	not-resolved	no-automatic-action
org.sg	2026-07-21T17:37:07.4465245+00:00	failed			Exception calling "Wait" with "1" argument(s): "One or more errors occurred."	request-failure	0	0		http://org.sg/	org.sg			False	Exception calling "GetResult" with "0" argument(s): "An error occurred while sending the request."	request-failure	0	0		https://org.sg/	org.sg			False	Exception calling "GetResult" with "0" argument(s): "An error occurred while sending the request."	not-resolved	no-automatic-action
org.sh	2026-07-21T17:37:08.5025492+00:00	failed			Exception calling "Wait" with "1" argument(s): "One or more errors occurred."	request-failure	0	0		http://org.sh/	org.sh			False	Exception calling "GetResult" with "0" argument(s): "An error occurred while sending the request."	request-failure	0	0		https://org.sh/	org.sh			False	Exception calling "GetResult" with "0" argument(s): "An error occurred while sending the request."	not-resolved	no-automatic-action
org.tr	2026-07-21T17:37:09.5602253+00:00	failed			Exception calling "Wait" with "1" argument(s): "One or more errors occurred."	request-failure	0	0		http://org.tr/	org.tr			False	Exception calling "GetResult" with "0" argument(s): "An error occurred while sending the request."	request-failure	0	0		https://org.tr/	org.tr			False	Exception calling "GetResult" with "0" argument(s): "An error occurred while sending the request."	not-resolved	no-automatic-action
org.tw	2026-07-21T17:37:10.6078196+00:00	failed			Exception calling "Wait" with "1" argument(s): "One or more errors occurred."	request-failure	0	0		http://org.tw/	org.tw			False	Exception calling "GetResult" with "0" argument(s): "An error occurred while sending the request."	request-failure	0	0		https://org.tw/	org.tw			False	Exception calling "GetResult" with "0" argument(s): "An error occurred while sending the request."	not-resolved	no-automatic-action
org.uk	2026-07-21T17:37:11.6576751+00:00	failed			Exception calling "Wait" with "1" argument(s): "One or more errors occurred."	request-failure	0	0		http://org.uk/	org.uk			False	Exception calling "GetResult" with "0" argument(s): "An error occurred while sending the request."	request-failure	0	0		https://org.uk/	org.uk			False	Exception calling "GetResult" with "0" argument(s): "An error occurred while sending the request."	not-resolved	no-automatic-action
org.ve	2026-07-21T17:37:12.6989095+00:00	failed			Exception calling "Wait" with "1" argument(s): "One or more errors occurred."	request-failure	0	0		http://org.ve/	org.ve			False	Exception calling "GetResult" with "0" argument(s): "An error occurred while sending the request."	request-failure	0	0		https://org.ve/	org.ve			False	Exception calling "GetResult" with "0" argument(s): "An error occurred while sending the request."	not-resolved	no-automatic-action
org.yt	2026-07-21T17:37:14.2672919+00:00	failed			Exception calling "Wait" with "1" argument(s): "One or more errors occurred."	request-failure	0	0		http://org.yt/	org.yt			False	Exception calling "GetResult" with "0" argument(s): "An error occurred while sending the request."	request-failure	0	0		https://org.yt/	org.yt			False	Exception calling "GetResult" with "0" argument(s): "An error occurred while sending the request."	not-resolved	no-automatic-action
org.za	2026-07-21T17:37:15.2991883+00:00	failed			Exception calling "Wait" with "1" argument(s): "One or more errors occurred."	request-failure	0	0		http://org.za/	org.za			False	Exception calling "GetResult" with "0" argument(s): "An error occurred while sending the request."	request-failure	0	0		https://org.za/	org.za			False	Exception calling "GetResult" with "0" argument(s): "An error occurred while sending the request."	not-resolved	no-automatic-action
oristano.it	2026-07-21T17:37:16.3459267+00:00	failed			Exception calling "Wait" with "1" argument(s): "One or more errors occurred."	request-failure	0	0		http://oristano.it/	oristano.it			False	Exception calling "GetResult" with "0" argument(s): "An error occurred while sending the request."	request-failure	0	0		https://oristano.it/	oristano.it			False	Exception calling "GetResult" with "0" argument(s): "An error occurred while sending the request."	not-resolved	no-automatic-action
orkdal.no	2026-07-21T17:37:17.3686331+00:00	failed			Exception calling "Wait" with "1" argument(s): "One or more errors occurred."	request-failure	0	0		http://orkdal.no/	orkdal.no			False	Exception calling "GetResult" with "0" argument(s): "An error occurred while sending the request."	request-failure	0	0		https://orkdal.no/	orkdal.no			False	Exception calling "GetResult" with "0" argument(s): "An error occurred while sending the request."	not-resolved	no-automatic-action
orland.no	2026-07-21T17:37:18.4545997+00:00	failed			Exception calling "Wait" with "1" argument(s): "One or more errors occurred."	request-failure	0	0		http://orland.no/	orland.no			False	Exception calling "GetResult" with "0" argument(s): "An error occurred while sending the request."	request-failure	0	0		https://orland.no/	orland.no			False	Exception calling "GetResult" with "0" argument(s): "An error occurred while sending the request."	not-resolved	no-automatic-action
orsites.com	2026-07-21T17:37:19.5300319+00:00	resolved	10.5.4.26			timeout	0	0		http://orsites.com/	orsites.com			False	Exception calling "GetResult" with "0" argument(s): "A task was canceled."	timeout	0	0		https://orsites.com/	orsites.com			False	Exception calling "GetResult" with "0" argument(s): "A task was canceled."	temporarily-inconclusive	retest-later
os.hedmark.no	2026-07-21T17:38:00.5700973+00:00	failed			Exception calling "Wait" with "1" argument(s): "One or more errors occurred."	request-failure	0	0		http://os.hedmark.no/	os.hedmark.no			False	Exception calling "GetResult" with "0" argument(s): "An error occurred while sending the request."	request-failure	0	0		https://os.hedmark.no/	os.hedmark.no			False	Exception calling "GetResult" with "0" argument(s): "An error occurred while sending the request."	not-resolved	no-automatic-action
os.hordaland.no	2026-07-21T17:38:01.6502170+00:00	failed			Exception calling "Wait" with "1" argument(s): "One or more errors occurred."	request-failure	0	0		http://os.hordaland.no/	os.hordaland.no			False	Exception calling "GetResult" with "0" argument(s): "An error occurred while sending the request."	request-failure	0	0		https://os.hordaland.no/	os.hordaland.no			False	Exception calling "GetResult" with "0" argument(s): "An error occurred while sending the request."	not-resolved	no-automatic-action
osaka.jp	2026-07-21T17:38:02.7327266+00:00	failed			Exception calling "Wait" with "1" argument(s): "One or more errors occurred."	request-failure	0	0		http://osaka.jp/	osaka.jp			False	Exception calling "GetResult" with "0" argument(s): "An error occurred while sending the request."	request-failure	0	0		https://osaka.jp/	osaka.jp			False	Exception calling "GetResult" with "0" argument(s): "An error occurred while sending the request."	not-resolved	no-automatic-action
oslo.no	2026-07-21T17:38:03.7810668+00:00	failed			Exception calling "Wait" with "1" argument(s): "One or more errors occurred."	request-failure	0	0		http://oslo.no/	oslo.no			False	Exception calling "GetResult" with "0" argument(s): "An error occurred while sending the request."	request-failure	0	0		https://oslo.no/	oslo.no			False	Exception calling "GetResult" with "0" argument(s): "An error occurred while sending the request."	not-resolved	no-automatic-action
ostroda.pl	2026-07-21T17:38:04.8442004+00:00	failed			Exception calling "Wait" with "1" argument(s): "One or more errors occurred."	request-failure	0	0		http://ostroda.pl/	ostroda.pl			False	Exception calling "GetResult" with "0" argument(s): "An error occurred while sending the request."	request-failure	0	0		https://ostroda.pl/	ostroda.pl			False	Exception calling "GetResult" with "0" argument(s): "An error occurred while sending the request."	not-resolved	no-automatic-action
ostroleka.pl	2026-07-21T17:38:05.8851319+00:00	failed			Exception calling "Wait" with "1" argument(s): "One or more errors occurred."	request-failure	0	0		http://ostroleka.pl/	ostroleka.pl			False	Exception calling "GetResult" with "0" argument(s): "An error occurred while sending the request."	request-failure	0	0		https://ostroleka.pl/	ostroleka.pl			False	Exception calling "GetResult" with "0" argument(s): "An error occurred while sending the request."	not-resolved	no-automatic-action
ostrowiec.pl	2026-07-21T17:38:06.9394686+00:00	failed			Exception calling "Wait" with "1" argument(s): "One or more errors occurred."	request-failure	0	0		http://ostrowiec.pl/	ostrowiec.pl			False	Exception calling "GetResult" with "0" argument(s): "An error occurred while sending the request."	request-failure	0	0		https://ostrowiec.pl/	ostrowiec.pl			False	Exception calling "GetResult" with "0" argument(s): "An error occurred while sending the request."	not-resolved	no-automatic-action
ostrowwlkp.pl	2026-07-21T17:38:07.9926583+00:00	failed			Exception calling "Wait" with "1" argument(s): "One or more errors occurred."	request-failure	0	0		http://ostrowwlkp.pl/	ostrowwlkp.pl			False	Exception calling "GetResult" with "0" argument(s): "An error occurred while sending the request."	request-failure	0	0		https://ostrowwlkp.pl/	ostrowwlkp.pl			False	Exception calling "GetResult" with "0" argument(s): "An error occurred while sending the request."	not-resolved	no-automatic-action
ot.it	2026-07-21T17:38:09.0435369+00:00	failed			Exception calling "Wait" with "1" argument(s): "One or more errors occurred."	request-failure	0	0		http://ot.it/	ot.it			False	Exception calling "GetResult" with "0" argument(s): "An error occurred while sending the request."	request-failure	0	0		https://ot.it/	ot.it			False	Exception calling "GetResult" with "0" argument(s): "An error occurred while sending the request."	not-resolved	no-automatic-action
ownip.net	2026-07-21T17:38:10.0726161+00:00	resolved	158.69.201.22			timeout	0	0		http://ownip.net/	ownip.net			False	Exception calling "GetResult" with "0" argument(s): "A task was canceled."	timeout	0	0		https://ownip.net/	ownip.net			False	Exception calling "GetResult" with "0" argument(s): "A task was canceled."	temporarily-inconclusive	retest-later
oxa.cloud	2026-07-21T17:38:51.3110137+00:00	resolved	197.13.10.134			timeout	0	0		http://oxa.cloud/	oxa.cloud			False	Exception calling "GetResult" with "0" argument(s): "A task was canceled."	timeout	0	0		https://oxa.cloud/	oxa.cloud			False	Exception calling "GetResult" with "0" argument(s): "A task was canceled."	temporarily-inconclusive	retest-later
oz.au	2026-07-21T17:39:32.4107923+00:00	failed			Exception calling "Wait" with "1" argument(s): "One or more errors occurred."	request-failure	0	0		http://oz.au/	oz.au			False	Exception calling "GetResult" with "0" argument(s): "An error occurred while sending the request."	request-failure	0	0		https://oz.au/	oz.au			False	Exception calling "GetResult" with "0" argument(s): "An error occurred while sending the request."	not-resolved	no-automatic-action
p.se	2026-07-21T17:39:33.7252113+00:00	failed			Exception calling "Wait" with "1" argument(s): "One or more errors occurred."	request-failure	0	0		http://p.se/	p.se			False	Exception calling "GetResult" with "0" argument(s): "An error occurred while sending the request."	request-failure	0	0		https://p.se/	p.se			False	Exception calling "GetResult" with "0" argument(s): "An error occurred while sending the request."	not-resolved	no-automatic-action
pa.it	2026-07-21T17:39:34.7646032+00:00	failed			Exception calling "Wait" with "1" argument(s): "One or more errors occurred."	request-failure	0	0		http://pa.it/	pa.it			False	Exception calling "GetResult" with "0" argument(s): "An error occurred while sending the request."	request-failure	0	0		https://pa.it/	pa.it			False	Exception calling "GetResult" with "0" argument(s): "An error occurred while sending the request."	not-resolved	no-automatic-action
pa.leg.br	2026-07-21T17:39:35.7983224+00:00	failed			Exception calling "Wait" with "1" argument(s): "One or more errors occurred."	request-failure	0	0		http://pa.leg.br/	pa.leg.br			False	Exception calling "GetResult" with "0" argument(s): "An error occurred while sending the request."	request-failure	0	0		https://pa.leg.br/	pa.leg.br			False	Exception calling "GetResult" with "0" argument(s): "An error occurred while sending the request."	not-resolved	no-automatic-action
pa.us	2026-07-21T17:39:37.0827275+00:00	failed			Exception calling "Wait" with "1" argument(s): "One or more errors occurred."	request-failure	0	0		http://pa.us/	pa.us			False	Exception calling "GetResult" with "0" argument(s): "An error occurred while sending the request."	request-failure	0	0		https://pa.us/	pa.us			False	Exception calling "GetResult" with "0" argument(s): "An error occurred while sending the request."	not-resolved	no-automatic-action
padova.it	2026-07-21T17:39:38.1379049+00:00	failed			Exception calling "Wait" with "1" argument(s): "One or more errors occurred."	request-failure	0	0		http://padova.it/	padova.it			False	Exception calling "GetResult" with "0" argument(s): "An error occurred while sending the request."	request-failure	0	0		https://padova.it/	padova.it			False	Exception calling "GetResult" with "0" argument(s): "An error occurred while sending the request."	not-resolved	no-automatic-action
palermo.it	2026-07-21T17:39:39.2176981+00:00	failed			Exception calling "Wait" with "1" argument(s): "One or more errors occurred."	request-failure	0	0		http://palermo.it/	palermo.it			False	Exception calling "GetResult" with "0" argument(s): "An error occurred while sending the request."	request-failure	0	0		https://palermo.it/	palermo.it			False	Exception calling "GetResult" with "0" argument(s): "An error occurred while sending the request."	not-resolved	no-automatic-action
panel.gg	2026-07-21T17:39:40.2515264+00:00	failed			Exception calling "Wait" with "1" argument(s): "One or more errors occurred."	request-failure	0	0		http://panel.gg/	panel.gg			False	Exception calling "GetResult" with "0" argument(s): "An error occurred while sending the request."	request-failure	0	0		https://panel.gg/	panel.gg			False	Exception calling "GetResult" with "0" argument(s): "An error occurred while sending the request."	not-resolved	no-automatic-action
pantheonsite.io	2026-07-21T17:39:41.3126064+00:00	resolved	192.237.224.60	2001:4801:7901:0:c5ce:526c:0:1a		timeout	0	0		http://pantheonsite.io/	pantheonsite.io			False	Exception calling "GetResult" with "0" argument(s): "A task was canceled."	timeout	0	0		https://pantheonsite.io/	pantheonsite.io			False	Exception calling "GetResult" with "0" argument(s): "A task was canceled."	temporarily-inconclusive	retest-later
parliament.nz	2026-07-21T17:40:22.3676213+00:00	failed			Exception calling "Wait" with "1" argument(s): "One or more errors occurred."	request-failure	0	0		http://parliament.nz/	parliament.nz			False	Exception calling "GetResult" with "0" argument(s): "An error occurred while sending the request."	request-failure	0	0		https://parliament.nz/	parliament.nz			False	Exception calling "GetResult" with "0" argument(s): "An error occurred while sending the request."	not-resolved	no-automatic-action
parma.it	2026-07-21T17:40:23.5899303+00:00	failed			Exception calling "Wait" with "1" argument(s): "One or more errors occurred."	request-failure	0	0		http://parma.it/	parma.it			False	Exception calling "GetResult" with "0" argument(s): "An error occurred while sending the request."	request-failure	0	0		https://parma.it/	parma.it			False	Exception calling "GetResult" with "0" argument(s): "An error occurred while sending the request."	not-resolved	no-automatic-action
pavia.it	2026-07-21T17:40:24.6744517+00:00	failed			Exception calling "Wait" with "1" argument(s): "One or more errors occurred."	request-failure	0	0		http://pavia.it/	pavia.it			False	Exception calling "GetResult" with "0" argument(s): "An error occurred while sending the request."	request-failure	0	0		https://pavia.it/	pavia.it			False	Exception calling "GetResult" with "0" argument(s): "An error occurred while sending the request."	not-resolved	no-automatic-action
pb.gov.br	2026-07-21T17:40:25.7126909+00:00	resolved	200.164.109.54			timeout	0	0		http://pb.gov.br/	pb.gov.br			False	Exception calling "GetResult" with "0" argument(s): "A task was canceled."	timeout	0	0		https://pb.gov.br/	pb.gov.br			False	Exception calling "GetResult" with "0" argument(s): "A task was canceled."	temporarily-inconclusive	retest-later
pb.leg.br	2026-07-21T17:41:06.9275191+00:00	failed			Exception calling "Wait" with "1" argument(s): "One or more errors occurred."	request-failure	0	0		http://pb.leg.br/	pb.leg.br			False	Exception calling "GetResult" with "0" argument(s): "An error occurred while sending the request."	request-failure	0	0		https://pb.leg.br/	pb.leg.br			False	Exception calling "GetResult" with "0" argument(s): "An error occurred while sending the request."	not-resolved	no-automatic-action
pc.it	2026-07-21T17:41:08.1973070+00:00	failed			Exception calling "Wait" with "1" argument(s): "One or more errors occurred."	request-failure	0	0		http://pc.it/	pc.it			False	Exception calling "GetResult" with "0" argument(s): "An error occurred while sending the request."	request-failure	0	0		https://pc.it/	pc.it			False	Exception calling "GetResult" with "0" argument(s): "An error occurred while sending the request."	not-resolved	no-automatic-action
pc.pl	2026-07-21T17:41:09.2701365+00:00	failed			Exception calling "Wait" with "1" argument(s): "One or more errors occurred."	request-failure	0	0		http://pc.pl/	pc.pl			False	Exception calling "GetResult" with "0" argument(s): "An error occurred while sending the request."	request-failure	0	0		https://pc.pl/	pc.pl			False	Exception calling "GetResult" with "0" argument(s): "An error occurred while sending the request."	not-resolved	no-automatic-action
pd.it	2026-07-21T17:41:10.2995889+00:00	failed			Exception calling "Wait" with "1" argument(s): "One or more errors occurred."	request-failure	0	0		http://pd.it/	pd.it			False	Exception calling "GetResult" with "0" argument(s): "An error occurred while sending the request."	request-failure	0	0		https://pd.it/	pd.it			False	Exception calling "GetResult" with "0" argument(s): "An error occurred while sending the request."	not-resolved	no-automatic-action
pe.ca	2026-07-21T17:41:11.3393807+00:00	failed			Exception calling "Wait" with "1" argument(s): "One or more errors occurred."	request-failure	0	0		http://pe.ca/	pe.ca			False	Exception calling "GetResult" with "0" argument(s): "An error occurred while sending the request."	request-failure	0	0		https://pe.ca/	pe.ca			False	Exception calling "GetResult" with "0" argument(s): "An error occurred while sending the request."	not-resolved	no-automatic-action
pe.gov.br	2026-07-21T17:41:12.3875781+00:00	resolved	200.238.75.200			timeout	0	0		http://pe.gov.br/	pe.gov.br			False	Exception calling "GetResult" with "0" argument(s): "A task was canceled."	timeout	0	0		https://pe.gov.br/	pe.gov.br			False	Exception calling "GetResult" with "0" argument(s): "A task was canceled."	temporarily-inconclusive	retest-later
pe.it	2026-07-21T17:41:53.7235546+00:00	failed			Exception calling "Wait" with "1" argument(s): "One or more errors occurred."	request-failure	0	0		http://pe.it/	pe.it			False	Exception calling "GetResult" with "0" argument(s): "An error occurred while sending the request."	request-failure	0	0		https://pe.it/	pe.it			False	Exception calling "GetResult" with "0" argument(s): "An error occurred while sending the request."	not-resolved	no-automatic-action
pe.kr	2026-07-21T17:41:54.7465921+00:00	failed			Exception calling "Wait" with "1" argument(s): "One or more errors occurred."	request-failure	0	0		http://pe.kr/	pe.kr			False	Exception calling "GetResult" with "0" argument(s): "An error occurred while sending the request."	request-failure	0	0		https://pe.kr/	pe.kr			False	Exception calling "GetResult" with "0" argument(s): "An error occurred while sending the request."	not-resolved	no-automatic-action
pe.leg.br	2026-07-21T17:41:56.0462035+00:00	failed			Exception calling "Wait" with "1" argument(s): "One or more errors occurred."	request-failure	0	0		http://pe.leg.br/	pe.leg.br			False	Exception calling "GetResult" with "0" argument(s): "An error occurred while sending the request."	request-failure	0	0		https://pe.leg.br/	pe.leg.br			False	Exception calling "GetResult" with "0" argument(s): "An error occurred while sending the request."	not-resolved	no-automatic-action
perspecta.cloud	2026-07-21T17:41:57.3360502+00:00	resolved	192.4.1.22			timeout	0	0		http://perspecta.cloud/	perspecta.cloud			False	Exception calling "GetResult" with "0" argument(s): "A task was canceled."	timeout	0	0		https://perspecta.cloud/	perspecta.cloud			False	Exception calling "GetResult" with "0" argument(s): "A task was canceled."	temporarily-inconclusive	retest-later
perugia.it	2026-07-21T17:42:38.5135121+00:00	failed			Exception calling "Wait" with "1" argument(s): "One or more errors occurred."	request-failure	0	0		http://perugia.it/	perugia.it			False	Exception calling "GetResult" with "0" argument(s): "An error occurred while sending the request."	request-failure	0	0		https://perugia.it/	perugia.it			False	Exception calling "GetResult" with "0" argument(s): "An error occurred while sending the request."	not-resolved	no-automatic-action
pescara.it	2026-07-21T17:42:39.5466199+00:00	failed			Exception calling "Wait" with "1" argument(s): "One or more errors occurred."	request-failure	0	0		http://pescara.it/	pescara.it			False	Exception calling "GetResult" with "0" argument(s): "An error occurred while sending the request."	request-failure	0	0		https://pescara.it/	pescara.it			False	Exception calling "GetResult" with "0" argument(s): "An error occurred while sending the request."	not-resolved	no-automatic-action
pg.in	2026-07-21T17:42:40.5746052+00:00	failed			Exception calling "Wait" with "1" argument(s): "One or more errors occurred."	request-failure	0	0		http://pg.in/	pg.in			False	Exception calling "GetResult" with "0" argument(s): "An error occurred while sending the request."	request-failure	0	0		https://pg.in/	pg.in			False	Exception calling "GetResult" with "0" argument(s): "An error occurred while sending the request."	not-resolved	no-automatic-action
pg.it	2026-07-21T17:42:41.6122983+00:00	failed			Exception calling "Wait" with "1" argument(s): "One or more errors occurred."	request-failure	0	0		http://pg.it/	pg.it			False	Exception calling "GetResult" with "0" argument(s): "An error occurred while sending the request."	request-failure	0	0		https://pg.it/	pg.it			False	Exception calling "GetResult" with "0" argument(s): "An error occurred while sending the request."	not-resolved	no-automatic-action
pgw.jp	2026-07-21T17:42:42.6472012+00:00	failed			Exception calling "Wait" with "1" argument(s): "One or more errors occurred."	request-failure	0	0		http://pgw.jp/	pgw.jp			False	Exception calling "GetResult" with "0" argument(s): "An error occurred while sending the request."	request-failure	0	0		https://pgw.jp/	pgw.jp			False	Exception calling "GetResult" with "0" argument(s): "An error occurred while sending the request."	not-resolved	no-automatic-action
pharmacien.fr	2026-07-21T17:42:43.9353989+00:00	failed			Exception calling "Wait" with "1" argument(s): "One or more errors occurred."	request-failure	0	0		http://pharmacien.fr/	pharmacien.fr			False	Exception calling "GetResult" with "0" argument(s): "An error occurred while sending the request."	request-failure	0	0		https://pharmacien.fr/	pharmacien.fr			False	Exception calling "GetResult" with "0" argument(s): "An error occurred while sending the request."	not-resolved	no-automatic-action
pi.gov.br	2026-07-21T17:42:45.0363922+00:00	failed			Exception calling "Wait" with "1" argument(s): "One or more errors occurred."	request-failure	0	0		http://pi.gov.br/	pi.gov.br			False	Exception calling "GetResult" with "0" argument(s): "An error occurred while sending the request."	request-failure	0	0		https://pi.gov.br/	pi.gov.br			False	Exception calling "GetResult" with "0" argument(s): "An error occurred while sending the request."	not-resolved	no-automatic-action
pi.it	2026-07-21T17:42:46.2559940+00:00	failed			Exception calling "Wait" with "1" argument(s): "One or more errors occurred."	request-failure	0	0		http://pi.it/	pi.it			False	Exception calling "GetResult" with "0" argument(s): "An error occurred while sending the request."	request-failure	0	0		https://pi.it/	pi.it			False	Exception calling "GetResult" with "0" argument(s): "An error occurred while sending the request."	not-resolved	no-automatic-action
pi.leg.br	2026-07-21T17:42:47.2929720+00:00	failed			Exception calling "Wait" with "1" argument(s): "One or more errors occurred."	request-failure	0	0		http://pi.leg.br/	pi.leg.br			False	Exception calling "GetResult" with "0" argument(s): "An error occurred while sending the request."	request-failure	0	0		https://pi.leg.br/	pi.leg.br			False	Exception calling "GetResult" with "0" argument(s): "An error occurred while sending the request."	not-resolved	no-automatic-action
piacenza.it	2026-07-21T17:42:48.5576842+00:00	failed			Exception calling "Wait" with "1" argument(s): "One or more errors occurred."	request-failure	0	0		http://piacenza.it/	piacenza.it			False	Exception calling "GetResult" with "0" argument(s): "An error occurred while sending the request."	request-failure	0	0		https://piacenza.it/	piacenza.it			False	Exception calling "GetResult" with "0" argument(s): "An error occurred while sending the request."	not-resolved	no-automatic-action
piemonte.it	2026-07-21T17:42:49.6203130+00:00	failed			Exception calling "Wait" with "1" argument(s): "One or more errors occurred."	request-failure	0	0		http://piemonte.it/	piemonte.it			False	Exception calling "GetResult" with "0" argument(s): "An error occurred while sending the request."	request-failure	0	0		https://piemonte.it/	piemonte.it			False	Exception calling "GetResult" with "0" argument(s): "An error occurred while sending the request."	not-resolved	no-automatic-action
pila.pl	2026-07-21T17:42:50.7560880+00:00	failed			Exception calling "Wait" with "1" argument(s): "One or more errors occurred."	request-failure	0	0		http://pila.pl/	pila.pl			False	Exception calling "GetResult" with "0" argument(s): "An error occurred while sending the request."	request-failure	0	0		https://pila.pl/	pila.pl			False	Exception calling "GetResult" with "0" argument(s): "An error occurred while sending the request."	not-resolved	no-automatic-action
pinb.gov.pl	2026-07-21T17:42:51.8025800+00:00	failed			Exception calling "Wait" with "1" argument(s): "One or more errors occurred."	request-failure	0	0		http://pinb.gov.pl/	pinb.gov.pl			False	Exception calling "GetResult" with "0" argument(s): "An error occurred while sending the request."	request-failure	0	0		https://pinb.gov.pl/	pinb.gov.pl			False	Exception calling "GetResult" with "0" argument(s): "An error occurred while sending the request."	not-resolved	no-automatic-action
pisa.it	2026-07-21T17:42:52.8415575+00:00	failed			Exception calling "Wait" with "1" argument(s): "One or more errors occurred."	request-failure	0	0		http://pisa.it/	pisa.it			False	Exception calling "GetResult" with "0" argument(s): "An error occurred while sending the request."	request-failure	0	0		https://pisa.it/	pisa.it			False	Exception calling "GetResult" with "0" argument(s): "An error occurred while sending the request."	not-resolved	no-automatic-action
pistoia.it	2026-07-21T17:42:53.8817926+00:00	failed			Exception calling "Wait" with "1" argument(s): "One or more errors occurred."	request-failure	0	0		http://pistoia.it/	pistoia.it			False	Exception calling "GetResult" with "0" argument(s): "An error occurred while sending the request."	request-failure	0	0		https://pistoia.it/	pistoia.it			False	Exception calling "GetResult" with "0" argument(s): "An error occurred while sending the request."	not-resolved	no-automatic-action
pisz.pl	2026-07-21T17:42:54.9257054+00:00	failed			Exception calling "Wait" with "1" argument(s): "One or more errors occurred."	request-failure	0	0		http://pisz.pl/	pisz.pl			False	Exception calling "GetResult" with "0" argument(s): "An error occurred while sending the request."	request-failure	0	0		https://pisz.pl/	pisz.pl			False	Exception calling "GetResult" with "0" argument(s): "An error occurred while sending the request."	not-resolved	no-automatic-action
pixolino.com	2026-07-21T17:42:55.9587798+00:00	resolved	104.155.100.125			timeout	0	0		http://pixolino.com/	pixolino.com			False	Exception calling "GetResult" with "0" argument(s): "A task was canceled."	timeout	0	0		https://pixolino.com/	pixolino.com			False	Exception calling "GetResult" with "0" argument(s): "A task was canceled."	temporarily-inconclusive	retest-later
pl.ua	2026-07-21T17:43:37.0217315+00:00	failed			Exception calling "Wait" with "1" argument(s): "One or more errors occurred."	request-failure	0	0		http://pl.ua/	pl.ua			False	Exception calling "GetResult" with "0" argument(s): "An error occurred while sending the request."	request-failure	0	0		https://pl.ua/	pl.ua			False	Exception calling "GetResult" with "0" argument(s): "An error occurred while sending the request."	not-resolved	no-automatic-action
playstation-cloud.com	2026-07-21T17:43:38.2999847+00:00	resolved	104.142.251.224			timeout	0	0		http://playstation-cloud.com/	playstation-cloud.com			False	Exception calling "GetResult" with "0" argument(s): "A task was canceled."	timeout	0	0		https://playstation-cloud.com/	playstation-cloud.com			False	Exception calling "GetResult" with "0" argument(s): "A task was canceled."	temporarily-inconclusive	retest-later
plc.uk	2026-07-21T17:44:19.3634719+00:00	failed			Exception calling "Wait" with "1" argument(s): "One or more errors occurred."	request-failure	0	0		http://plc.uk/	plc.uk			False	Exception calling "GetResult" with "0" argument(s): "An error occurred while sending the request."	request-failure	0	0		https://plc.uk/	plc.uk			False	Exception calling "GetResult" with "0" argument(s): "An error occurred while sending the request."	not-resolved	no-automatic-action
plesk.page	2026-07-21T17:44:20.4105635+00:00	failed			Exception calling "Wait" with "1" argument(s): "One or more errors occurred."	request-failure	0	0		http://plesk.page/	plesk.page			False	Exception calling "GetResult" with "0" argument(s): "An error occurred while sending the request."	request-failure	0	0		https://plesk.page/	plesk.page			False	Exception calling "GetResult" with "0" argument(s): "An error occurred while sending the request."	not-resolved	no-automatic-action
plo.ps	2026-07-21T17:44:21.4656336+00:00	resolved	46.43.66.107			timeout	0	0		http://plo.ps/	plo.ps			False	Exception calling "GetResult" with "0" argument(s): "A task was canceled."	timeout	0	0		https://plo.ps/	plo.ps			False	Exception calling "GetResult" with "0" argument(s): "A task was canceled."	temporarily-inconclusive	retest-later
pn.it	2026-07-21T17:45:02.5724606+00:00	failed			Exception calling "Wait" with "1" argument(s): "One or more errors occurred."	request-failure	0	0		http://pn.it/	pn.it			False	Exception calling "GetResult" with "0" argument(s): "An error occurred while sending the request."	request-failure	0	0		https://pn.it/	pn.it			False	Exception calling "GetResult" with "0" argument(s): "An error occurred while sending the request."	not-resolved	no-automatic-action
po.gov.pl	2026-07-21T17:45:03.6170392+00:00	failed			Exception calling "Wait" with "1" argument(s): "One or more errors occurred."	request-failure	0	0		http://po.gov.pl/	po.gov.pl			False	Exception calling "GetResult" with "0" argument(s): "An error occurred while sending the request."	request-failure	0	0		https://po.gov.pl/	po.gov.pl			False	Exception calling "GetResult" with "0" argument(s): "An error occurred while sending the request."	not-resolved	no-automatic-action
po.it	2026-07-21T17:45:04.6580961+00:00	failed			Exception calling "Wait" with "1" argument(s): "One or more errors occurred."	request-failure	0	0		http://po.it/	po.it			False	Exception calling "GetResult" with "0" argument(s): "An error occurred while sending the request."	request-failure	0	0		https://po.it/	po.it			False	Exception calling "GetResult" with "0" argument(s): "An error occurred while sending the request."	not-resolved	no-automatic-action
poa.br	2026-07-21T17:45:05.6929844+00:00	failed			Exception calling "Wait" with "1" argument(s): "One or more errors occurred."	request-failure	0	0		http://poa.br/	poa.br			False	Exception calling "GetResult" with "0" argument(s): "An error occurred while sending the request."	request-failure	0	0		https://poa.br/	poa.br			False	Exception calling "GetResult" with "0" argument(s): "An error occurred while sending the request."	not-resolved	no-automatic-action
podhale.pl	2026-07-21T17:45:06.7537933+00:00	failed			Exception calling "Wait" with "1" argument(s): "One or more errors occurred."	request-failure	0	0		http://podhale.pl/	podhale.pl			False	Exception calling "GetResult" with "0" argument(s): "An error occurred while sending the request."	request-failure	0	0		https://podhale.pl/	podhale.pl			False	Exception calling "GetResult" with "0" argument(s): "An error occurred while sending the request."	not-resolved	no-automatic-action
podlasie.pl	2026-07-21T17:45:07.7900460+00:00	failed			Exception calling "Wait" with "1" argument(s): "One or more errors occurred."	request-failure	0	0		http://podlasie.pl/	podlasie.pl			False	Exception calling "GetResult" with "0" argument(s): "An error occurred while sending the request."	request-failure	0	0		https://podlasie.pl/	podlasie.pl			False	Exception calling "GetResult" with "0" argument(s): "An error occurred while sending the request."	not-resolved	no-automatic-action
pol.tr	2026-07-21T17:45:08.8440606+00:00	failed			Exception calling "Wait" with "1" argument(s): "One or more errors occurred."	request-failure	0	0		http://pol.tr/	pol.tr			False	Exception calling "GetResult" with "0" argument(s): "An error occurred while sending the request."	request-failure	0	0		https://pol.tr/	pol.tr			False	Exception calling "GetResult" with "0" argument(s): "An error occurred while sending the request."	not-resolved	no-automatic-action
polkowice.pl	2026-07-21T17:45:09.8982219+00:00	failed			Exception calling "Wait" with "1" argument(s): "One or more errors occurred."	request-failure	0	0		http://polkowice.pl/	polkowice.pl			False	Exception calling "GetResult" with "0" argument(s): "An error occurred while sending the request."	request-failure	0	0		https://polkowice.pl/	polkowice.pl			False	Exception calling "GetResult" with "0" argument(s): "An error occurred while sending the request."	not-resolved	no-automatic-action
poltava.ua	2026-07-21T17:45:10.9608852+00:00	failed			Exception calling "Wait" with "1" argument(s): "One or more errors occurred."	request-failure	0	0		http://poltava.ua/	poltava.ua			False	Exception calling "GetResult" with "0" argument(s): "An error occurred while sending the request."	request-failure	0	0		https://poltava.ua/	poltava.ua			False	Exception calling "GetResult" with "0" argument(s): "An error occurred while sending the request."	not-resolved	no-automatic-action
pomorskie.pl	2026-07-21T17:45:12.1677365+00:00	failed			Exception calling "Wait" with "1" argument(s): "One or more errors occurred."	request-failure	0	0		http://pomorskie.pl/	pomorskie.pl			False	Exception calling "GetResult" with "0" argument(s): "An error occurred while sending the request."	request-failure	0	0		https://pomorskie.pl/	pomorskie.pl			False	Exception calling "GetResult" with "0" argument(s): "An error occurred while sending the request."	not-resolved	no-automatic-action
pomorze.pl	2026-07-21T17:45:13.1998227+00:00	failed			Exception calling "Wait" with "1" argument(s): "One or more errors occurred."	request-failure	0	0		http://pomorze.pl/	pomorze.pl			False	Exception calling "GetResult" with "0" argument(s): "An error occurred while sending the request."	request-failure	0	0		https://pomorze.pl/	pomorze.pl			False	Exception calling "GetResult" with "0" argument(s): "An error occurred while sending the request."	not-resolved	no-automatic-action
poniatowa.pl	2026-07-21T17:45:14.2528211+00:00	failed			Exception calling "Wait" with "1" argument(s): "One or more errors occurred."	request-failure	0	0		http://poniatowa.pl/	poniatowa.pl			False	Exception calling "GetResult" with "0" argument(s): "An error occurred while sending the request."	request-failure	0	0		https://poniatowa.pl/	poniatowa.pl			False	Exception calling "GetResult" with "0" argument(s): "An error occurred while sending the request."	not-resolved	no-automatic-action
ponpes.id	2026-07-21T17:45:15.3668566+00:00	failed			Exception calling "Wait" with "1" argument(s): "One or more errors occurred."	request-failure	0	0		http://ponpes.id/	ponpes.id			False	Exception calling "GetResult" with "0" argument(s): "An error occurred while sending the request."	request-failure	0	0		https://ponpes.id/	ponpes.id			False	Exception calling "GetResult" with "0" argument(s): "An error occurred while sending the request."	not-resolved	no-automatic-action
pordenone.it	2026-07-21T17:45:16.4496234+00:00	failed			Exception calling "Wait" with "1" argument(s): "One or more errors occurred."	request-failure	0	0		http://pordenone.it/	pordenone.it			False	Exception calling "GetResult" with "0" argument(s): "An error occurred while sending the request."	request-failure	0	0		https://pordenone.it/	pordenone.it			False	Exception calling "GetResult" with "0" argument(s): "An error occurred while sending the request."	not-resolved	no-automatic-action
porsanger.no	2026-07-21T17:45:17.4905364+00:00	failed			Exception calling "Wait" with "1" argument(s): "One or more errors occurred."	request-failure	0	0		http://porsanger.no/	porsanger.no			False	Exception calling "GetResult" with "0" argument(s): "An error occurred while sending the request."	request-failure	0	0		https://porsanger.no/	porsanger.no			False	Exception calling "GetResult" with "0" argument(s): "An error occurred while sending the request."	not-resolved	no-automatic-action
port-angeles.wa.us	2026-07-21T17:45:18.5708346+00:00	failed			Exception calling "Wait" with "1" argument(s): "One or more errors occurred."	request-failure	0	0		http://port-angeles.wa.us/	port-angeles.wa.us			False	Exception calling "GetResult" with "0" argument(s): "An error occurred while sending the request."	request-failure	0	0		https://port-angeles.wa.us/	port-angeles.wa.us			False	Exception calling "GetResult" with "0" argument(s): "An error occurred while sending the request."	not-resolved	no-automatic-action
post.in	2026-07-21T17:45:20.0239439+00:00	failed			Exception calling "Wait" with "1" argument(s): "One or more errors occurred."	request-failure	0	0		http://post.in/	post.in			False	Exception calling "GetResult" with "0" argument(s): "An error occurred while sending the request."	request-failure	0	0		https://post.in/	post.in			False	Exception calling "GetResult" with "0" argument(s): "An error occurred while sending the request."	not-resolved	no-automatic-action
potenza.it	2026-07-21T17:45:21.0698284+00:00	failed			Exception calling "Wait" with "1" argument(s): "One or more errors occurred."	request-failure	0	0		http://potenza.it/	potenza.it			False	Exception calling "GetResult" with "0" argument(s): "An error occurred while sending the request."	request-failure	0	0		https://potenza.it/	potenza.it			False	Exception calling "GetResult" with "0" argument(s): "An error occurred while sending the request."	not-resolved	no-automatic-action
powiat.pl	2026-07-21T17:45:22.1106105+00:00	failed			Exception calling "Wait" with "1" argument(s): "One or more errors occurred."	request-failure	0	0		http://powiat.pl/	powiat.pl			False	Exception calling "GetResult" with "0" argument(s): "An error occurred while sending the request."	request-failure	0	0		https://powiat.pl/	powiat.pl			False	Exception calling "GetResult" with "0" argument(s): "An error occurred while sending the request."	not-resolved	no-automatic-action
pp.se	2026-07-21T17:45:23.1601940+00:00	failed			Exception calling "Wait" with "1" argument(s): "One or more errors occurred."	request-failure	0	0		http://pp.se/	pp.se			False	Exception calling "GetResult" with "0" argument(s): "An error occurred while sending the request."	request-failure	0	0		https://pp.se/	pp.se			False	Exception calling "GetResult" with "0" argument(s): "An error occurred while sending the request."	not-resolved	no-automatic-action
ppg.br	2026-07-21T17:45:24.2448538+00:00	failed			Exception calling "Wait" with "1" argument(s): "One or more errors occurred."	request-failure	0	0		http://ppg.br/	ppg.br			False	Exception calling "GetResult" with "0" argument(s): "An error occurred while sending the request."	request-failure	0	0		https://ppg.br/	ppg.br			False	Exception calling "GetResult" with "0" argument(s): "An error occurred while sending the request."	not-resolved	no-automatic-action
pr.it	2026-07-21T17:45:25.4299582+00:00	failed			Exception calling "Wait" with "1" argument(s): "One or more errors occurred."	request-failure	0	0		http://pr.it/	pr.it			False	Exception calling "GetResult" with "0" argument(s): "An error occurred while sending the request."	request-failure	0	0		https://pr.it/	pr.it			False	Exception calling "GetResult" with "0" argument(s): "An error occurred while sending the request."	not-resolved	no-automatic-action
pr.leg.br	2026-07-21T17:45:26.4910365+00:00	failed			Exception calling "Wait" with "1" argument(s): "One or more errors occurred."	request-failure	0	0		http://pr.leg.br/	pr.leg.br			False	Exception calling "GetResult" with "0" argument(s): "An error occurred while sending the request."	request-failure	0	0		https://pr.leg.br/	pr.leg.br			False	Exception calling "GetResult" with "0" argument(s): "An error occurred while sending the request."	not-resolved	no-automatic-action
pr.ml	2026-07-21T17:45:27.7793049+00:00	failed			Exception calling "Wait" with "1" argument(s): "One or more errors occurred."	request-failure	0	0		http://pr.ml/	pr.ml			False	Exception calling "GetResult" with "0" argument(s): "An error occurred while sending the request."	request-failure	0	0		https://pr.ml/	pr.ml			False	Exception calling "GetResult" with "0" argument(s): "An error occurred while sending the request."	not-resolved	no-automatic-action
prato.it	2026-07-21T17:45:28.8184783+00:00	failed			Exception calling "Wait" with "1" argument(s): "One or more errors occurred."	request-failure	0	0		http://prato.it/	prato.it			False	Exception calling "GetResult" with "0" argument(s): "An error occurred while sending the request."	request-failure	0	0		https://prato.it/	prato.it			False	Exception calling "GetResult" with "0" argument(s): "An error occurred while sending the request."	not-resolved	no-automatic-action
prd.fr	2026-07-21T17:45:29.8508599+00:00	failed			Exception calling "Wait" with "1" argument(s): "One or more errors occurred."	request-failure	0	0		http://prd.fr/	prd.fr			False	Exception calling "GetResult" with "0" argument(s): "An error occurred while sending the request."	request-failure	0	0		https://prd.fr/	prd.fr			False	Exception calling "GetResult" with "0" argument(s): "An error occurred while sending the request."	not-resolved	no-automatic-action
prequalifyme.today	2026-07-21T17:45:30.9209653+00:00	resolved	3.135.240.58			timeout	0	0		http://prequalifyme.today/	prequalifyme.today			False	Exception calling "GetResult" with "0" argument(s): "A task was canceled."	timeout	0	0		https://prequalifyme.today/	prequalifyme.today			False	Exception calling "GetResult" with "0" argument(s): "A task was canceled."	temporarily-inconclusive	retest-later
press.ma	2026-07-21T17:46:12.0141353+00:00	failed			Exception calling "Wait" with "1" argument(s): "One or more errors occurred."	request-failure	0	0		http://press.ma/	press.ma			False	Exception calling "GetResult" with "0" argument(s): "An error occurred while sending the request."	request-failure	0	0		https://press.ma/	press.ma			False	Exception calling "GetResult" with "0" argument(s): "An error occurred while sending the request."	not-resolved	no-automatic-action
pri.ee	2026-07-21T17:46:13.0852873+00:00	failed			Exception calling "Wait" with "1" argument(s): "One or more errors occurred."	request-failure	0	0		http://pri.ee/	pri.ee			False	Exception calling "GetResult" with "0" argument(s): "An error occurred while sending the request."	request-failure	0	0		https://pri.ee/	pri.ee			False	Exception calling "GetResult" with "0" argument(s): "An error occurred while sending the request."	not-resolved	no-automatic-action
primetel.cloud	2026-07-21T17:46:14.1399289+00:00	failed			Exception calling "Wait" with "1" argument(s): "One or more errors occurred."	request-failure	0	0		http://primetel.cloud/	primetel.cloud			False	Exception calling "GetResult" with "0" argument(s): "An error occurred while sending the request."	request-failure	0	0		https://primetel.cloud/	primetel.cloud			False	Exception calling "GetResult" with "0" argument(s): "An error occurred while sending the request."	not-resolved	no-automatic-action
priv.at	2026-07-21T17:46:15.2471234+00:00	failed			Exception calling "Wait" with "1" argument(s): "One or more errors occurred."	request-failure	0	0		http://priv.at/	priv.at			False	Exception calling "GetResult" with "0" argument(s): "An error occurred while sending the request."	request-failure	0	0		https://priv.at/	priv.at			False	Exception calling "GetResult" with "0" argument(s): "An error occurred while sending the request."	not-resolved	no-automatic-action
priv.no	2026-07-21T17:46:16.2816404+00:00	failed			Exception calling "Wait" with "1" argument(s): "One or more errors occurred."	request-failure	0	0		http://priv.no/	priv.no			False	Exception calling "GetResult" with "0" argument(s): "An error occurred while sending the request."	request-failure	0	0		https://priv.no/	priv.no			False	Exception calling "GetResult" with "0" argument(s): "An error occurred while sending the request."	not-resolved	no-automatic-action
priv.pl	2026-07-21T17:46:17.3892608+00:00	failed			Exception calling "Wait" with "1" argument(s): "One or more errors occurred."	request-failure	0	0		http://priv.pl/	priv.pl			False	Exception calling "GetResult" with "0" argument(s): "An error occurred while sending the request."	request-failure	0	0		https://priv.pl/	priv.pl			False	Exception calling "GetResult" with "0" argument(s): "An error occurred while sending the request."	not-resolved	no-automatic-action
pro.br	2026-07-21T17:46:18.4310759+00:00	failed			Exception calling "Wait" with "1" argument(s): "One or more errors occurred."	request-failure	0	0		http://pro.br/	pro.br			False	Exception calling "GetResult" with "0" argument(s): "An error occurred while sending the request."	request-failure	0	0		https://pro.br/	pro.br			False	Exception calling "GetResult" with "0" argument(s): "An error occurred while sending the request."	not-resolved	no-automatic-action
pro.in	2026-07-21T17:46:19.6744320+00:00	failed			Exception calling "Wait" with "1" argument(s): "One or more errors occurred."	request-failure	0	0		http://pro.in/	pro.in			False	Exception calling "GetResult" with "0" argument(s): "An error occurred while sending the request."	request-failure	0	0		https://pro.in/	pro.in			False	Exception calling "GetResult" with "0" argument(s): "An error occurred while sending the request."	not-resolved	no-automatic-action
pro.vn	2026-07-21T17:46:20.7337158+00:00	failed			Exception calling "Wait" with "1" argument(s): "One or more errors occurred."	request-failure	0	0		http://pro.vn/	pro.vn			False	Exception calling "GetResult" with "0" argument(s): "An error occurred while sending the request."	request-failure	0	0		https://pro.vn/	pro.vn			False	Exception calling "GetResult" with "0" argument(s): "An error occurred while sending the request."	not-resolved	no-automatic-action
prochowice.pl	2026-07-21T17:46:21.7993564+00:00	failed			Exception calling "Wait" with "1" argument(s): "One or more errors occurred."	request-failure	0	0		http://prochowice.pl/	prochowice.pl			False	Exception calling "GetResult" with "0" argument(s): "An error occurred while sending the request."	request-failure	0	0		https://prochowice.pl/	prochowice.pl			False	Exception calling "GetResult" with "0" argument(s): "An error occurred while sending the request."	not-resolved	no-automatic-action
prof.pr	2026-07-21T17:46:22.8503939+00:00	failed			Exception calling "Wait" with "1" argument(s): "One or more errors occurred."	request-failure	0	0		http://prof.pr/	prof.pr			False	Exception calling "GetResult" with "0" argument(s): "An error occurred while sending the request."	request-failure	0	0		https://prof.pr/	prof.pr			False	Exception calling "GetResult" with "0" argument(s): "An error occurred while sending the request."	not-resolved	no-automatic-action
protonet.io	2026-07-21T17:46:23.9352022+00:00	resolved	172.234.218.95,172.234.24.152,172.234.24.173			request-failure	0	0		http://protonet.io/	protonet.io			False	Exception calling "GetResult" with "0" argument(s): "An error occurred while sending the request."	request-failure	0	0		https://protonet.io/	protonet.io			False	Exception calling "GetResult" with "0" argument(s): "An error occurred while sending the request."	dns-only	retest-or-review-exact-host
pruszkow.pl	2026-07-21T17:46:26.7896631+00:00	failed			Exception calling "Wait" with "1" argument(s): "One or more errors occurred."	request-failure	0	0		http://pruszkow.pl/	pruszkow.pl			False	Exception calling "GetResult" with "0" argument(s): "An error occurred while sending the request."	request-failure	0	0		https://pruszkow.pl/	pruszkow.pl			False	Exception calling "GetResult" with "0" argument(s): "An error occurred while sending the request."	not-resolved	no-automatic-action
prvcy.page	2026-07-21T17:46:27.8421021+00:00	resolved	3.5.245.100,52.95.142.100			possible-bot-challenge	403	1	https://registry.openhost.uk/	https://registry.openhost.uk/	registry.openhost.uk	text/html; charset=UTF-8	cloudflare	True		timeout	0	0		https://prvcy.page/	prvcy.page			False	Exception calling "GetResult" with "0" argument(s): "A task was canceled."	possible-bot-challenge	manual-review-required
przeworsk.pl	2026-07-21T17:46:49.1289227+00:00	failed			Exception calling "Wait" with "1" argument(s): "One or more errors occurred."	request-failure	0	0		http://przeworsk.pl/	przeworsk.pl			False	Exception calling "GetResult" with "0" argument(s): "An error occurred while sending the request."	request-failure	0	0		https://przeworsk.pl/	przeworsk.pl			False	Exception calling "GetResult" with "0" argument(s): "An error occurred while sending the request."	not-resolved	no-automatic-action
psc.br	2026-07-21T17:46:50.1827363+00:00	failed			Exception calling "Wait" with "1" argument(s): "One or more errors occurred."	request-failure	0	0		http://psc.br/	psc.br			False	Exception calling "GetResult" with "0" argument(s): "An error occurred while sending the request."	request-failure	0	0		https://psc.br/	psc.br			False	Exception calling "GetResult" with "0" argument(s): "An error occurred while sending the request."	not-resolved	no-automatic-action
psi.br	2026-07-21T17:46:51.3821888+00:00	failed			Exception calling "Wait" with "1" argument(s): "One or more errors occurred."	request-failure	0	0		http://psi.br/	psi.br			False	Exception calling "GetResult" with "0" argument(s): "An error occurred while sending the request."	request-failure	0	0		https://psi.br/	psi.br			False	Exception calling "GetResult" with "0" argument(s): "An error occurred while sending the request."	not-resolved	no-automatic-action
pstmn.io	2026-07-21T17:46:52.4327518+00:00	failed			Exception calling "Wait" with "1" argument(s): "One or more errors occurred."	request-failure	0	0		http://pstmn.io/	pstmn.io			False	Exception calling "GetResult" with "0" argument(s): "An error occurred while sending the request."	request-failure	0	0		https://pstmn.io/	pstmn.io			False	Exception calling "GetResult" with "0" argument(s): "An error occurred while sending the request."	not-resolved	no-automatic-action
pt.it	2026-07-21T17:46:53.4932964+00:00	failed			Exception calling "Wait" with "1" argument(s): "One or more errors occurred."	request-failure	0	0		http://pt.it/	pt.it			False	Exception calling "GetResult" with "0" argument(s): "An error occurred while sending the request."	request-failure	0	0		https://pt.it/	pt.it			False	Exception calling "GetResult" with "0" argument(s): "An error occurred while sending the request."	not-resolved	no-automatic-action
pu.it	2026-07-21T17:46:54.5168060+00:00	failed			Exception calling "Wait" with "1" argument(s): "One or more errors occurred."	request-failure	0	0		http://pu.it/	pu.it			False	Exception calling "GetResult" with "0" argument(s): "An error occurred while sending the request."	request-failure	0	0		https://pu.it/	pu.it			False	Exception calling "GetResult" with "0" argument(s): "An error occurred while sending the request."	not-resolved	no-automatic-action
publ.cv	2026-07-21T17:46:55.5669681+00:00	failed			Exception calling "Wait" with "1" argument(s): "One or more errors occurred."	request-failure	0	0		http://publ.cv/	publ.cv			False	Exception calling "GetResult" with "0" argument(s): "An error occurred while sending the request."	request-failure	0	0		https://publ.cv/	publ.cv			False	Exception calling "GetResult" with "0" argument(s): "An error occurred while sending the request."	not-resolved	no-automatic-action
public-inquiry.uk	2026-07-21T17:46:56.6008103+00:00	failed			Exception calling "Wait" with "1" argument(s): "One or more errors occurred."	request-failure	0	0		http://public-inquiry.uk/	public-inquiry.uk			False	Exception calling "GetResult" with "0" argument(s): "An error occurred while sending the request."	request-failure	0	0		https://public-inquiry.uk/	public-inquiry.uk			False	Exception calling "GetResult" with "0" argument(s): "An error occurred while sending the request."	not-resolved	no-automatic-action
puglia.it	2026-07-21T17:46:57.6548379+00:00	failed			Exception calling "Wait" with "1" argument(s): "One or more errors occurred."	request-failure	0	0		http://puglia.it/	puglia.it			False	Exception calling "GetResult" with "0" argument(s): "An error occurred while sending the request."	request-failure	0	0		https://puglia.it/	puglia.it			False	Exception calling "GetResult" with "0" argument(s): "An error occurred while sending the request."	not-resolved	no-automatic-action
pulawy.pl	2026-07-21T17:46:58.7225946+00:00	failed			Exception calling "Wait" with "1" argument(s): "One or more errors occurred."	request-failure	0	0		http://pulawy.pl/	pulawy.pl			False	Exception calling "GetResult" with "0" argument(s): "An error occurred while sending the request."	request-failure	0	0		https://pulawy.pl/	pulawy.pl			False	Exception calling "GetResult" with "0" argument(s): "An error occurred while sending the request."	not-resolved	no-automatic-action
pv.it	2026-07-21T17:46:59.7558869+00:00	failed			Exception calling "Wait" with "1" argument(s): "One or more errors occurred."	request-failure	0	0		http://pv.it/	pv.it			False	Exception calling "GetResult" with "0" argument(s): "An error occurred while sending the request."	request-failure	0	0		https://pv.it/	pv.it			False	Exception calling "GetResult" with "0" argument(s): "An error occurred while sending the request."	not-resolved	no-automatic-action
pz.it	2026-07-21T17:47:00.7927075+00:00	failed			Exception calling "Wait" with "1" argument(s): "One or more errors occurred."	request-failure	0	0		http://pz.it/	pz.it			False	Exception calling "GetResult" with "0" argument(s): "An error occurred while sending the request."	request-failure	0	0		https://pz.it/	pz.it			False	Exception calling "GetResult" with "0" argument(s): "An error occurred while sending the request."	not-resolved	no-automatic-action
qc.ca	2026-07-21T17:47:01.8481305+00:00	failed			Exception calling "Wait" with "1" argument(s): "One or more errors occurred."	request-failure	0	0		http://qc.ca/	qc.ca			False	Exception calling "GetResult" with "0" argument(s): "An error occurred while sending the request."	request-failure	0	0		https://qc.ca/	qc.ca			False	Exception calling "GetResult" with "0" argument(s): "An error occurred while sending the request."	not-resolved	no-automatic-action
qh.cn	2026-07-21T17:47:02.9106492+00:00	failed			Exception calling "Wait" with "1" argument(s): "One or more errors occurred."	request-failure	0	0		http://qh.cn/	qh.cn			False	Exception calling "GetResult" with "0" argument(s): "An error occurred while sending the request."	request-failure	0	0		https://qh.cn/	qh.cn			False	Exception calling "GetResult" with "0" argument(s): "An error occurred while sending the request."	not-resolved	no-automatic-action
qld.au	2026-07-21T17:47:04.2785278+00:00	failed			Exception calling "Wait" with "1" argument(s): "One or more errors occurred."	request-failure	0	0		http://qld.au/	qld.au			False	Exception calling "GetResult" with "0" argument(s): "An error occurred while sending the request."	request-failure	0	0		https://qld.au/	qld.au			False	Exception calling "GetResult" with "0" argument(s): "An error occurred while sending the request."	not-resolved	no-automatic-action
qld.edu.au	2026-07-21T17:47:05.3803329+00:00	failed			Exception calling "Wait" with "1" argument(s): "One or more errors occurred."	request-failure	0	0		http://qld.edu.au/	qld.edu.au			False	Exception calling "GetResult" with "0" argument(s): "An error occurred while sending the request."	request-failure	0	0		https://qld.edu.au/	qld.edu.au			False	Exception calling "GetResult" with "0" argument(s): "An error occurred while sending the request."	not-resolved	no-automatic-action
qoto.io	2026-07-21T17:47:06.6304634+00:00	resolved	100.24.65.138			timeout	0	0		http://qoto.io/	qoto.io			False	Exception calling "GetResult" with "0" argument(s): "A task was canceled."	timeout	0	0		https://qoto.io/	qoto.io			False	Exception calling "GetResult" with "0" argument(s): "A task was canceled."	temporarily-inconclusive	retest-later
qsl.br	2026-07-21T17:47:47.7054002+00:00	failed			Exception calling "Wait" with "1" argument(s): "One or more errors occurred."	request-failure	0	0		http://qsl.br/	qsl.br			False	Exception calling "GetResult" with "0" argument(s): "An error occurred while sending the request."	request-failure	0	0		https://qsl.br/	qsl.br			False	Exception calling "GetResult" with "0" argument(s): "An error occurred while sending the request."	not-resolved	no-automatic-action
qualifioapp.com	2026-07-21T17:47:48.7617298+00:00	failed			Exception calling "Wait" with "1" argument(s): "One or more errors occurred."	request-failure	0	0		http://qualifioapp.com/	qualifioapp.com			False	Exception calling "GetResult" with "0" argument(s): "An error occurred while sending the request."	request-failure	0	0		https://qualifioapp.com/	qualifioapp.com			False	Exception calling "GetResult" with "0" argument(s): "An error occurred while sending the request."	not-resolved	no-automatic-action
quizzes.cx	2026-07-21T17:47:49.8295934+00:00	failed			Exception calling "Wait" with "1" argument(s): "One or more errors occurred."	request-failure	0	0		http://quizzes.cx/	quizzes.cx			False	Exception calling "GetResult" with "0" argument(s): "An error occurred while sending the request."	request-failure	0	0		https://quizzes.cx/	quizzes.cx			False	Exception calling "GetResult" with "0" argument(s): "An error occurred while sending the request."	not-resolved	no-automatic-action
qzz.io	2026-07-21T17:47:50.8729021+00:00	resolved	142.171.123.133			timeout	0	0		http://qzz.io/	qzz.io			False	Exception calling "GetResult" with "0" argument(s): "A task was canceled."	timeout	0	0		https://qzz.io/	qzz.io			False	Exception calling "GetResult" with "0" argument(s): "A task was canceled."	temporarily-inconclusive	retest-later
ra.it	2026-07-21T17:48:32.1057277+00:00	failed			Exception calling "Wait" with "1" argument(s): "One or more errors occurred."	request-failure	0	0		http://ra.it/	ra.it			False	Exception calling "GetResult" with "0" argument(s): "An error occurred while sending the request."	request-failure	0	0		https://ra.it/	ra.it			False	Exception calling "GetResult" with "0" argument(s): "An error occurred while sending the request."	not-resolved	no-automatic-action
radio.br	2026-07-21T17:48:33.1437734+00:00	failed			Exception calling "Wait" with "1" argument(s): "One or more errors occurred."	request-failure	0	0		http://radio.br/	radio.br			False	Exception calling "GetResult" with "0" argument(s): "An error occurred while sending the request."	request-failure	0	0		https://radio.br/	radio.br			False	Exception calling "GetResult" with "0" argument(s): "An error occurred while sending the request."	not-resolved	no-automatic-action
radom.pl	2026-07-21T17:48:34.2435948+00:00	failed			Exception calling "Wait" with "1" argument(s): "One or more errors occurred."	request-failure	0	0		http://radom.pl/	radom.pl			False	Exception calling "GetResult" with "0" argument(s): "An error occurred while sending the request."	request-failure	0	0		https://radom.pl/	radom.pl			False	Exception calling "GetResult" with "0" argument(s): "An error occurred while sending the request."	not-resolved	no-automatic-action
ragusa.it	2026-07-21T17:48:35.2920404+00:00	failed			Exception calling "Wait" with "1" argument(s): "One or more errors occurred."	request-failure	0	0		http://ragusa.it/	ragusa.it			False	Exception calling "GetResult" with "0" argument(s): "An error occurred while sending the request."	request-failure	0	0		https://ragusa.it/	ragusa.it			False	Exception calling "GetResult" with "0" argument(s): "An error occurred while sending the request."	not-resolved	no-automatic-action
randaberg.no	2026-07-21T17:48:36.3247762+00:00	failed			Exception calling "Wait" with "1" argument(s): "One or more errors occurred."	request-failure	0	0		http://randaberg.no/	randaberg.no			False	Exception calling "GetResult" with "0" argument(s): "An error occurred while sending the request."	request-failure	0	0		https://randaberg.no/	randaberg.no			False	Exception calling "GetResult" with "0" argument(s): "An error occurred while sending the request."	not-resolved	no-automatic-action
rauma.no	2026-07-21T17:48:37.3946213+00:00	failed			Exception calling "Wait" with "1" argument(s): "One or more errors occurred."	request-failure	0	0		http://rauma.no/	rauma.no			False	Exception calling "GetResult" with "0" argument(s): "An error occurred while sending the request."	request-failure	0	0		https://rauma.no/	rauma.no			False	Exception calling "GetResult" with "0" argument(s): "An error occurred while sending the request."	not-resolved	no-automatic-action
ravendb.cloud	2026-07-21T17:48:38.4639463+00:00	failed			Exception calling "Wait" with "1" argument(s): "One or more errors occurred."	request-failure	0	0		http://ravendb.cloud/	ravendb.cloud			False	Exception calling "GetResult" with "0" argument(s): "An error occurred while sending the request."	request-failure	0	0		https://ravendb.cloud/	ravendb.cloud			False	Exception calling "GetResult" with "0" argument(s): "An error occurred while sending the request."	not-resolved	no-automatic-action
ravenna.it	2026-07-21T17:48:39.5161498+00:00	failed			Exception calling "Wait" with "1" argument(s): "One or more errors occurred."	request-failure	0	0		http://ravenna.it/	ravenna.it			False	Exception calling "GetResult" with "0" argument(s): "An error occurred while sending the request."	request-failure	0	0		https://ravenna.it/	ravenna.it			False	Exception calling "GetResult" with "0" argument(s): "An error occurred while sending the request."	not-resolved	no-automatic-action
rawa-maz.pl	2026-07-21T17:48:40.5524954+00:00	failed			Exception calling "Wait" with "1" argument(s): "One or more errors occurred."	request-failure	0	0		http://rawa-maz.pl/	rawa-maz.pl			False	Exception calling "GetResult" with "0" argument(s): "An error occurred while sending the request."	request-failure	0	0		https://rawa-maz.pl/	rawa-maz.pl			False	Exception calling "GetResult" with "0" argument(s): "An error occurred while sending the request."	not-resolved	no-automatic-action
rc.it	2026-07-21T17:48:41.6002573+00:00	failed			Exception calling "Wait" with "1" argument(s): "One or more errors occurred."	request-failure	0	0		http://rc.it/	rc.it			False	Exception calling "GetResult" with "0" argument(s): "An error occurred while sending the request."	request-failure	0	0		https://rc.it/	rc.it			False	Exception calling "GetResult" with "0" argument(s): "An error occurred while sending the request."	not-resolved	no-automatic-action
rdy.jp	2026-07-21T17:48:42.6390726+00:00	failed			Exception calling "Wait" with "1" argument(s): "One or more errors occurred."	request-failure	0	0		http://rdy.jp/	rdy.jp			False	Exception calling "GetResult" with "0" argument(s): "An error occurred while sending the request."	request-failure	0	0		https://rdy.jp/	rdy.jp			False	Exception calling "GetResult" with "0" argument(s): "An error occurred while sending the request."	not-resolved	no-automatic-action
re.it	2026-07-21T17:48:43.9482440+00:00	failed			Exception calling "Wait" with "1" argument(s): "One or more errors occurred."	request-failure	0	0		http://re.it/	re.it			False	Exception calling "GetResult" with "0" argument(s): "An error occurred while sending the request."	request-failure	0	0		https://re.it/	re.it			False	Exception calling "GetResult" with "0" argument(s): "An error occurred while sending the request."	not-resolved	no-automatic-action
re.kr	2026-07-21T17:48:45.3491001+00:00	failed			Exception calling "Wait" with "1" argument(s): "One or more errors occurred."	request-failure	0	0		http://re.kr/	re.kr			False	Exception calling "GetResult" with "0" argument(s): "An error occurred while sending the request."	request-failure	0	0		https://re.kr/	re.kr			False	Exception calling "GetResult" with "0" argument(s): "An error occurred while sending the request."	not-resolved	no-automatic-action
rec.br	2026-07-21T17:48:46.6678180+00:00	failed			Exception calling "Wait" with "1" argument(s): "One or more errors occurred."	request-failure	0	0		http://rec.br/	rec.br			False	Exception calling "GetResult" with "0" argument(s): "An error occurred while sending the request."	request-failure	0	0		https://rec.br/	rec.br			False	Exception calling "GetResult" with "0" argument(s): "An error occurred while sending the request."	not-resolved	no-automatic-action
recife.br	2026-07-21T17:48:47.7218365+00:00	failed			Exception calling "Wait" with "1" argument(s): "One or more errors occurred."	request-failure	0	0		http://recife.br/	recife.br			False	Exception calling "GetResult" with "0" argument(s): "An error occurred while sending the request."	request-failure	0	0		https://recife.br/	recife.br			False	Exception calling "GetResult" with "0" argument(s): "An error occurred while sending the request."	not-resolved	no-automatic-action
redmond.wa.us	2026-07-21T17:48:48.7808667+00:00	failed			Exception calling "Wait" with "1" argument(s): "One or more errors occurred."	request-failure	0	0		http://redmond.wa.us/	redmond.wa.us			False	Exception calling "GetResult" with "0" argument(s): "An error occurred while sending the request."	request-failure	0	0		https://redmond.wa.us/	redmond.wa.us			False	Exception calling "GetResult" with "0" argument(s): "An error occurred while sending the request."	not-resolved	no-automatic-action
reggio-calabria.it	2026-07-21T17:48:50.4121415+00:00	failed			Exception calling "Wait" with "1" argument(s): "One or more errors occurred."	request-failure	0	0		http://reggio-calabria.it/	reggio-calabria.it			False	Exception calling "GetResult" with "0" argument(s): "An error occurred while sending the request."	request-failure	0	0		https://reggio-calabria.it/	reggio-calabria.it			False	Exception calling "GetResult" with "0" argument(s): "An error occurred while sending the request."	not-resolved	no-automatic-action
reggioemilia.it	2026-07-21T17:48:51.4528211+00:00	failed			Exception calling "Wait" with "1" argument(s): "One or more errors occurred."	request-failure	0	0		http://reggioemilia.it/	reggioemilia.it			False	Exception calling "GetResult" with "0" argument(s): "An error occurred while sending the request."	request-failure	0	0		https://reggioemilia.it/	reggioemilia.it			False	Exception calling "GetResult" with "0" argument(s): "An error occurred while sending the request."	not-resolved	no-automatic-action
rel.pl	2026-07-21T17:48:52.4911761+00:00	failed			Exception calling "Wait" with "1" argument(s): "One or more errors occurred."	request-failure	0	0		http://rel.pl/	rel.pl			False	Exception calling "GetResult" with "0" argument(s): "An error occurred while sending the request."	request-failure	0	0		https://rel.pl/	rel.pl			False	Exception calling "GetResult" with "0" argument(s): "An error occurred while sending the request."	not-resolved	no-automatic-action
remotewd.com	2026-07-21T17:48:53.5331636+00:00	failed			Exception calling "Wait" with "1" argument(s): "One or more errors occurred."	request-failure	0	0		http://remotewd.com/	remotewd.com			False	Exception calling "GetResult" with "0" argument(s): "An error occurred while sending the request."	request-failure	0	0		https://remotewd.com/	remotewd.com			False	Exception calling "GetResult" with "0" argument(s): "An error occurred while sending the request."	not-resolved	no-automatic-action
renton.wa.us	2026-07-21T17:48:54.5768827+00:00	failed			Exception calling "Wait" with "1" argument(s): "One or more errors occurred."	request-failure	0	0		http://renton.wa.us/	renton.wa.us			False	Exception calling "GetResult" with "0" argument(s): "An error occurred while sending the request."	request-failure	0	0		https://renton.wa.us/	renton.wa.us			False	Exception calling "GetResult" with "0" argument(s): "An error occurred while sending the request."	not-resolved	no-automatic-action
rep.br	2026-07-21T17:48:55.8010720+00:00	failed			Exception calling "Wait" with "1" argument(s): "One or more errors occurred."	request-failure	0	0		http://rep.br/	rep.br			False	Exception calling "GetResult" with "0" argument(s): "An error occurred while sending the request."	request-failure	0	0		https://rep.br/	rep.br			False	Exception calling "GetResult" with "0" argument(s): "An error occurred while sending the request."	not-resolved	no-automatic-action
rep.kp	2026-07-21T17:48:56.8527620+00:00	failed			Exception calling "Wait" with "1" argument(s): "One or more errors occurred."	request-failure	0	0		http://rep.kp/	rep.kp			False	Exception calling "GetResult" with "0" argument(s): "An error occurred while sending the request."	request-failure	0	0		https://rep.kp/	rep.kp			False	Exception calling "GetResult" with "0" argument(s): "An error occurred while sending the request."	not-resolved	no-automatic-action
repl.run	2026-07-21T17:48:58.1653866+00:00	failed			Exception calling "Wait" with "1" argument(s): "One or more errors occurred."	request-failure	0	0		http://repl.run/	repl.run			False	Exception calling "GetResult" with "0" argument(s): "An error occurred while sending the request."	request-failure	0	0		https://repl.run/	repl.run			False	Exception calling "GetResult" with "0" argument(s): "An error occurred while sending the request."	not-resolved	no-automatic-action
res.in	2026-07-21T17:48:59.2657201+00:00	failed			Exception calling "Wait" with "1" argument(s): "One or more errors occurred."	request-failure	0	0		http://res.in/	res.in			False	Exception calling "GetResult" with "0" argument(s): "An error occurred while sending the request."	request-failure	0	0		https://res.in/	res.in			False	Exception calling "GetResult" with "0" argument(s): "An error occurred while sending the request."	not-resolved	no-automatic-action
resindevice.io	2026-07-21T17:49:00.3178756+00:00	failed			Exception calling "Wait" with "1" argument(s): "One or more errors occurred."	request-failure	0	0		http://resindevice.io/	resindevice.io			False	Exception calling "GetResult" with "0" argument(s): "An error occurred while sending the request."	request-failure	0	0		https://resindevice.io/	resindevice.io			False	Exception calling "GetResult" with "0" argument(s): "An error occurred while sending the request."	not-resolved	no-automatic-action
rg.it	2026-07-21T17:49:01.3810961+00:00	failed			Exception calling "Wait" with "1" argument(s): "One or more errors occurred."	request-failure	0	0		http://rg.it/	rg.it			False	Exception calling "GetResult" with "0" argument(s): "An error occurred while sending the request."	request-failure	0	0		https://rg.it/	rg.it			False	Exception calling "GetResult" with "0" argument(s): "An error occurred while sending the request."	not-resolved	no-automatic-action
rgr.jp	2026-07-21T17:49:02.4393204+00:00	failed			Exception calling "Wait" with "1" argument(s): "One or more errors occurred."	request-failure	0	0		http://rgr.jp/	rgr.jp			False	Exception calling "GetResult" with "0" argument(s): "An error occurred while sending the request."	request-failure	0	0		https://rgr.jp/	rgr.jp			False	Exception calling "GetResult" with "0" argument(s): "An error occurred while sending the request."	not-resolved	no-automatic-action
rhcloud.com	2026-07-21T17:49:03.7645200+00:00	resolved	108.59.160.10,108.59.160.11			timeout	0	0		http://rhcloud.com/	rhcloud.com			False	Exception calling "GetResult" with "0" argument(s): "A task was canceled."	timeout	0	0		https://rhcloud.com/	rhcloud.com			False	Exception calling "GetResult" with "0" argument(s): "A task was canceled."	temporarily-inconclusive	retest-later
ri.it	2026-07-21T17:49:44.8669439+00:00	failed			Exception calling "Wait" with "1" argument(s): "One or more errors occurred."	request-failure	0	0		http://ri.it/	ri.it			False	Exception calling "GetResult" with "0" argument(s): "An error occurred while sending the request."	request-failure	0	0		https://ri.it/	ri.it			False	Exception calling "GetResult" with "0" argument(s): "An error occurred while sending the request."	not-resolved	no-automatic-action
ri.us	2026-07-21T17:49:45.9206448+00:00	failed			Exception calling "Wait" with "1" argument(s): "One or more errors occurred."	request-failure	0	0		http://ri.us/	ri.us			False	Exception calling "GetResult" with "0" argument(s): "An error occurred while sending the request."	request-failure	0	0		https://ri.us/	ri.us			False	Exception calling "GetResult" with "0" argument(s): "An error occurred while sending the request."	not-resolved	no-automatic-action
ribeirao.br	2026-07-21T17:49:46.9608768+00:00	failed			Exception calling "Wait" with "1" argument(s): "One or more errors occurred."	request-failure	0	0		http://ribeirao.br/	ribeirao.br			False	Exception calling "GetResult" with "0" argument(s): "An error occurred while sending the request."	request-failure	0	0		https://ribeirao.br/	ribeirao.br			False	Exception calling "GetResult" with "0" argument(s): "An error occurred while sending the request."	not-resolved	no-automatic-action
rieti.it	2026-07-21T17:49:48.0283029+00:00	failed			Exception calling "Wait" with "1" argument(s): "One or more errors occurred."	request-failure	0	0		http://rieti.it/	rieti.it			False	Exception calling "GetResult" with "0" argument(s): "An error occurred while sending the request."	request-failure	0	0		https://rieti.it/	rieti.it			False	Exception calling "GetResult" with "0" argument(s): "An error occurred while sending the request."	not-resolved	no-automatic-action
rimini.it	2026-07-21T17:49:49.0649429+00:00	failed			Exception calling "Wait" with "1" argument(s): "One or more errors occurred."	request-failure	0	0		http://rimini.it/	rimini.it			False	Exception calling "GetResult" with "0" argument(s): "An error occurred while sending the request."	request-failure	0	0		https://rimini.it/	rimini.it			False	Exception calling "GetResult" with "0" argument(s): "An error occurred while sending the request."	not-resolved	no-automatic-action
ringerike.no	2026-07-21T17:49:50.1316737+00:00	failed			Exception calling "Wait" with "1" argument(s): "One or more errors occurred."	request-failure	0	0		http://ringerike.no/	ringerike.no			False	Exception calling "GetResult" with "0" argument(s): "An error occurred while sending the request."	request-failure	0	0		https://ringerike.no/	ringerike.no			False	Exception calling "GetResult" with "0" argument(s): "An error occurred while sending the request."	not-resolved	no-automatic-action
ringsaker.no	2026-07-21T17:49:51.2112519+00:00	failed			Exception calling "Wait" with "1" argument(s): "One or more errors occurred."	request-failure	0	0		http://ringsaker.no/	ringsaker.no			False	Exception calling "GetResult" with "0" argument(s): "An error occurred while sending the request."	request-failure	0	0		https://ringsaker.no/	ringsaker.no			False	Exception calling "GetResult" with "0" argument(s): "An error occurred while sending the request."	not-resolved	no-automatic-action
rio.br	2026-07-21T17:49:52.3111186+00:00	failed			Exception calling "Wait" with "1" argument(s): "One or more errors occurred."	request-failure	0	0		http://rio.br/	rio.br			False	Exception calling "GetResult" with "0" argument(s): "An error occurred while sending the request."	request-failure	0	0		https://rio.br/	rio.br			False	Exception calling "GetResult" with "0" argument(s): "An error occurred while sending the request."	not-resolved	no-automatic-action
riopreto.br	2026-07-21T17:49:53.3694196+00:00	failed			Exception calling "Wait" with "1" argument(s): "One or more errors occurred."	request-failure	0	0		http://riopreto.br/	riopreto.br			False	Exception calling "GetResult" with "0" argument(s): "An error occurred while sending the request."	request-failure	0	0		https://riopreto.br/	riopreto.br			False	Exception calling "GetResult" with "0" argument(s): "An error occurred while sending the request."	not-resolved	no-automatic-action
risor.no	2026-07-21T17:49:54.4229977+00:00	failed			Exception calling "Wait" with "1" argument(s): "One or more errors occurred."	request-failure	0	0		http://risor.no/	risor.no			False	Exception calling "GetResult" with "0" argument(s): "An error occurred while sending the request."	request-failure	0	0		https://risor.no/	risor.no			False	Exception calling "GetResult" with "0" argument(s): "An error occurred while sending the request."	not-resolved	no-automatic-action
rivne.ua	2026-07-21T17:49:55.4901400+00:00	failed			Exception calling "Wait" with "1" argument(s): "One or more errors occurred."	request-failure	0	0		http://rivne.ua/	rivne.ua			False	Exception calling "GetResult" with "0" argument(s): "An error occurred while sending the request."	request-failure	0	0		https://rivne.ua/	rivne.ua			False	Exception calling "GetResult" with "0" argument(s): "An error occurred while sending the request."	not-resolved	no-automatic-action
rj.gov.br	2026-07-21T17:49:56.6872907+00:00	resolved	187.62.128.44			timeout	0	0		http://rj.gov.br/	rj.gov.br			False	Exception calling "GetResult" with "0" argument(s): "A task was canceled."	timeout	0	0		https://rj.gov.br/	rj.gov.br			False	Exception calling "GetResult" with "0" argument(s): "A task was canceled."	temporarily-inconclusive	retest-later
rj.leg.br	2026-07-21T17:50:37.9534130+00:00	failed			Exception calling "Wait" with "1" argument(s): "One or more errors occurred."	request-failure	0	0		http://rj.leg.br/	rj.leg.br			False	Exception calling "GetResult" with "0" argument(s): "An error occurred while sending the request."	request-failure	0	0		https://rj.leg.br/	rj.leg.br			False	Exception calling "GetResult" with "0" argument(s): "An error occurred while sending the request."	not-resolved	no-automatic-action
rm.it	2026-07-21T17:50:39.2408085+00:00	failed			Exception calling "Wait" with "1" argument(s): "One or more errors occurred."	request-failure	0	0		http://rm.it/	rm.it			False	Exception calling "GetResult" with "0" argument(s): "An error occurred while sending the request."	request-failure	0	0		https://rm.it/	rm.it			False	Exception calling "GetResult" with "0" argument(s): "An error occurred while sending the request."	not-resolved	no-automatic-action
rn.gov.br	2026-07-21T17:50:40.2750705+00:00	resolved	177.87.96.94	2801:80:22a0:177::5e		timeout	0	0		http://rn.gov.br/	rn.gov.br			False	Exception calling "GetResult" with "0" argument(s): "A task was canceled."	timeout	0	0		https://rn.gov.br/	rn.gov.br			False	Exception calling "GetResult" with "0" argument(s): "A task was canceled."	temporarily-inconclusive	retest-later
rn.it	2026-07-21T17:51:21.6926971+00:00	failed			Exception calling "Wait" with "1" argument(s): "One or more errors occurred."	request-failure	0	0		http://rn.it/	rn.it			False	Exception calling "GetResult" with "0" argument(s): "An error occurred while sending the request."	request-failure	0	0		https://rn.it/	rn.it			False	Exception calling "GetResult" with "0" argument(s): "An error occurred while sending the request."	not-resolved	no-automatic-action
rn.leg.br	2026-07-21T17:51:22.7595825+00:00	failed			Exception calling "Wait" with "1" argument(s): "One or more errors occurred."	request-failure	0	0		http://rn.leg.br/	rn.leg.br			False	Exception calling "GetResult" with "0" argument(s): "An error occurred while sending the request."	request-failure	0	0		https://rn.leg.br/	rn.leg.br			False	Exception calling "GetResult" with "0" argument(s): "An error occurred while sending the request."	not-resolved	no-automatic-action
ro.gov.br	2026-07-21T17:51:24.1191567+00:00	resolved	186.219.243.23			timeout	0	0		http://ro.gov.br/	ro.gov.br			False	Exception calling "GetResult" with "0" argument(s): "A task was canceled."	timeout	0	0		https://ro.gov.br/	ro.gov.br			False	Exception calling "GetResult" with "0" argument(s): "A task was canceled."	temporarily-inconclusive	retest-later
ro.it	2026-07-21T17:52:05.4786770+00:00	failed			Exception calling "Wait" with "1" argument(s): "One or more errors occurred."	request-failure	0	0		http://ro.it/	ro.it			False	Exception calling "GetResult" with "0" argument(s): "An error occurred while sending the request."	request-failure	0	0		https://ro.it/	ro.it			False	Exception calling "GetResult" with "0" argument(s): "An error occurred while sending the request."	not-resolved	no-automatic-action
ro.leg.br	2026-07-21T17:52:06.5335015+00:00	failed			Exception calling "Wait" with "1" argument(s): "One or more errors occurred."	request-failure	0	0		http://ro.leg.br/	ro.leg.br			False	Exception calling "GetResult" with "0" argument(s): "An error occurred while sending the request."	request-failure	0	0		https://ro.leg.br/	ro.leg.br			False	Exception calling "GetResult" with "0" argument(s): "An error occurred while sending the request."	not-resolved	no-automatic-action
roma.it	2026-07-21T17:52:07.8150795+00:00	failed			Exception calling "Wait" with "1" argument(s): "One or more errors occurred."	request-failure	0	0		http://roma.it/	roma.it			False	Exception calling "GetResult" with "0" argument(s): "An error occurred while sending the request."	request-failure	0	0		https://roma.it/	roma.it			False	Exception calling "GetResult" with "0" argument(s): "An error occurred while sending the request."	not-resolved	no-automatic-action
roros.no	2026-07-21T17:52:08.8495103+00:00	failed			Exception calling "Wait" with "1" argument(s): "One or more errors occurred."	request-failure	0	0		http://roros.no/	roros.no			False	Exception calling "GetResult" with "0" argument(s): "An error occurred while sending the request."	request-failure	0	0		https://roros.no/	roros.no			False	Exception calling "GetResult" with "0" argument(s): "An error occurred while sending the request."	not-resolved	no-automatic-action
routingthecloud.com	2026-07-21T17:52:09.9285110+00:00	failed			Exception calling "Wait" with "1" argument(s): "One or more errors occurred."	request-failure	0	0		http://routingthecloud.com/	routingthecloud.com			False	Exception calling "GetResult" with "0" argument(s): "An error occurred while sending the request."	request-failure	0	0		https://routingthecloud.com/	routingthecloud.com			False	Exception calling "GetResult" with "0" argument(s): "An error occurred while sending the request."	not-resolved	no-automatic-action
routingthecloud.net	2026-07-21T17:52:11.0086843+00:00	failed			Exception calling "Wait" with "1" argument(s): "One or more errors occurred."	request-failure	0	0		http://routingthecloud.net/	routingthecloud.net			False	Exception calling "GetResult" with "0" argument(s): "An error occurred while sending the request."	request-failure	0	0		https://routingthecloud.net/	routingthecloud.net			False	Exception calling "GetResult" with "0" argument(s): "An error occurred while sending the request."	not-resolved	no-automatic-action
rovigo.it	2026-07-21T17:52:12.0937589+00:00	failed			Exception calling "Wait" with "1" argument(s): "One or more errors occurred."	request-failure	0	0		http://rovigo.it/	rovigo.it			False	Exception calling "GetResult" with "0" argument(s): "An error occurred while sending the request."	request-failure	0	0		https://rovigo.it/	rovigo.it			False	Exception calling "GetResult" with "0" argument(s): "An error occurred while sending the request."	not-resolved	no-automatic-action
rovno.ua	2026-07-21T17:52:13.1431500+00:00	failed			Exception calling "Wait" with "1" argument(s): "One or more errors occurred."	request-failure	0	0		http://rovno.ua/	rovno.ua			False	Exception calling "GetResult" with "0" argument(s): "An error occurred while sending the request."	request-failure	0	0		https://rovno.ua/	rovno.ua			False	Exception calling "GetResult" with "0" argument(s): "An error occurred while sending the request."	not-resolved	no-automatic-action
rr.gov.br	2026-07-21T17:52:14.3690992+00:00	failed			Exception calling "Wait" with "1" argument(s): "One or more errors occurred."	request-failure	0	0		http://rr.gov.br/	rr.gov.br			False	Exception calling "GetResult" with "0" argument(s): "An error occurred while sending the request."	request-failure	0	0		https://rr.gov.br/	rr.gov.br			False	Exception calling "GetResult" with "0" argument(s): "An error occurred while sending the request."	not-resolved	no-automatic-action
rr.leg.br	2026-07-21T17:52:16.0080707+00:00	failed			Exception calling "Wait" with "1" argument(s): "One or more errors occurred."	request-failure	0	0		http://rr.leg.br/	rr.leg.br			False	Exception calling "GetResult" with "0" argument(s): "An error occurred while sending the request."	request-failure	0	0		https://rr.leg.br/	rr.leg.br			False	Exception calling "GetResult" with "0" argument(s): "An error occurred while sending the request."	not-resolved	no-automatic-action
rs.ba	2026-07-21T17:52:17.3195863+00:00	failed			Exception calling "Wait" with "1" argument(s): "One or more errors occurred."	request-failure	0	0		http://rs.ba/	rs.ba			False	Exception calling "GetResult" with "0" argument(s): "An error occurred while sending the request."	request-failure	0	0		https://rs.ba/	rs.ba			False	Exception calling "GetResult" with "0" argument(s): "An error occurred while sending the request."	not-resolved	no-automatic-action
rs.leg.br	2026-07-21T17:52:18.3916425+00:00	failed			Exception calling "Wait" with "1" argument(s): "One or more errors occurred."	request-failure	0	0		http://rs.leg.br/	rs.leg.br			False	Exception calling "GetResult" with "0" argument(s): "An error occurred while sending the request."	request-failure	0	0		https://rs.leg.br/	rs.leg.br			False	Exception calling "GetResult" with "0" argument(s): "An error occurred while sending the request."	not-resolved	no-automatic-action
ru.com	2026-07-21T17:52:19.6678822+00:00	failed			Exception calling "Wait" with "1" argument(s): "One or more errors occurred."	request-failure	0	0		http://ru.com/	ru.com			False	Exception calling "GetResult" with "0" argument(s): "An error occurred while sending the request."	request-failure	0	0		https://ru.com/	ru.com			False	Exception calling "GetResult" with "0" argument(s): "An error occurred while sending the request."	not-resolved	no-automatic-action
rulez.jp	2026-07-21T17:52:20.7122143+00:00	failed			Exception calling "Wait" with "1" argument(s): "One or more errors occurred."	request-failure	0	0		http://rulez.jp/	rulez.jp			False	Exception calling "GetResult" with "0" argument(s): "An error occurred while sending the request."	request-failure	0	0		https://rulez.jp/	rulez.jp			False	Exception calling "GetResult" with "0" argument(s): "An error occurred while sending the request."	not-resolved	no-automatic-action
rv.ua	2026-07-21T17:52:22.0128342+00:00	failed			Exception calling "Wait" with "1" argument(s): "One or more errors occurred."	request-failure	0	0		http://rv.ua/	rv.ua			False	Exception calling "GetResult" with "0" argument(s): "An error occurred while sending the request."	request-failure	0	0		https://rv.ua/	rv.ua			False	Exception calling "GetResult" with "0" argument(s): "An error occurred while sending the request."	not-resolved	no-automatic-action
rybnik.pl	2026-07-21T17:52:23.2000548+00:00	failed			Exception calling "Wait" with "1" argument(s): "One or more errors occurred."	request-failure	0	0		http://rybnik.pl/	rybnik.pl			False	Exception calling "GetResult" with "0" argument(s): "An error occurred while sending the request."	request-failure	0	0		https://rybnik.pl/	rybnik.pl			False	Exception calling "GetResult" with "0" argument(s): "An error occurred while sending the request."	not-resolved	no-automatic-action
rzeszow.pl	2026-07-21T17:52:24.2300724+00:00	failed			Exception calling "Wait" with "1" argument(s): "One or more errors occurred."	request-failure	0	0		http://rzeszow.pl/	rzeszow.pl			False	Exception calling "GetResult" with "0" argument(s): "An error occurred while sending the request."	request-failure	0	0		https://rzeszow.pl/	rzeszow.pl			False	Exception calling "GetResult" with "0" argument(s): "An error occurred while sending the request."	not-resolved	no-automatic-action
rzgw.gov.pl	2026-07-21T17:52:25.2655977+00:00	failed			Exception calling "Wait" with "1" argument(s): "One or more errors occurred."	request-failure	0	0		http://rzgw.gov.pl/	rzgw.gov.pl			False	Exception calling "GetResult" with "0" argument(s): "An error occurred while sending the request."	request-failure	0	0		https://rzgw.gov.pl/	rzgw.gov.pl			False	Exception calling "GetResult" with "0" argument(s): "An error occurred while sending the request."	not-resolved	no-automatic-action
s.se	2026-07-21T17:52:26.3019791+00:00	failed			Exception calling "Wait" with "1" argument(s): "One or more errors occurred."	request-failure	0	0		http://s.se/	s.se			False	Exception calling "GetResult" with "0" argument(s): "An error occurred while sending the request."	request-failure	0	0		https://s.se/	s.se			False	Exception calling "GetResult" with "0" argument(s): "An error occurred while sending the request."	not-resolved	no-automatic-action
s3.me-south-1.amazonaws.com	2026-07-21T17:52:27.3566374+00:00	resolved	3.5.222.206,3.5.222.219			timeout	0	0		http://s3.me-south-1.amazonaws.com/	s3.me-south-1.amazonaws.com			False	Exception calling "GetResult" with "0" argument(s): "A task was canceled."	timeout	0	0		https://s3.me-south-1.amazonaws.com/	s3.me-south-1.amazonaws.com			False	Exception calling "GetResult" with "0" argument(s): "A task was canceled."	temporarily-inconclusive	retest-later
s3-me-south-1.amazonaws.com	2026-07-21T17:53:08.4144145+00:00	resolved	3.5.220.159,52.95.172.57			timeout	0	0		http://s3-me-south-1.amazonaws.com/	s3-me-south-1.amazonaws.com			False	Exception calling "GetResult" with "0" argument(s): "A task was canceled."	timeout	0	0		https://s3-me-south-1.amazonaws.com/	s3-me-south-1.amazonaws.com			False	Exception calling "GetResult" with "0" argument(s): "A task was canceled."	temporarily-inconclusive	retest-later
sa.com	2026-07-21T17:53:49.4879624+00:00	failed			Exception calling "Wait" with "1" argument(s): "One or more errors occurred."	request-failure	0	0		http://sa.com/	sa.com			False	Exception calling "GetResult" with "0" argument(s): "An error occurred while sending the request."	request-failure	0	0		https://sa.com/	sa.com			False	Exception calling "GetResult" with "0" argument(s): "An error occurred while sending the request."	not-resolved	no-automatic-action
sa.cr	2026-07-21T17:53:50.5330655+00:00	failed			Exception calling "Wait" with "1" argument(s): "One or more errors occurred."	request-failure	0	0		http://sa.cr/	sa.cr			False	Exception calling "GetResult" with "0" argument(s): "An error occurred while sending the request."	request-failure	0	0		https://sa.cr/	sa.cr			False	Exception calling "GetResult" with "0" argument(s): "An error occurred while sending the request."	not-resolved	no-automatic-action
sa.edu.au	2026-07-21T17:53:51.6021611+00:00	failed			Exception calling "Wait" with "1" argument(s): "One or more errors occurred."	request-failure	0	0		http://sa.edu.au/	sa.edu.au			False	Exception calling "GetResult" with "0" argument(s): "An error occurred while sending the request."	request-failure	0	0		https://sa.edu.au/	sa.edu.au			False	Exception calling "GetResult" with "0" argument(s): "An error occurred while sending the request."	not-resolved	no-automatic-action
sa.gov.pl	2026-07-21T17:53:52.6653588+00:00	failed			Exception calling "Wait" with "1" argument(s): "One or more errors occurred."	request-failure	0	0		http://sa.gov.pl/	sa.gov.pl			False	Exception calling "GetResult" with "0" argument(s): "An error occurred while sending the request."	request-failure	0	0		https://sa.gov.pl/	sa.gov.pl			False	Exception calling "GetResult" with "0" argument(s): "An error occurred while sending the request."	not-resolved	no-automatic-action
sa.it	2026-07-21T17:53:53.6946829+00:00	failed			Exception calling "Wait" with "1" argument(s): "One or more errors occurred."	request-failure	0	0		http://sa.it/	sa.it			False	Exception calling "GetResult" with "0" argument(s): "An error occurred while sending the request."	request-failure	0	0		https://sa.it/	sa.it			False	Exception calling "GetResult" with "0" argument(s): "An error occurred while sending the request."	not-resolved	no-automatic-action
saga.jp	2026-07-21T17:53:54.7373550+00:00	failed			Exception calling "Wait" with "1" argument(s): "One or more errors occurred."	request-failure	0	0		http://saga.jp/	saga.jp			False	Exception calling "GetResult" with "0" argument(s): "An error occurred while sending the request."	request-failure	0	0		https://saga.jp/	saga.jp			False	Exception calling "GetResult" with "0" argument(s): "An error occurred while sending the request."	not-resolved	no-automatic-action
saitama.jp	2026-07-21T17:53:55.7854639+00:00	failed			Exception calling "Wait" with "1" argument(s): "One or more errors occurred."	request-failure	0	0		http://saitama.jp/	saitama.jp			False	Exception calling "GetResult" with "0" argument(s): "An error occurred while sending the request."	request-failure	0	0		https://saitama.jp/	saitama.jp			False	Exception calling "GetResult" with "0" argument(s): "An error occurred while sending the request."	not-resolved	no-automatic-action
sakura.tv	2026-07-21T17:53:56.8424879+00:00	failed			Exception calling "Wait" with "1" argument(s): "One or more errors occurred."	request-failure	0	0		http://sakura.tv/	sakura.tv			False	Exception calling "GetResult" with "0" argument(s): "An error occurred while sending the request."	request-failure	0	0		https://sakura.tv/	sakura.tv			False	Exception calling "GetResult" with "0" argument(s): "An error occurred while sending the request."	not-resolved	no-automatic-action
sakuratan.com	2026-07-21T17:53:58.1555569+00:00	failed			Exception calling "Wait" with "1" argument(s): "One or more errors occurred."	request-failure	0	0		http://sakuratan.com/	sakuratan.com			False	Exception calling "GetResult" with "0" argument(s): "An error occurred while sending the request."	request-failure	0	0		https://sakuratan.com/	sakuratan.com			False	Exception calling "GetResult" with "0" argument(s): "An error occurred while sending the request."	not-resolved	no-automatic-action
sakuraweb.com	2026-07-21T17:53:59.4619921+00:00	failed			Exception calling "Wait" with "1" argument(s): "One or more errors occurred."	request-failure	0	0		http://sakuraweb.com/	sakuraweb.com			False	Exception calling "GetResult" with "0" argument(s): "An error occurred while sending the request."	request-failure	0	0		https://sakuraweb.com/	sakuraweb.com			False	Exception calling "GetResult" with "0" argument(s): "An error occurred while sending the request."	not-resolved	no-automatic-action
salerno.it	2026-07-21T17:54:00.7660639+00:00	failed			Exception calling "Wait" with "1" argument(s): "One or more errors occurred."	request-failure	0	0		http://salerno.it/	salerno.it			False	Exception calling "GetResult" with "0" argument(s): "An error occurred while sending the request."	request-failure	0	0		https://salerno.it/	salerno.it			False	Exception calling "GetResult" with "0" argument(s): "An error occurred while sending the request."	not-resolved	no-automatic-action
saloon.jp	2026-07-21T17:54:01.8312802+00:00	failed			Exception calling "Wait" with "1" argument(s): "One or more errors occurred."	request-failure	0	0		http://saloon.jp/	saloon.jp			False	Exception calling "GetResult" with "0" argument(s): "An error occurred while sending the request."	request-failure	0	0		https://saloon.jp/	saloon.jp			False	Exception calling "GetResult" with "0" argument(s): "An error occurred while sending the request."	not-resolved	no-automatic-action
salvador.br	2026-07-21T17:54:03.1373828+00:00	failed			Exception calling "Wait" with "1" argument(s): "One or more errors occurred."	request-failure	0	0		http://salvador.br/	salvador.br			False	Exception calling "GetResult" with "0" argument(s): "An error occurred while sending the request."	request-failure	0	0		https://salvador.br/	salvador.br			False	Exception calling "GetResult" with "0" argument(s): "An error occurred while sending the request."	not-resolved	no-automatic-action
samnanger.no	2026-07-21T17:54:04.2021993+00:00	failed			Exception calling "Wait" with "1" argument(s): "One or more errors occurred."	request-failure	0	0		http://samnanger.no/	samnanger.no			False	Exception calling "GetResult" with "0" argument(s): "An error occurred while sending the request."	request-failure	0	0		https://samnanger.no/	samnanger.no			False	Exception calling "GetResult" with "0" argument(s): "An error occurred while sending the request."	not-resolved	no-automatic-action
sampa.br	2026-07-21T17:54:05.2721201+00:00	failed			Exception calling "Wait" with "1" argument(s): "One or more errors occurred."	request-failure	0	0		http://sampa.br/	sampa.br			False	Exception calling "GetResult" with "0" argument(s): "An error occurred while sending the request."	request-failure	0	0		https://sampa.br/	sampa.br			False	Exception calling "GetResult" with "0" argument(s): "An error occurred while sending the request."	not-resolved	no-automatic-action
sandefjord.no	2026-07-21T17:54:06.3490173+00:00	failed			Exception calling "Wait" with "1" argument(s): "One or more errors occurred."	request-failure	0	0		http://sandefjord.no/	sandefjord.no			False	Exception calling "GetResult" with "0" argument(s): "An error occurred while sending the request."	request-failure	0	0		https://sandefjord.no/	sandefjord.no			False	Exception calling "GetResult" with "0" argument(s): "An error occurred while sending the request."	not-resolved	no-automatic-action
sanok.pl	2026-07-21T17:54:07.4140706+00:00	failed			Exception calling "Wait" with "1" argument(s): "One or more errors occurred."	request-failure	0	0		http://sanok.pl/	sanok.pl			False	Exception calling "GetResult" with "0" argument(s): "An error occurred while sending the request."	request-failure	0	0		https://sanok.pl/	sanok.pl			False	Exception calling "GetResult" with "0" argument(s): "An error occurred while sending the request."	not-resolved	no-automatic-action
sardegna.it	2026-07-21T17:54:08.4642294+00:00	failed			Exception calling "Wait" with "1" argument(s): "One or more errors occurred."	request-failure	0	0		http://sardegna.it/	sardegna.it			False	Exception calling "GetResult" with "0" argument(s): "An error occurred while sending the request."	request-failure	0	0		https://sardegna.it/	sardegna.it			False	Exception calling "GetResult" with "0" argument(s): "An error occurred while sending the request."	not-resolved	no-automatic-action
sarpsborg.no	2026-07-21T17:54:09.5035453+00:00	failed			Exception calling "Wait" with "1" argument(s): "One or more errors occurred."	request-failure	0	0		http://sarpsborg.no/	sarpsborg.no			False	Exception calling "GetResult" with "0" argument(s): "An error occurred while sending the request."	request-failure	0	0		https://sarpsborg.no/	sarpsborg.no			False	Exception calling "GetResult" with "0" argument(s): "An error occurred while sending the request."	not-resolved	no-automatic-action
sassari.it	2026-07-21T17:54:10.5770480+00:00	failed			Exception calling "Wait" with "1" argument(s): "One or more errors occurred."	request-failure	0	0		http://sassari.it/	sassari.it			False	Exception calling "GetResult" with "0" argument(s): "An error occurred while sending the request."	request-failure	0	0		https://sassari.it/	sassari.it			False	Exception calling "GetResult" with "0" argument(s): "An error occurred while sending the request."	not-resolved	no-automatic-action
savona.it	2026-07-21T17:54:11.6224950+00:00	failed			Exception calling "Wait" with "1" argument(s): "One or more errors occurred."	request-failure	0	0		http://savona.it/	savona.it			False	Exception calling "GetResult" with "0" argument(s): "An error occurred while sending the request."	request-failure	0	0		https://savona.it/	savona.it			False	Exception calling "GetResult" with "0" argument(s): "An error occurred while sending the request."	not-resolved	no-automatic-action
sc.cn	2026-07-21T17:54:12.6611856+00:00	failed			Exception calling "Wait" with "1" argument(s): "One or more errors occurred."	request-failure	0	0		http://sc.cn/	sc.cn			False	Exception calling "GetResult" with "0" argument(s): "An error occurred while sending the request."	request-failure	0	0		https://sc.cn/	sc.cn			False	Exception calling "GetResult" with "0" argument(s): "An error occurred while sending the request."	not-resolved	no-automatic-action
sc.ke	2026-07-21T17:54:13.8925946+00:00	failed			Exception calling "Wait" with "1" argument(s): "One or more errors occurred."	request-failure	0	0		http://sc.ke/	sc.ke			False	Exception calling "GetResult" with "0" argument(s): "An error occurred while sending the request."	request-failure	0	0		https://sc.ke/	sc.ke			False	Exception calling "GetResult" with "0" argument(s): "An error occurred while sending the request."	not-resolved	no-automatic-action
sc.kr	2026-07-21T17:54:14.9481236+00:00	failed			Exception calling "Wait" with "1" argument(s): "One or more errors occurred."	request-failure	0	0		http://sc.kr/	sc.kr			False	Exception calling "GetResult" with "0" argument(s): "An error occurred while sending the request."	request-failure	0	0		https://sc.kr/	sc.kr			False	Exception calling "GetResult" with "0" argument(s): "An error occurred while sending the request."	not-resolved	no-automatic-action
sc.leg.br	2026-07-21T17:54:16.0094291+00:00	failed			Exception calling "Wait" with "1" argument(s): "One or more errors occurred."	request-failure	0	0		http://sc.leg.br/	sc.leg.br			False	Exception calling "GetResult" with "0" argument(s): "An error occurred while sending the request."	request-failure	0	0		https://sc.leg.br/	sc.leg.br			False	Exception calling "GetResult" with "0" argument(s): "An error occurred while sending the request."	not-resolved	no-automatic-action
sc.tz	2026-07-21T17:54:17.5295116+00:00	failed			Exception calling "Wait" with "1" argument(s): "One or more errors occurred."	request-failure	0	0		http://sc.tz/	sc.tz			False	Exception calling "GetResult" with "0" argument(s): "An error occurred while sending the request."	request-failure	0	0		https://sc.tz/	sc.tz			False	Exception calling "GetResult" with "0" argument(s): "An error occurred while sending the request."	not-resolved	no-automatic-action
sc.ug	2026-07-21T17:54:22.2914570+00:00	failed			Exception calling "Wait" with "1" argument(s): "One or more errors occurred."	request-failure	0	0		http://sc.ug/	sc.ug			False	Exception calling "GetResult" with "0" argument(s): "An error occurred while sending the request."	request-failure	0	0		https://sc.ug/	sc.ug			False	Exception calling "GetResult" with "0" argument(s): "An error occurred while sending the request."	not-resolved	no-automatic-action
sc.us	2026-07-21T17:54:23.3973826+00:00	failed			Exception calling "Wait" with "1" argument(s): "One or more errors occurred."	request-failure	0	0		http://sc.us/	sc.us			False	Exception calling "GetResult" with "0" argument(s): "An error occurred while sending the request."	request-failure	0	0		https://sc.us/	sc.us			False	Exception calling "GetResult" with "0" argument(s): "An error occurred while sending the request."	not-resolved	no-automatic-action
sch.ae	2026-07-21T17:54:24.4495644+00:00	failed			Exception calling "Wait" with "1" argument(s): "One or more errors occurred."	request-failure	0	0		http://sch.ae/	sch.ae			False	Exception calling "GetResult" with "0" argument(s): "An error occurred while sending the request."	request-failure	0	0		https://sch.ae/	sch.ae			False	Exception calling "GetResult" with "0" argument(s): "An error occurred while sending the request."	not-resolved	no-automatic-action
sch.bd	2026-07-21T17:54:25.4935956+00:00	failed			Exception calling "Wait" with "1" argument(s): "One or more errors occurred."	request-failure	0	0		http://sch.bd/	sch.bd			False	Exception calling "GetResult" with "0" argument(s): "An error occurred while sending the request."	request-failure	0	0		https://sch.bd/	sch.bd			False	Exception calling "GetResult" with "0" argument(s): "An error occurred while sending the request."	not-resolved	no-automatic-action
sch.id	2026-07-21T17:54:27.2867019+00:00	failed			Exception calling "Wait" with "1" argument(s): "One or more errors occurred."	request-failure	0	0		http://sch.id/	sch.id			False	Exception calling "GetResult" with "0" argument(s): "An error occurred while sending the request."	request-failure	0	0		https://sch.id/	sch.id			False	Exception calling "GetResult" with "0" argument(s): "An error occurred while sending the request."	not-resolved	no-automatic-action
sch.ir	2026-07-21T17:54:28.3293156+00:00	failed			Exception calling "Wait" with "1" argument(s): "One or more errors occurred."	request-failure	0	0		http://sch.ir/	sch.ir			False	Exception calling "GetResult" with "0" argument(s): "An error occurred while sending the request."	request-failure	0	0		https://sch.ir/	sch.ir			False	Exception calling "GetResult" with "0" argument(s): "An error occurred while sending the request."	not-resolved	no-automatic-action
sch.jo	2026-07-21T17:54:30.8806358+00:00	failed			Exception calling "Wait" with "1" argument(s): "One or more errors occurred."	request-failure	0	0		http://sch.jo/	sch.jo			False	Exception calling "GetResult" with "0" argument(s): "An error occurred while sending the request."	request-failure	0	0		https://sch.jo/	sch.jo			False	Exception calling "GetResult" with "0" argument(s): "An error occurred while sending the request."	not-resolved	no-automatic-action
sch.lk	2026-07-21T17:54:31.9564511+00:00	failed			Exception calling "Wait" with "1" argument(s): "One or more errors occurred."	request-failure	0	0		http://sch.lk/	sch.lk			False	Exception calling "GetResult" with "0" argument(s): "An error occurred while sending the request."	request-failure	0	0		https://sch.lk/	sch.lk			False	Exception calling "GetResult" with "0" argument(s): "An error occurred while sending the request."	not-resolved	no-automatic-action
sch.ng	2026-07-21T17:54:34.7918470+00:00	failed			Exception calling "Wait" with "1" argument(s): "One or more errors occurred."	request-failure	0	0		http://sch.ng/	sch.ng			False	Exception calling "GetResult" with "0" argument(s): "An error occurred while sending the request."	request-failure	0	0		https://sch.ng/	sch.ng			False	Exception calling "GetResult" with "0" argument(s): "An error occurred while sending the request."	not-resolved	no-automatic-action
sch.qa	2026-07-21T17:54:35.8422737+00:00	failed			Exception calling "Wait" with "1" argument(s): "One or more errors occurred."	request-failure	0	0		http://sch.qa/	sch.qa			False	Exception calling "GetResult" with "0" argument(s): "An error occurred while sending the request."	request-failure	0	0		https://sch.qa/	sch.qa			False	Exception calling "GetResult" with "0" argument(s): "An error occurred while sending the request."	not-resolved	no-automatic-action
sch.sa	2026-07-21T17:54:36.8989531+00:00	failed			Exception calling "Wait" with "1" argument(s): "One or more errors occurred."	request-failure	0	0		http://sch.sa/	sch.sa			False	Exception calling "GetResult" with "0" argument(s): "An error occurred while sending the request."	request-failure	0	0		https://sch.sa/	sch.sa			False	Exception calling "GetResult" with "0" argument(s): "An error occurred while sending the request."	not-resolved	no-automatic-action
school.in	2026-07-21T17:54:38.0397171+00:00	failed			Exception calling "Wait" with "1" argument(s): "One or more errors occurred."	request-failure	0	0		http://school.in/	school.in			False	Exception calling "GetResult" with "0" argument(s): "An error occurred while sending the request."	request-failure	0	0		https://school.in/	school.in			False	Exception calling "GetResult" with "0" argument(s): "An error occurred while sending the request."	not-resolved	no-automatic-action
school.nz	2026-07-21T17:54:39.0984398+00:00	failed			Exception calling "Wait" with "1" argument(s): "One or more errors occurred."	request-failure	0	0		http://school.nz/	school.nz			False	Exception calling "GetResult" with "0" argument(s): "An error occurred while sending the request."	request-failure	0	0		https://school.nz/	school.nz			False	Exception calling "GetResult" with "0" argument(s): "An error occurred while sending the request."	not-resolved	no-automatic-action
school.za	2026-07-21T17:54:40.1521052+00:00	failed			Exception calling "Wait" with "1" argument(s): "One or more errors occurred."	request-failure	0	0		http://school.za/	school.za			False	Exception calling "GetResult" with "0" argument(s): "An error occurred while sending the request."	request-failure	0	0		https://school.za/	school.za			False	Exception calling "GetResult" with "0" argument(s): "An error occurred while sending the request."	not-resolved	no-automatic-action
sci.eg	2026-07-21T17:54:41.6375663+00:00	failed			Exception calling "Wait" with "1" argument(s): "One or more errors occurred."	request-failure	0	0		http://sci.eg/	sci.eg			False	Exception calling "GetResult" with "0" argument(s): "An error occurred while sending the request."	request-failure	0	0		https://sci.eg/	sci.eg			False	Exception calling "GetResult" with "0" argument(s): "An error occurred while sending the request."	not-resolved	no-automatic-action
sd.cn	2026-07-21T17:54:42.8356520+00:00	failed			Exception calling "Wait" with "1" argument(s): "One or more errors occurred."	request-failure	0	0		http://sd.cn/	sd.cn			False	Exception calling "GetResult" with "0" argument(s): "An error occurred while sending the request."	request-failure	0	0		https://sd.cn/	sd.cn			False	Exception calling "GetResult" with "0" argument(s): "An error occurred while sending the request."	not-resolved	no-automatic-action
sd.us	2026-07-21T17:54:43.9357496+00:00	failed			Exception calling "Wait" with "1" argument(s): "One or more errors occurred."	request-failure	0	0		http://sd.us/	sd.us			False	Exception calling "GetResult" with "0" argument(s): "An error occurred while sending the request."	request-failure	0	0		https://sd.us/	sd.us			False	Exception calling "GetResult" with "0" argument(s): "An error occurred while sending the request."	not-resolved	no-automatic-action
se.gov.br	2026-07-21T17:54:44.9991241+00:00	resolved	187.17.3.115	2801:80:150:1::3:115		timeout	0	0		http://se.gov.br/	se.gov.br			False	Exception calling "GetResult" with "0" argument(s): "A task was canceled."	timeout	0	0		https://se.gov.br/	se.gov.br			False	Exception calling "GetResult" with "0" argument(s): "A task was canceled."	temporarily-inconclusive	retest-later
se.leg.br	2026-07-21T17:55:26.3259217+00:00	failed			Exception calling "Wait" with "1" argument(s): "One or more errors occurred."	request-failure	0	0		http://se.leg.br/	se.leg.br			False	Exception calling "GetResult" with "0" argument(s): "An error occurred while sending the request."	request-failure	0	0		https://se.leg.br/	se.leg.br			False	Exception calling "GetResult" with "0" argument(s): "An error occurred while sending the request."	not-resolved	no-automatic-action
seattle.wa.us	2026-07-21T17:55:27.5968557+00:00	failed			Exception calling "Wait" with "1" argument(s): "One or more errors occurred."	request-failure	0	0		http://seattle.wa.us/	seattle.wa.us			False	Exception calling "GetResult" with "0" argument(s): "An error occurred while sending the request."	request-failure	0	0		https://seattle.wa.us/	seattle.wa.us			False	Exception calling "GetResult" with "0" argument(s): "An error occurred while sending the request."	not-resolved	no-automatic-action
sebastopol.ua	2026-07-21T17:55:30.5487812+00:00	resolved	5.9.228.67			request-failure	0	0		http://sebastopol.ua/	sebastopol.ua			False	Exception calling "GetResult" with "0" argument(s): "An error occurred while sending the request."	request-failure	0	0		https://sebastopol.ua/	sebastopol.ua			False	Exception calling "GetResult" with "0" argument(s): "An error occurred while sending the request."	dns-only	retest-or-review-exact-host
seg.ar	2026-07-21T17:55:35.9946940+00:00	failed			Exception calling "Wait" with "1" argument(s): "One or more errors occurred."	request-failure	0	0		http://seg.ar/	seg.ar			False	Exception calling "GetResult" with "0" argument(s): "An error occurred while sending the request."	request-failure	0	0		https://seg.ar/	seg.ar			False	Exception calling "GetResult" with "0" argument(s): "An error occurred while sending the request."	not-resolved	no-automatic-action
seg.br	2026-07-21T17:55:37.0639875+00:00	failed			Exception calling "Wait" with "1" argument(s): "One or more errors occurred."	request-failure	0	0		http://seg.br/	seg.br			False	Exception calling "GetResult" with "0" argument(s): "An error occurred while sending the request."	request-failure	0	0		https://seg.br/	seg.br			False	Exception calling "GetResult" with "0" argument(s): "An error occurred while sending the request."	not-resolved	no-automatic-action
seidat.net	2026-07-21T17:55:38.1186660+00:00	failed			Exception calling "Wait" with "1" argument(s): "One or more errors occurred."	request-failure	0	0		http://seidat.net/	seidat.net			False	Exception calling "GetResult" with "0" argument(s): "An error occurred while sending the request."	request-failure	0	0		https://seidat.net/	seidat.net			False	Exception calling "GetResult" with "0" argument(s): "An error occurred while sending the request."	not-resolved	no-automatic-action
sejny.pl	2026-07-21T17:55:39.1694660+00:00	failed			Exception calling "Wait" with "1" argument(s): "One or more errors occurred."	request-failure	0	0		http://sejny.pl/	sejny.pl			False	Exception calling "GetResult" with "0" argument(s): "An error occurred while sending the request."	request-failure	0	0		https://sejny.pl/	sejny.pl			False	Exception calling "GetResult" with "0" argument(s): "An error occurred while sending the request."	not-resolved	no-automatic-action
seoul.kr	2026-07-21T17:55:40.2132685+00:00	failed			Exception calling "Wait" with "1" argument(s): "One or more errors occurred."	request-failure	0	0		http://seoul.kr/	seoul.kr			False	Exception calling "GetResult" with "0" argument(s): "An error occurred while sending the request."	request-failure	0	0		https://seoul.kr/	seoul.kr			False	Exception calling "GetResult" with "0" argument(s): "An error occurred while sending the request."	not-resolved	no-automatic-action
sequim.wa.us	2026-07-21T17:55:41.2943655+00:00	failed			Exception calling "Wait" with "1" argument(s): "One or more errors occurred."	request-failure	0	0		http://sequim.wa.us/	sequim.wa.us			False	Exception calling "GetResult" with "0" argument(s): "An error occurred while sending the request."	request-failure	0	0		https://sequim.wa.us/	sequim.wa.us			False	Exception calling "GetResult" with "0" argument(s): "An error occurred while sending the request."	not-resolved	no-automatic-action
server-on.net	2026-07-21T17:55:42.5763918+00:00	failed			Exception calling "Wait" with "1" argument(s): "One or more errors occurred."	request-failure	0	0		http://server-on.net/	server-on.net			False	Exception calling "GetResult" with "0" argument(s): "An error occurred while sending the request."	request-failure	0	0		https://server-on.net/	server-on.net			False	Exception calling "GetResult" with "0" argument(s): "An error occurred while sending the request."	not-resolved	no-automatic-action
service.gov.scot	2026-07-21T17:55:44.0530932+00:00	failed			Exception calling "Wait" with "1" argument(s): "One or more errors occurred."	request-failure	0	0		http://service.gov.scot/	service.gov.scot			False	Exception calling "GetResult" with "0" argument(s): "An error occurred while sending the request."	request-failure	0	0		https://service.gov.scot/	service.gov.scot			False	Exception calling "GetResult" with "0" argument(s): "An error occurred while sending the request."	not-resolved	no-automatic-action
service.one	2026-07-21T17:55:45.1626333+00:00	failed			Exception calling "Wait" with "1" argument(s): "One or more errors occurred."	request-failure	0	0		http://service.one/	service.one			False	Exception calling "GetResult" with "0" argument(s): "An error occurred while sending the request."	request-failure	0	0		https://service.one/	service.one			False	Exception calling "GetResult" with "0" argument(s): "An error occurred while sending the request."	not-resolved	no-automatic-action
servicebus.windows.net	2026-07-21T17:55:46.2391137+00:00	resolved	65.55.54.16			timeout	0	0		http://servicebus.windows.net/	servicebus.windows.net			False	Exception calling "GetResult" with "0" argument(s): "A task was canceled."	timeout	0	0		https://servicebus.windows.net/	servicebus.windows.net			False	Exception calling "GetResult" with "0" argument(s): "A task was canceled."	temporarily-inconclusive	retest-later
sex.pl	2026-07-21T17:56:27.3072444+00:00	failed			Exception calling "Wait" with "1" argument(s): "One or more errors occurred."	request-failure	0	0		http://sex.pl/	sex.pl			False	Exception calling "GetResult" with "0" argument(s): "An error occurred while sending the request."	request-failure	0	0		https://sex.pl/	sex.pl			False	Exception calling "GetResult" with "0" argument(s): "An error occurred while sending the request."	not-resolved	no-automatic-action
sh.cn	2026-07-21T17:56:28.3494279+00:00	failed			Exception calling "Wait" with "1" argument(s): "One or more errors occurred."	request-failure	0	0		http://sh.cn/	sh.cn			False	Exception calling "GetResult" with "0" argument(s): "An error occurred while sending the request."	request-failure	0	0		https://sh.cn/	sh.cn			False	Exception calling "GetResult" with "0" argument(s): "An error occurred while sending the request."	not-resolved	no-automatic-action
shacknet.nu	2026-07-21T17:56:29.4101808+00:00	failed			Exception calling "Wait" with "1" argument(s): "One or more errors occurred."	request-failure	0	0		http://shacknet.nu/	shacknet.nu			False	Exception calling "GetResult" with "0" argument(s): "An error occurred while sending the request."	request-failure	0	0		https://shacknet.nu/	shacknet.nu			False	Exception calling "GetResult" with "0" argument(s): "An error occurred while sending the request."	not-resolved	no-automatic-action
shelton.wa.us	2026-07-21T17:56:30.4550142+00:00	failed			Exception calling "Wait" with "1" argument(s): "One or more errors occurred."	request-failure	0	0		http://shelton.wa.us/	shelton.wa.us			False	Exception calling "GetResult" with "0" argument(s): "An error occurred while sending the request."	request-failure	0	0		https://shelton.wa.us/	shelton.wa.us			False	Exception calling "GetResult" with "0" argument(s): "An error occurred while sending the request."	not-resolved	no-automatic-action
shiga.jp	2026-07-21T17:56:31.7155171+00:00	failed			Exception calling "Wait" with "1" argument(s): "One or more errors occurred."	request-failure	0	0		http://shiga.jp/	shiga.jp			False	Exception calling "GetResult" with "0" argument(s): "An error occurred while sending the request."	request-failure	0	0		https://shiga.jp/	shiga.jp			False	Exception calling "GetResult" with "0" argument(s): "An error occurred while sending the request."	not-resolved	no-automatic-action
shimane.jp	2026-07-21T17:56:32.7549170+00:00	failed			Exception calling "Wait" with "1" argument(s): "One or more errors occurred."	request-failure	0	0		http://shimane.jp/	shimane.jp			False	Exception calling "GetResult" with "0" argument(s): "An error occurred while sending the request."	request-failure	0	0		https://shimane.jp/	shimane.jp			False	Exception calling "GetResult" with "0" argument(s): "An error occurred while sending the request."	not-resolved	no-automatic-action
shizuoka.jp	2026-07-21T17:56:33.7968539+00:00	failed			Exception calling "Wait" with "1" argument(s): "One or more errors occurred."	request-failure	0	0		http://shizuoka.jp/	shizuoka.jp			False	Exception calling "GetResult" with "0" argument(s): "An error occurred while sending the request."	request-failure	0	0		https://shizuoka.jp/	shizuoka.jp			False	Exception calling "GetResult" with "0" argument(s): "An error occurred while sending the request."	not-resolved	no-automatic-action
shop.hu	2026-07-21T17:56:34.8470524+00:00	failed			Exception calling "Wait" with "1" argument(s): "One or more errors occurred."	request-failure	0	0		http://shop.hu/	shop.hu			False	Exception calling "GetResult" with "0" argument(s): "An error occurred while sending the request."	request-failure	0	0		https://shop.hu/	shop.hu			False	Exception calling "GetResult" with "0" argument(s): "An error occurred while sending the request."	not-resolved	no-automatic-action
shop.pl	2026-07-21T17:56:35.9104736+00:00	failed			Exception calling "Wait" with "1" argument(s): "One or more errors occurred."	request-failure	0	0		http://shop.pl/	shop.pl			False	Exception calling "GetResult" with "0" argument(s): "An error occurred while sending the request."	request-failure	0	0		https://shop.pl/	shop.pl			False	Exception calling "GetResult" with "0" argument(s): "An error occurred while sending the request."	not-resolved	no-automatic-action
shop.ro	2026-07-21T17:56:36.9371101+00:00	failed			Exception calling "Wait" with "1" argument(s): "One or more errors occurred."	request-failure	0	0		http://shop.ro/	shop.ro			False	Exception calling "GetResult" with "0" argument(s): "An error occurred while sending the request."	request-failure	0	0		https://shop.ro/	shop.ro			False	Exception calling "GetResult" with "0" argument(s): "An error occurred while sending the request."	not-resolved	no-automatic-action
shopitsite.com	2026-07-21T17:56:37.9911719+00:00	failed			Exception calling "Wait" with "1" argument(s): "One or more errors occurred."	request-failure	0	0		http://shopitsite.com/	shopitsite.com			False	Exception calling "GetResult" with "0" argument(s): "An error occurred while sending the request."	request-failure	0	0		https://shopitsite.com/	shopitsite.com			False	Exception calling "GetResult" with "0" argument(s): "An error occurred while sending the request."	not-resolved	no-automatic-action
si.it	2026-07-21T17:56:39.0449742+00:00	failed			Exception calling "Wait" with "1" argument(s): "One or more errors occurred."	request-failure	0	0		http://si.it/	si.it			False	Exception calling "GetResult" with "0" argument(s): "An error occurred while sending the request."	request-failure	0	0		https://si.it/	si.it			False	Exception calling "GetResult" with "0" argument(s): "An error occurred while sending the request."	not-resolved	no-automatic-action
sicilia.it	2026-07-21T17:56:40.1167797+00:00	failed			Exception calling "Wait" with "1" argument(s): "One or more errors occurred."	request-failure	0	0		http://sicilia.it/	sicilia.it			False	Exception calling "GetResult" with "0" argument(s): "An error occurred while sending the request."	request-failure	0	0		https://sicilia.it/	sicilia.it			False	Exception calling "GetResult" with "0" argument(s): "An error occurred while sending the request."	not-resolved	no-automatic-action
siena.it	2026-07-21T17:56:41.1698752+00:00	failed			Exception calling "Wait" with "1" argument(s): "One or more errors occurred."	request-failure	0	0		http://siena.it/	siena.it			False	Exception calling "GetResult" with "0" argument(s): "An error occurred while sending the request."	request-failure	0	0		https://siena.it/	siena.it			False	Exception calling "GetResult" with "0" argument(s): "An error occurred while sending the request."	not-resolved	no-automatic-action
sigdal.no	2026-07-21T17:56:42.2123822+00:00	failed			Exception calling "Wait" with "1" argument(s): "One or more errors occurred."	request-failure	0	0		http://sigdal.no/	sigdal.no			False	Exception calling "GetResult" with "0" argument(s): "An error occurred while sending the request."	request-failure	0	0		https://sigdal.no/	sigdal.no			False	Exception calling "GetResult" with "0" argument(s): "An error occurred while sending the request."	not-resolved	no-automatic-action
siljan.no	2026-07-21T17:56:43.3070548+00:00	failed			Exception calling "Wait" with "1" argument(s): "One or more errors occurred."	request-failure	0	0		http://siljan.no/	siljan.no			False	Exception calling "GetResult" with "0" argument(s): "An error occurred while sending the request."	request-failure	0	0		https://siljan.no/	siljan.no			False	Exception calling "GetResult" with "0" argument(s): "An error occurred while sending the request."	not-resolved	no-automatic-action
sinaapp.com	2026-07-21T17:56:44.3840242+00:00	resolved	220.181.172.160,27.221.16.59	2001::1		http-error-response	403	0		http://sinaapp.com/	sinaapp.com	text/html	nginx	False		request-failure	0	0		https://sinaapp.com/	sinaapp.com			False	Exception calling "GetResult" with "0" argument(s): "An error occurred while sending the request."	http-error-response	review-exact-host
siracusa.it	2026-07-21T17:56:46.8398737+00:00	failed			Exception calling "Wait" with "1" argument(s): "One or more errors occurred."	request-failure	0	0		http://siracusa.it/	siracusa.it			False	Exception calling "GetResult" with "0" argument(s): "An error occurred while sending the request."	request-failure	0	0		https://siracusa.it/	siracusa.it			False	Exception calling "GetResult" with "0" argument(s): "An error occurred while sending the request."	not-resolved	no-automatic-action
sirdal.no	2026-07-21T17:56:47.9084939+00:00	failed			Exception calling "Wait" with "1" argument(s): "One or more errors occurred."	request-failure	0	0		http://sirdal.no/	sirdal.no			False	Exception calling "GetResult" with "0" argument(s): "An error occurred while sending the request."	request-failure	0	0		https://sirdal.no/	sirdal.no			False	Exception calling "GetResult" with "0" argument(s): "An error occurred while sending the request."	not-resolved	no-automatic-action
siteleaf.net	2026-07-21T17:56:48.9885385+00:00	failed			Exception calling "Wait" with "1" argument(s): "One or more errors occurred."	request-failure	0	0		http://siteleaf.net/	siteleaf.net			False	Exception calling "GetResult" with "0" argument(s): "An error occurred while sending the request."	request-failure	0	0		https://siteleaf.net/	siteleaf.net			False	Exception calling "GetResult" with "0" argument(s): "An error occurred while sending the request."	not-resolved	no-automatic-action
sjc.br	2026-07-21T17:56:50.0358872+00:00	failed			Exception calling "Wait" with "1" argument(s): "One or more errors occurred."	request-failure	0	0		http://sjc.br/	sjc.br			False	Exception calling "GetResult" with "0" argument(s): "An error occurred while sending the request."	request-failure	0	0		https://sjc.br/	sjc.br			False	Exception calling "GetResult" with "0" argument(s): "An error occurred while sending the request."	not-resolved	no-automatic-action
sk.ca	2026-07-21T17:56:51.2262211+00:00	failed			Exception calling "Wait" with "1" argument(s): "One or more errors occurred."	request-failure	0	0		http://sk.ca/	sk.ca			False	Exception calling "GetResult" with "0" argument(s): "An error occurred while sending the request."	request-failure	0	0		https://sk.ca/	sk.ca			False	Exception calling "GetResult" with "0" argument(s): "An error occurred while sending the request."	not-resolved	no-automatic-action
ski.no	2026-07-21T17:56:52.2679689+00:00	failed			Exception calling "Wait" with "1" argument(s): "One or more errors occurred."	request-failure	0	0		http://ski.no/	ski.no			False	Exception calling "GetResult" with "0" argument(s): "An error occurred while sending the request."	request-failure	0	0		https://ski.no/	ski.no			False	Exception calling "GetResult" with "0" argument(s): "An error occurred while sending the request."	not-resolved	no-automatic-action
skien.no	2026-07-21T17:56:53.3445040+00:00	failed			Exception calling "Wait" with "1" argument(s): "One or more errors occurred."	request-failure	0	0		http://skien.no/	skien.no			False	Exception calling "GetResult" with "0" argument(s): "An error occurred while sending the request."	request-failure	0	0		https://skien.no/	skien.no			False	Exception calling "GetResult" with "0" argument(s): "An error occurred while sending the request."	not-resolved	no-automatic-action
skjak.no	2026-07-21T17:56:54.4314751+00:00	failed			Exception calling "Wait" with "1" argument(s): "One or more errors occurred."	request-failure	0	0		http://skjak.no/	skjak.no			False	Exception calling "GetResult" with "0" argument(s): "An error occurred while sending the request."	request-failure	0	0		https://skjak.no/	skjak.no			False	Exception calling "GetResult" with "0" argument(s): "An error occurred while sending the request."	not-resolved	no-automatic-action
sklep.pl	2026-07-21T17:56:55.5027839+00:00	failed			Exception calling "Wait" with "1" argument(s): "One or more errors occurred."	request-failure	0	0		http://sklep.pl/	sklep.pl			False	Exception calling "GetResult" with "0" argument(s): "An error occurred while sending the request."	request-failure	0	0		https://sklep.pl/	sklep.pl			False	Exception calling "GetResult" with "0" argument(s): "An error occurred while sending the request."	not-resolved	no-automatic-action
skoczow.pl	2026-07-21T17:56:56.5531260+00:00	failed			Exception calling "Wait" with "1" argument(s): "One or more errors occurred."	request-failure	0	0		http://skoczow.pl/	skoczow.pl			False	Exception calling "GetResult" with "0" argument(s): "An error occurred while sending the request."	request-failure	0	0		https://skoczow.pl/	skoczow.pl			False	Exception calling "GetResult" with "0" argument(s): "An error occurred while sending the request."	not-resolved	no-automatic-action
skr.jp	2026-07-21T17:56:57.6370280+00:00	failed			Exception calling "Wait" with "1" argument(s): "One or more errors occurred."	request-failure	0	0		http://skr.jp/	skr.jp			False	Exception calling "GetResult" with "0" argument(s): "An error occurred while sending the request."	request-failure	0	0		https://skr.jp/	skr.jp			False	Exception calling "GetResult" with "0" argument(s): "An error occurred while sending the request."	not-resolved	no-automatic-action
slask.pl	2026-07-21T17:56:58.9462144+00:00	failed			Exception calling "Wait" with "1" argument(s): "One or more errors occurred."	request-failure	0	0		http://slask.pl/	slask.pl			False	Exception calling "GetResult" with "0" argument(s): "An error occurred while sending the request."	request-failure	0	0		https://slask.pl/	slask.pl			False	Exception calling "GetResult" with "0" argument(s): "An error occurred while sending the request."	not-resolved	no-automatic-action
slupsk.pl	2026-07-21T17:56:59.9857615+00:00	failed			Exception calling "Wait" with "1" argument(s): "One or more errors occurred."	request-failure	0	0		http://slupsk.pl/	slupsk.pl			False	Exception calling "GetResult" with "0" argument(s): "An error occurred while sending the request."	request-failure	0	0		https://slupsk.pl/	slupsk.pl			False	Exception calling "GetResult" with "0" argument(s): "An error occurred while sending the request."	not-resolved	no-automatic-action
slz.br	2026-07-21T17:57:01.0423851+00:00	failed			Exception calling "Wait" with "1" argument(s): "One or more errors occurred."	request-failure	0	0		http://slz.br/	slz.br			False	Exception calling "GetResult" with "0" argument(s): "An error occurred while sending the request."	request-failure	0	0		https://slz.br/	slz.br			False	Exception calling "GetResult" with "0" argument(s): "An error occurred while sending the request."	not-resolved	no-automatic-action
small-web.org	2026-07-21T17:57:02.1067623+00:00	resolved	135.181.44.50	2a01:4f9:c010:a943::1		request-failure	307	1	https://small-web.org/	http://small-web.org/	small-web.org			False	Exception calling "GetResult" with "0" argument(s): "An error occurred while sending the request."	request-failure	0	0		https://small-web.org/	small-web.org			False	Exception calling "GetResult" with "0" argument(s): "An error occurred while sending the request."	dns-only	retest-or-review-exact-host
smushcdn.com	2026-07-21T17:57:03.4783451+00:00	failed			Exception calling "Wait" with "1" argument(s): "One or more errors occurred."	request-failure	0	0		http://smushcdn.com/	smushcdn.com			False	Exception calling "GetResult" with "0" argument(s): "An error occurred while sending the request."	request-failure	0	0		https://smushcdn.com/	smushcdn.com			False	Exception calling "GetResult" with "0" argument(s): "An error occurred while sending the request."	not-resolved	no-automatic-action
sn.cn	2026-07-21T17:57:04.5158873+00:00	failed			Exception calling "Wait" with "1" argument(s): "One or more errors occurred."	request-failure	0	0		http://sn.cn/	sn.cn			False	Exception calling "GetResult" with "0" argument(s): "An error occurred while sending the request."	request-failure	0	0		https://sn.cn/	sn.cn			False	Exception calling "GetResult" with "0" argument(s): "An error occurred while sending the request."	not-resolved	no-automatic-action
snasa.no	2026-07-21T17:57:05.5816004+00:00	failed			Exception calling "Wait" with "1" argument(s): "One or more errors occurred."	request-failure	0	0		http://snasa.no/	snasa.no			False	Exception calling "GetResult" with "0" argument(s): "An error occurred while sending the request."	request-failure	0	0		https://snasa.no/	snasa.no			False	Exception calling "GetResult" with "0" argument(s): "An error occurred while sending the request."	not-resolved	no-automatic-action
so.gov.pl	2026-07-21T17:57:06.6590017+00:00	failed			Exception calling "Wait" with "1" argument(s): "One or more errors occurred."	request-failure	0	0		http://so.gov.pl/	so.gov.pl			False	Exception calling "GetResult" with "0" argument(s): "An error occurred while sending the request."	request-failure	0	0		https://so.gov.pl/	so.gov.pl			False	Exception calling "GetResult" with "0" argument(s): "An error occurred while sending the request."	not-resolved	no-automatic-action
so.it	2026-07-21T17:57:07.7363959+00:00	failed			Exception calling "Wait" with "1" argument(s): "One or more errors occurred."	request-failure	0	0		http://so.it/	so.it			False	Exception calling "GetResult" with "0" argument(s): "An error occurred while sending the request."	request-failure	0	0		https://so.it/	so.it			False	Exception calling "GetResult" with "0" argument(s): "An error occurred while sending the request."	not-resolved	no-automatic-action
social.br	2026-07-21T17:57:08.7718430+00:00	failed			Exception calling "Wait" with "1" argument(s): "One or more errors occurred."	request-failure	0	0		http://social.br/	social.br			False	Exception calling "GetResult" with "0" argument(s): "An error occurred while sending the request."	request-failure	0	0		https://social.br/	social.br			False	Exception calling "GetResult" with "0" argument(s): "An error occurred while sending the request."	not-resolved	no-automatic-action
sondrio.it	2026-07-21T17:57:09.8357524+00:00	failed			Exception calling "Wait" with "1" argument(s): "One or more errors occurred."	request-failure	0	0		http://sondrio.it/	sondrio.it			False	Exception calling "GetResult" with "0" argument(s): "An error occurred while sending the request."	request-failure	0	0		https://sondrio.it/	sondrio.it			False	Exception calling "GetResult" with "0" argument(s): "An error occurred while sending the request."	not-resolved	no-automatic-action
songdalen.no	2026-07-21T17:57:10.8753737+00:00	failed			Exception calling "Wait" with "1" argument(s): "One or more errors occurred."	request-failure	0	0		http://songdalen.no/	songdalen.no			False	Exception calling "GetResult" with "0" argument(s): "An error occurred while sending the request."	request-failure	0	0		https://songdalen.no/	songdalen.no			False	Exception calling "GetResult" with "0" argument(s): "An error occurred while sending the request."	not-resolved	no-automatic-action
sopot.pl	2026-07-21T17:57:11.9474778+00:00	resolved	86.111.240.161	2001:67c:213c:400::e		timeout	0	0		http://sopot.pl/	sopot.pl			False	Exception calling "GetResult" with "0" argument(s): "A task was canceled."	timeout	0	0		https://sopot.pl/	sopot.pl			False	Exception calling "GetResult" with "0" argument(s): "A task was canceled."	temporarily-inconclusive	retest-later
sos.pl	2026-07-21T17:57:53.0310414+00:00	failed			Exception calling "Wait" with "1" argument(s): "One or more errors occurred."	request-failure	0	0		http://sos.pl/	sos.pl			False	Exception calling "GetResult" with "0" argument(s): "An error occurred while sending the request."	request-failure	0	0		https://sos.pl/	sos.pl			False	Exception calling "GetResult" with "0" argument(s): "An error occurred while sending the request."	not-resolved	no-automatic-action
sosnowiec.pl	2026-07-21T17:57:54.0768248+00:00	failed			Exception calling "Wait" with "1" argument(s): "One or more errors occurred."	request-failure	0	0		http://sosnowiec.pl/	sosnowiec.pl			False	Exception calling "GetResult" with "0" argument(s): "An error occurred while sending the request."	request-failure	0	0		https://sosnowiec.pl/	sosnowiec.pl			False	Exception calling "GetResult" with "0" argument(s): "An error occurred while sending the request."	not-resolved	no-automatic-action
soundcast.me	2026-07-21T17:57:55.1157642+00:00	resolved	158.69.201.22			timeout	0	0		http://soundcast.me/	soundcast.me			False	Exception calling "GetResult" with "0" argument(s): "A task was canceled."	timeout	0	0		https://soundcast.me/	soundcast.me			False	Exception calling "GetResult" with "0" argument(s): "A task was canceled."	temporarily-inconclusive	retest-later
sourcecraft.site	2026-07-21T17:58:36.3865031+00:00	resolved	51.250.18.242	2a0d:d6c1:0:1c::42b		timeout	0	0		http://sourcecraft.site/	sourcecraft.site			False	Exception calling "GetResult" with "0" argument(s): "A task was canceled."	timeout	0	0		https://sourcecraft.site/	sourcecraft.site			False	Exception calling "GetResult" with "0" argument(s): "A task was canceled."	temporarily-inconclusive	retest-later
sp.it	2026-07-21T17:59:17.5062430+00:00	failed			Exception calling "Wait" with "1" argument(s): "One or more errors occurred."	request-failure	0	0		http://sp.it/	sp.it			False	Exception calling "GetResult" with "0" argument(s): "An error occurred while sending the request."	request-failure	0	0		https://sp.it/	sp.it			False	Exception calling "GetResult" with "0" argument(s): "An error occurred while sending the request."	not-resolved	no-automatic-action
sp.leg.br	2026-07-21T17:59:18.5361817+00:00	failed			Exception calling "Wait" with "1" argument(s): "One or more errors occurred."	request-failure	0	0		http://sp.leg.br/	sp.leg.br			False	Exception calling "GetResult" with "0" argument(s): "An error occurred while sending the request."	request-failure	0	0		https://sp.leg.br/	sp.leg.br			False	Exception calling "GetResult" with "0" argument(s): "An error occurred while sending the request."	not-resolved	no-automatic-action
spdns.eu	2026-07-21T17:59:19.7953740+00:00	resolved	62.201.160.30	2001:868:100:901:53::2		timeout	0	0		http://spdns.eu/	spdns.eu			False	Exception calling "GetResult" with "0" argument(s): "A task was canceled."	timeout	0	0		https://spdns.eu/	spdns.eu			False	Exception calling "GetResult" with "0" argument(s): "A task was canceled."	temporarily-inconclusive	retest-later
spdns.org	2026-07-21T18:00:00.8522130+00:00	resolved	62.201.160.30	2001:868:100:901:53::2		timeout	0	0		http://spdns.org/	spdns.org			False	Exception calling "GetResult" with "0" argument(s): "A task was canceled."	timeout	0	0		https://spdns.org/	spdns.org			False	Exception calling "GetResult" with "0" argument(s): "A task was canceled."	temporarily-inconclusive	retest-later
sport.hu	2026-07-21T18:00:41.9095115+00:00	failed			Exception calling "Wait" with "1" argument(s): "One or more errors occurred."	request-failure	0	0		http://sport.hu/	sport.hu			False	Exception calling "GetResult" with "0" argument(s): "An error occurred while sending the request."	request-failure	0	0		https://sport.hu/	sport.hu			False	Exception calling "GetResult" with "0" argument(s): "An error occurred while sending the request."	not-resolved	no-automatic-action
spryt.net	2026-07-21T18:00:42.9452036+00:00	failed			Exception calling "Wait" with "1" argument(s): "One or more errors occurred."	request-failure	0	0		http://spryt.net/	spryt.net			False	Exception calling "GetResult" with "0" argument(s): "An error occurred while sending the request."	request-failure	0	0		https://spryt.net/	spryt.net			False	Exception calling "GetResult" with "0" argument(s): "An error occurred while sending the request."	not-resolved	no-automatic-action
squares.net	2026-07-21T18:00:44.0621025+00:00	failed			Exception calling "Wait" with "1" argument(s): "One or more errors occurred."	request-failure	0	0		http://squares.net/	squares.net			False	Exception calling "GetResult" with "0" argument(s): "An error occurred while sending the request."	request-failure	0	0		https://squares.net/	squares.net			False	Exception calling "GetResult" with "0" argument(s): "An error occurred while sending the request."	not-resolved	no-automatic-action
sr.gov.pl	2026-07-21T18:00:45.3725937+00:00	failed			Exception calling "Wait" with "1" argument(s): "One or more errors occurred."	request-failure	0	0		http://sr.gov.pl/	sr.gov.pl			False	Exception calling "GetResult" with "0" argument(s): "An error occurred while sending the request."	request-failure	0	0		https://sr.gov.pl/	sr.gov.pl			False	Exception calling "GetResult" with "0" argument(s): "An error occurred while sending the request."	not-resolved	no-automatic-action
sr.it	2026-07-21T18:00:46.4184311+00:00	failed			Exception calling "Wait" with "1" argument(s): "One or more errors occurred."	request-failure	0	0		http://sr.it/	sr.it			False	Exception calling "GetResult" with "0" argument(s): "An error occurred while sending the request."	request-failure	0	0		https://sr.it/	sr.it			False	Exception calling "GetResult" with "0" argument(s): "An error occurred while sending the request."	not-resolved	no-automatic-action
srv.br	2026-07-21T18:00:47.4823229+00:00	failed			Exception calling "Wait" with "1" argument(s): "One or more errors occurred."	request-failure	0	0		http://srv.br/	srv.br			False	Exception calling "GetResult" with "0" argument(s): "An error occurred while sending the request."	request-failure	0	0		https://srv.br/	srv.br			False	Exception calling "GetResult" with "0" argument(s): "An error occurred while sending the request."	not-resolved	no-automatic-action
ss.it	2026-07-21T18:00:48.5541057+00:00	failed			Exception calling "Wait" with "1" argument(s): "One or more errors occurred."	request-failure	0	0		http://ss.it/	ss.it			False	Exception calling "GetResult" with "0" argument(s): "An error occurred while sending the request."	request-failure	0	0		https://ss.it/	ss.it			False	Exception calling "GetResult" with "0" argument(s): "An error occurred while sending the request."	not-resolved	no-automatic-action
stackhero-network.com	2026-07-21T18:00:49.5813803+00:00	resolved	51.159.77.35			request-failure	301	1	https://stackhero-network.com/	http://stackhero-network.com/	stackhero-network.com	text/html	nginx	False	Exception calling "GetResult" with "0" argument(s): "An error occurred while sending the request."	request-failure	0	0		https://stackhero-network.com/	stackhero-network.com			False	Exception calling "GetResult" with "0" argument(s): "An error occurred while sending the request."	dns-only	retest-or-review-exact-host
stackit.rocks	2026-07-21T18:00:50.9266580+00:00	resolved	193.148.166.89			request-failure	302	2	https://stackit.rocks/ -> https://www.stackit.de/en/dns-abuse	https://stackit.rocks/	stackit.rocks		Caddy	False	Exception calling "GetResult" with "0" argument(s): "An error occurred while sending the request."	request-failure	302	1	https://www.stackit.de/en/dns-abuse	https://stackit.rocks/	stackit.rocks		Caddy	False	Exception calling "GetResult" with "0" argument(s): "An error occurred while sending the request."	dns-only	retest-or-review-exact-host
stackit.run	2026-07-21T18:00:52.4324356+00:00	resolved	193.148.166.89			request-failure	302	2	https://stackit.run/ -> https://www.stackit.de/en/dns-abuse	https://stackit.run/	stackit.run		Caddy	False	Exception calling "GetResult" with "0" argument(s): "An error occurred while sending the request."	request-failure	302	1	https://www.stackit.de/en/dns-abuse	https://stackit.run/	stackit.run		Caddy	False	Exception calling "GetResult" with "0" argument(s): "An error occurred while sending the request."	dns-only	retest-or-review-exact-host
stackit.zone	2026-07-21T18:00:53.9180470+00:00	resolved	193.148.166.89			request-failure	302	2	https://stackit.zone/ -> https://www.stackit.de/en/dns-abuse	https://stackit.zone/	stackit.zone		Caddy	False	Exception calling "GetResult" with "0" argument(s): "An error occurred while sending the request."	request-failure	302	1	https://www.stackit.de/en/dns-abuse	https://stackit.zone/	stackit.zone		Caddy	False	Exception calling "GetResult" with "0" argument(s): "An error occurred while sending the request."	dns-only	retest-or-review-exact-host
stalowa-wola.pl	2026-07-21T18:00:56.3858376+00:00	failed			Exception calling "Wait" with "1" argument(s): "One or more errors occurred."	request-failure	0	0		http://stalowa-wola.pl/	stalowa-wola.pl			False	Exception calling "GetResult" with "0" argument(s): "An error occurred while sending the request."	request-failure	0	0		https://stalowa-wola.pl/	stalowa-wola.pl			False	Exception calling "GetResult" with "0" argument(s): "An error occurred while sending the request."	not-resolved	no-automatic-action
stange.no	2026-07-21T18:00:57.4265513+00:00	failed			Exception calling "Wait" with "1" argument(s): "One or more errors occurred."	request-failure	0	0		http://stange.no/	stange.no			False	Exception calling "GetResult" with "0" argument(s): "An error occurred while sending the request."	request-failure	0	0		https://stange.no/	stange.no			False	Exception calling "GetResult" with "0" argument(s): "An error occurred while sending the request."	not-resolved	no-automatic-action
starachowice.pl	2026-07-21T18:00:58.5101025+00:00	failed			Exception calling "Wait" with "1" argument(s): "One or more errors occurred."	request-failure	0	0		http://starachowice.pl/	starachowice.pl			False	Exception calling "GetResult" with "0" argument(s): "An error occurred while sending the request."	request-failure	0	0		https://starachowice.pl/	starachowice.pl			False	Exception calling "GetResult" with "0" argument(s): "An error occurred while sending the request."	not-resolved	no-automatic-action
stargard.pl	2026-07-21T18:00:59.5388118+00:00	failed			Exception calling "Wait" with "1" argument(s): "One or more errors occurred."	request-failure	0	0		http://stargard.pl/	stargard.pl			False	Exception calling "GetResult" with "0" argument(s): "An error occurred while sending the request."	request-failure	0	0		https://stargard.pl/	stargard.pl			False	Exception calling "GetResult" with "0" argument(s): "An error occurred while sending the request."	not-resolved	no-automatic-action
starostwo.gov.pl	2026-07-21T18:01:00.5991233+00:00	failed			Exception calling "Wait" with "1" argument(s): "One or more errors occurred."	request-failure	0	0		http://starostwo.gov.pl/	starostwo.gov.pl			False	Exception calling "GetResult" with "0" argument(s): "An error occurred while sending the request."	request-failure	0	0		https://starostwo.gov.pl/	starostwo.gov.pl			False	Exception calling "GetResult" with "0" argument(s): "An error occurred while sending the request."	not-resolved	no-automatic-action
stat.no	2026-07-21T18:01:01.6404324+00:00	resolved	146.192.201.19			timeout	0	0		http://stat.no/	stat.no			False	Exception calling "GetResult" with "0" argument(s): "A task was canceled."	timeout	0	0		https://stat.no/	stat.no			False	Exception calling "GetResult" with "0" argument(s): "A task was canceled."	temporarily-inconclusive	retest-later
store.ro	2026-07-21T18:01:42.6990695+00:00	failed			Exception calling "Wait" with "1" argument(s): "One or more errors occurred."	request-failure	0	0		http://store.ro/	store.ro			False	Exception calling "GetResult" with "0" argument(s): "An error occurred while sending the request."	request-failure	0	0		https://store.ro/	store.ro			False	Exception calling "GetResult" with "0" argument(s): "An error occurred while sending the request."	not-resolved	no-automatic-action
strapiapp.com	2026-07-21T18:01:43.7635603+00:00	failed			Exception calling "Wait" with "1" argument(s): "One or more errors occurred."	request-failure	0	0		http://strapiapp.com/	strapiapp.com			False	Exception calling "GetResult" with "0" argument(s): "An error occurred while sending the request."	request-failure	0	0		https://strapiapp.com/	strapiapp.com			False	Exception calling "GetResult" with "0" argument(s): "An error occurred while sending the request."	not-resolved	no-automatic-action
stryn.no	2026-07-21T18:01:44.8210461+00:00	failed			Exception calling "Wait" with "1" argument(s): "One or more errors occurred."	request-failure	0	0		http://stryn.no/	stryn.no			False	Exception calling "GetResult" with "0" argument(s): "An error occurred while sending the request."	request-failure	0	0		https://stryn.no/	stryn.no			False	Exception calling "GetResult" with "0" argument(s): "An error occurred while sending the request."	not-resolved	no-automatic-action
sumomo.ne.jp	2026-07-21T18:01:45.9406230+00:00	failed			Exception calling "Wait" with "1" argument(s): "One or more errors occurred."	request-failure	0	0		http://sumomo.ne.jp/	sumomo.ne.jp			False	Exception calling "GetResult" with "0" argument(s): "An error occurred while sending the request."	request-failure	0	0		https://sumomo.ne.jp/	sumomo.ne.jp			False	Exception calling "GetResult" with "0" argument(s): "An error occurred while sending the request."	not-resolved	no-automatic-action
suohkan.no	2026-07-21T18:01:47.2454999+00:00	failed			Exception calling "Wait" with "1" argument(s): "One or more errors occurred."	request-failure	0	0		http://suohkan.no/	suohkan.no			False	Exception calling "GetResult" with "0" argument(s): "An error occurred while sending the request."	request-failure	0	0		https://suohkan.no/	suohkan.no			False	Exception calling "GetResult" with "0" argument(s): "An error occurred while sending the request."	not-resolved	no-automatic-action
surveys.so	2026-07-21T18:01:48.3230980+00:00	failed			Exception calling "Wait" with "1" argument(s): "One or more errors occurred."	request-failure	0	0		http://surveys.so/	surveys.so			False	Exception calling "GetResult" with "0" argument(s): "An error occurred while sending the request."	request-failure	0	0		https://surveys.so/	surveys.so			False	Exception calling "GetResult" with "0" argument(s): "An error occurred while sending the request."	not-resolved	no-automatic-action
suwalki.pl	2026-07-21T18:01:49.3526438+00:00	failed			Exception calling "Wait" with "1" argument(s): "One or more errors occurred."	request-failure	0	0		http://suwalki.pl/	suwalki.pl			False	Exception calling "GetResult" with "0" argument(s): "An error occurred while sending the request."	request-failure	0	0		https://suwalki.pl/	suwalki.pl			False	Exception calling "GetResult" with "0" argument(s): "An error occurred while sending the request."	not-resolved	no-automatic-action
sv.it	2026-07-21T18:01:50.4049152+00:00	failed			Exception calling "Wait" with "1" argument(s): "One or more errors occurred."	request-failure	0	0		http://sv.it/	sv.it			False	Exception calling "GetResult" with "0" argument(s): "An error occurred while sending the request."	request-failure	0	0		https://sv.it/	sv.it			False	Exception calling "GetResult" with "0" argument(s): "An error occurred while sending the request."	not-resolved	no-automatic-action
swidnica.pl	2026-07-21T18:01:51.4686477+00:00	failed			Exception calling "Wait" with "1" argument(s): "One or more errors occurred."	request-failure	0	0		http://swidnica.pl/	swidnica.pl			False	Exception calling "GetResult" with "0" argument(s): "An error occurred while sending the request."	request-failure	0	0		https://swidnica.pl/	swidnica.pl			False	Exception calling "GetResult" with "0" argument(s): "An error occurred while sending the request."	not-resolved	no-automatic-action
swiebodzin.pl	2026-07-21T18:01:52.5224380+00:00	failed			Exception calling "Wait" with "1" argument(s): "One or more errors occurred."	request-failure	0	0		http://swiebodzin.pl/	swiebodzin.pl			False	Exception calling "GetResult" with "0" argument(s): "An error occurred while sending the request."	request-failure	0	0		https://swiebodzin.pl/	swiebodzin.pl			False	Exception calling "GetResult" with "0" argument(s): "An error occurred while sending the request."	not-resolved	no-automatic-action
swinoujscie.pl	2026-07-21T18:01:53.5617315+00:00	failed			Exception calling "Wait" with "1" argument(s): "One or more errors occurred."	request-failure	0	0		http://swinoujscie.pl/	swinoujscie.pl			False	Exception calling "GetResult" with "0" argument(s): "An error occurred while sending the request."	request-failure	0	0		https://swinoujscie.pl/	swinoujscie.pl			False	Exception calling "GetResult" with "0" argument(s): "An error occurred while sending the request."	not-resolved	no-automatic-action
sx.cn	2026-07-21T18:01:54.6248832+00:00	failed			Exception calling "Wait" with "1" argument(s): "One or more errors occurred."	request-failure	0	0		http://sx.cn/	sx.cn			False	Exception calling "GetResult" with "0" argument(s): "An error occurred while sending the request."	request-failure	0	0		https://sx.cn/	sx.cn			False	Exception calling "GetResult" with "0" argument(s): "An error occurred while sending the request."	not-resolved	no-automatic-action
sykkylven.no	2026-07-21T18:01:55.6876998+00:00	failed			Exception calling "Wait" with "1" argument(s): "One or more errors occurred."	request-failure	0	0		http://sykkylven.no/	sykkylven.no			False	Exception calling "GetResult" with "0" argument(s): "An error occurred while sending the request."	request-failure	0	0		https://sykkylven.no/	sykkylven.no			False	Exception calling "GetResult" with "0" argument(s): "An error occurred while sending the request."	not-resolved	no-automatic-action
synology.me	2026-07-21T18:01:56.7500109+00:00	failed			Exception calling "Wait" with "1" argument(s): "One or more errors occurred."	request-failure	0	0		http://synology.me/	synology.me			False	Exception calling "GetResult" with "0" argument(s): "An error occurred while sending the request."	request-failure	0	0		https://synology.me/	synology.me			False	Exception calling "GetResult" with "0" argument(s): "An error occurred while sending the request."	not-resolved	no-automatic-action
szczecin.pl	2026-07-21T18:01:57.9482643+00:00	failed			Exception calling "Wait" with "1" argument(s): "One or more errors occurred."	request-failure	0	0		http://szczecin.pl/	szczecin.pl			False	Exception calling "GetResult" with "0" argument(s): "An error occurred while sending the request."	request-failure	0	0		https://szczecin.pl/	szczecin.pl			False	Exception calling "GetResult" with "0" argument(s): "An error occurred while sending the request."	not-resolved	no-automatic-action
szczytno.pl	2026-07-21T18:01:59.0125636+00:00	failed			Exception calling "Wait" with "1" argument(s): "One or more errors occurred."	request-failure	0	0		http://szczytno.pl/	szczytno.pl			False	Exception calling "GetResult" with "0" argument(s): "An error occurred while sending the request."	request-failure	0	0		https://szczytno.pl/	szczytno.pl			False	Exception calling "GetResult" with "0" argument(s): "An error occurred while sending the request."	not-resolved	no-automatic-action
szex.hu	2026-07-21T18:02:00.0696748+00:00	failed			Exception calling "Wait" with "1" argument(s): "One or more errors occurred."	request-failure	0	0		http://szex.hu/	szex.hu			False	Exception calling "GetResult" with "0" argument(s): "An error occurred while sending the request."	request-failure	0	0		https://szex.hu/	szex.hu			False	Exception calling "GetResult" with "0" argument(s): "An error occurred while sending the request."	not-resolved	no-automatic-action
szkola.pl	2026-07-21T18:02:01.1114636+00:00	failed			Exception calling "Wait" with "1" argument(s): "One or more errors occurred."	request-failure	0	0		http://szkola.pl/	szkola.pl			False	Exception calling "GetResult" with "0" argument(s): "An error occurred while sending the request."	request-failure	0	0		https://szkola.pl/	szkola.pl			False	Exception calling "GetResult" with "0" argument(s): "An error occurred while sending the request."	not-resolved	no-automatic-action
t.se	2026-07-21T18:02:02.1643962+00:00	failed			Exception calling "Wait" with "1" argument(s): "One or more errors occurred."	request-failure	0	0		http://t.se/	t.se			False	Exception calling "GetResult" with "0" argument(s): "An error occurred while sending the request."	request-failure	0	0		https://t.se/	t.se			False	Exception calling "GetResult" with "0" argument(s): "An error occurred while sending the request."	not-resolved	no-automatic-action
ta.it	2026-07-21T18:02:03.2015196+00:00	failed			Exception calling "Wait" with "1" argument(s): "One or more errors occurred."	request-failure	0	0		http://ta.it/	ta.it			False	Exception calling "GetResult" with "0" argument(s): "An error occurred while sending the request."	request-failure	0	0		https://ta.it/	ta.it			False	Exception calling "GetResult" with "0" argument(s): "An error occurred while sending the request."	not-resolved	no-automatic-action
taa.it	2026-07-21T18:02:04.2346386+00:00	failed			Exception calling "Wait" with "1" argument(s): "One or more errors occurred."	request-failure	0	0		http://taa.it/	taa.it			False	Exception calling "GetResult" with "0" argument(s): "An error occurred while sending the request."	request-failure	0	0		https://taa.it/	taa.it			False	Exception calling "GetResult" with "0" argument(s): "An error occurred while sending the request."	not-resolved	no-automatic-action
taifun-dns.de	2026-07-21T18:02:05.2780428+00:00	failed			Exception calling "Wait" with "1" argument(s): "One or more errors occurred."	request-failure	0	0		http://taifun-dns.de/	taifun-dns.de			False	Exception calling "GetResult" with "0" argument(s): "An error occurred while sending the request."	request-failure	0	0		https://taifun-dns.de/	taifun-dns.de			False	Exception calling "GetResult" with "0" argument(s): "An error occurred while sending the request."	not-resolved	no-automatic-action
takamatsu.kagawa.jp	2026-07-21T18:02:06.3202183+00:00	failed			Exception calling "Wait" with "1" argument(s): "One or more errors occurred."	request-failure	0	0		http://takamatsu.kagawa.jp/	takamatsu.kagawa.jp			False	Exception calling "GetResult" with "0" argument(s): "An error occurred while sending the request."	request-failure	0	0		https://takamatsu.kagawa.jp/	takamatsu.kagawa.jp			False	Exception calling "GetResult" with "0" argument(s): "An error occurred while sending the request."	not-resolved	no-automatic-action
tank.jp	2026-07-21T18:02:07.3732487+00:00	failed			Exception calling "Wait" with "1" argument(s): "One or more errors occurred."	request-failure	0	0		http://tank.jp/	tank.jp			False	Exception calling "GetResult" with "0" argument(s): "An error occurred while sending the request."	request-failure	0	0		https://tank.jp/	tank.jp			False	Exception calling "GetResult" with "0" argument(s): "An error occurred while sending the request."	not-resolved	no-automatic-action
taranto.it	2026-07-21T18:02:08.6908963+00:00	failed			Exception calling "Wait" with "1" argument(s): "One or more errors occurred."	request-failure	0	0		http://taranto.it/	taranto.it			False	Exception calling "GetResult" with "0" argument(s): "An error occurred while sending the request."	request-failure	0	0		https://taranto.it/	taranto.it			False	Exception calling "GetResult" with "0" argument(s): "An error occurred while sending the request."	not-resolved	no-automatic-action
targi.pl	2026-07-21T18:02:09.7305625+00:00	failed			Exception calling "Wait" with "1" argument(s): "One or more errors occurred."	request-failure	0	0		http://targi.pl/	targi.pl			False	Exception calling "GetResult" with "0" argument(s): "An error occurred while sending the request."	request-failure	0	0		https://targi.pl/	targi.pl			False	Exception calling "GetResult" with "0" argument(s): "An error occurred while sending the request."	not-resolved	no-automatic-action
tarnobrzeg.pl	2026-07-21T18:02:10.7685441+00:00	failed			Exception calling "Wait" with "1" argument(s): "One or more errors occurred."	request-failure	0	0		http://tarnobrzeg.pl/	tarnobrzeg.pl			False	Exception calling "GetResult" with "0" argument(s): "An error occurred while sending the request."	request-failure	0	0		https://tarnobrzeg.pl/	tarnobrzeg.pl			False	Exception calling "GetResult" with "0" argument(s): "An error occurred while sending the request."	not-resolved	no-automatic-action
tas.edu.au	2026-07-21T18:02:11.8072578+00:00	failed			Exception calling "Wait" with "1" argument(s): "One or more errors occurred."	request-failure	0	0		http://tas.edu.au/	tas.edu.au			False	Exception calling "GetResult" with "0" argument(s): "An error occurred while sending the request."	request-failure	0	0		https://tas.edu.au/	tas.edu.au			False	Exception calling "GetResult" with "0" argument(s): "An error occurred while sending the request."	not-resolved	no-automatic-action
tas.gov.au	2026-07-21T18:02:12.8545486+00:00	resolved	147.109.249.170			timeout	0	0		http://tas.gov.au/	tas.gov.au			False	Exception calling "GetResult" with "0" argument(s): "A task was canceled."	timeout	0	0		https://tas.gov.au/	tas.gov.au			False	Exception calling "GetResult" with "0" argument(s): "A task was canceled."	temporarily-inconclusive	retest-later
tc.br	2026-07-21T18:02:53.9242210+00:00	failed			Exception calling "Wait" with "1" argument(s): "One or more errors occurred."	request-failure	0	0		http://tc.br/	tc.br			False	Exception calling "GetResult" with "0" argument(s): "An error occurred while sending the request."	request-failure	0	0		https://tc.br/	tc.br			False	Exception calling "GetResult" with "0" argument(s): "An error occurred while sending the request."	not-resolved	no-automatic-action
tche.br	2026-07-21T18:02:54.9833269+00:00	resolved	200.132.0.134	2804:0:0:cafe::134		request-failure	301	1	https://tche.br/	http://tche.br/	tche.br	text/html; charset=iso-8859-1	Apache	False	Exception calling "GetResult" with "0" argument(s): "An error occurred while sending the request."	request-failure	0	0		https://tche.br/	tche.br			False	Exception calling "GetResult" with "0" argument(s): "An error occurred while sending the request."	dns-only	retest-or-review-exact-host
tcp4.me	2026-07-21T18:02:57.7592638+00:00	resolved	158.69.201.22			timeout	0	0		http://tcp4.me/	tcp4.me			False	Exception calling "GetResult" with "0" argument(s): "A task was canceled."	timeout	0	0		https://tcp4.me/	tcp4.me			False	Exception calling "GetResult" with "0" argument(s): "A task was canceled."	temporarily-inconclusive	retest-later
te.it	2026-07-21T18:03:38.9387778+00:00	failed			Exception calling "Wait" with "1" argument(s): "One or more errors occurred."	request-failure	0	0		http://te.it/	te.it			False	Exception calling "GetResult" with "0" argument(s): "An error occurred while sending the request."	request-failure	0	0		https://te.it/	te.it			False	Exception calling "GetResult" with "0" argument(s): "An error occurred while sending the request."	not-resolved	no-automatic-action
te.ua	2026-07-21T18:03:40.0006772+00:00	failed			Exception calling "Wait" with "1" argument(s): "One or more errors occurred."	request-failure	0	0		http://te.ua/	te.ua			False	Exception calling "GetResult" with "0" argument(s): "An error occurred while sending the request."	request-failure	0	0		https://te.ua/	te.ua			False	Exception calling "GetResult" with "0" argument(s): "An error occurred while sending the request."	not-resolved	no-automatic-action
tec.br	2026-07-21T18:03:41.1212182+00:00	failed			Exception calling "Wait" with "1" argument(s): "One or more errors occurred."	request-failure	0	0		http://tec.br/	tec.br			False	Exception calling "GetResult" with "0" argument(s): "An error occurred while sending the request."	request-failure	0	0		https://tec.br/	tec.br			False	Exception calling "GetResult" with "0" argument(s): "An error occurred while sending the request."	not-resolved	no-automatic-action
tech.ec	2026-07-21T18:03:42.2157300+00:00	failed			Exception calling "Wait" with "1" argument(s): "One or more errors occurred."	request-failure	0	0		http://tech.ec/	tech.ec			False	Exception calling "GetResult" with "0" argument(s): "An error occurred while sending the request."	request-failure	0	0		https://tech.ec/	tech.ec			False	Exception calling "GetResult" with "0" argument(s): "An error occurred while sending the request."	not-resolved	no-automatic-action
tech.orange	2026-07-21T18:03:43.2888818+00:00	failed			Exception calling "Wait" with "1" argument(s): "One or more errors occurred."	request-failure	0	0		http://tech.orange/	tech.orange			False	Exception calling "GetResult" with "0" argument(s): "An error occurred while sending the request."	request-failure	0	0		https://tech.orange/	tech.orange			False	Exception calling "GetResult" with "0" argument(s): "An error occurred while sending the request."	not-resolved	no-automatic-action
temp-dns.com	2026-07-21T18:03:44.3600936+00:00	resolved	185.41.8.39			request-failure	301	1	https://temp-dns.com/	http://temp-dns.com/	temp-dns.com	text/html	nginx	False	Exception calling "GetResult" with "0" argument(s): "An error occurred while sending the request."	request-failure	0	0		https://temp-dns.com/	temp-dns.com			False	Exception calling "GetResult" with "0" argument(s): "An error occurred while sending the request."	dns-only	retest-or-review-exact-host
tempurl.host	2026-07-21T18:03:45.7641310+00:00	failed			Exception calling "Wait" with "1" argument(s): "One or more errors occurred."	request-failure	0	0		http://tempurl.host/	tempurl.host			False	Exception calling "GetResult" with "0" argument(s): "An error occurred while sending the request."	request-failure	0	0		https://tempurl.host/	tempurl.host			False	Exception calling "GetResult" with "0" argument(s): "An error occurred while sending the request."	not-resolved	no-automatic-action
teo.br	2026-07-21T18:03:46.8052795+00:00	failed			Exception calling "Wait" with "1" argument(s): "One or more errors occurred."	request-failure	0	0		http://teo.br/	teo.br			False	Exception calling "GetResult" with "0" argument(s): "An error occurred while sending the request."	request-failure	0	0		https://teo.br/	teo.br			False	Exception calling "GetResult" with "0" argument(s): "An error occurred while sending the request."	not-resolved	no-automatic-action
teramo.it	2026-07-21T18:03:47.8895151+00:00	failed			Exception calling "Wait" with "1" argument(s): "One or more errors occurred."	request-failure	0	0		http://teramo.it/	teramo.it			False	Exception calling "GetResult" with "0" argument(s): "An error occurred while sending the request."	request-failure	0	0		https://teramo.it/	teramo.it			False	Exception calling "GetResult" with "0" argument(s): "An error occurred while sending the request."	not-resolved	no-automatic-action
terni.it	2026-07-21T18:03:48.9224379+00:00	failed			Exception calling "Wait" with "1" argument(s): "One or more errors occurred."	request-failure	0	0		http://terni.it/	terni.it			False	Exception calling "GetResult" with "0" argument(s): "An error occurred while sending the request."	request-failure	0	0		https://terni.it/	terni.it			False	Exception calling "GetResult" with "0" argument(s): "An error occurred while sending the request."	not-resolved	no-automatic-action
ternopil.ua	2026-07-21T18:03:49.9598575+00:00	failed			Exception calling "Wait" with "1" argument(s): "One or more errors occurred."	request-failure	0	0		http://ternopil.ua/	ternopil.ua			False	Exception calling "GetResult" with "0" argument(s): "An error occurred while sending the request."	request-failure	0	0		https://ternopil.ua/	ternopil.ua			False	Exception calling "GetResult" with "0" argument(s): "An error occurred while sending the request."	not-resolved	no-automatic-action
tests.cx	2026-07-21T18:03:51.0132778+00:00	failed			Exception calling "Wait" with "1" argument(s): "One or more errors occurred."	request-failure	0	0		http://tests.cx/	tests.cx			False	Exception calling "GetResult" with "0" argument(s): "An error occurred while sending the request."	request-failure	0	0		https://tests.cx/	tests.cx			False	Exception calling "GetResult" with "0" argument(s): "An error occurred while sending the request."	not-resolved	no-automatic-action
tgory.pl	2026-07-21T18:03:52.0778546+00:00	failed			Exception calling "Wait" with "1" argument(s): "One or more errors occurred."	request-failure	0	0		http://tgory.pl/	tgory.pl			False	Exception calling "GetResult" with "0" argument(s): "An error occurred while sending the request."	request-failure	0	0		https://tgory.pl/	tgory.pl			False	Exception calling "GetResult" with "0" argument(s): "An error occurred while sending the request."	not-resolved	no-automatic-action
the.br	2026-07-21T18:03:53.1304303+00:00	failed			Exception calling "Wait" with "1" argument(s): "One or more errors occurred."	request-failure	0	0		http://the.br/	the.br			False	Exception calling "GetResult" with "0" argument(s): "An error occurred while sending the request."	request-failure	0	0		https://the.br/	the.br			False	Exception calling "GetResult" with "0" argument(s): "An error occurred while sending the request."	not-resolved	no-automatic-action
theshop.jp	2026-07-21T18:03:54.1946301+00:00	failed			Exception calling "Wait" with "1" argument(s): "One or more errors occurred."	request-failure	0	0		http://theshop.jp/	theshop.jp			False	Exception calling "GetResult" with "0" argument(s): "An error occurred while sending the request."	request-failure	0	0		https://theshop.jp/	theshop.jp			False	Exception calling "GetResult" with "0" argument(s): "An error occurred while sending the request."	not-resolved	no-automatic-action
thingdustdata.com	2026-07-21T18:03:55.2338486+00:00	failed			Exception calling "Wait" with "1" argument(s): "One or more errors occurred."	request-failure	0	0		http://thingdustdata.com/	thingdustdata.com			False	Exception calling "GetResult" with "0" argument(s): "An error occurred while sending the request."	request-failure	0	0		https://thingdustdata.com/	thingdustdata.com			False	Exception calling "GetResult" with "0" argument(s): "An error occurred while sending the request."	not-resolved	no-automatic-action
tiengiang.vn	2026-07-21T18:03:56.2835258+00:00	failed			Exception calling "Wait" with "1" argument(s): "One or more errors occurred."	request-failure	0	0		http://tiengiang.vn/	tiengiang.vn			False	Exception calling "GetResult" with "0" argument(s): "An error occurred while sending the request."	request-failure	0	0		https://tiengiang.vn/	tiengiang.vn			False	Exception calling "GetResult" with "0" argument(s): "An error occurred while sending the request."	not-resolved	no-automatic-action
time.no	2026-07-21T18:03:57.5333725+00:00	failed			Exception calling "Wait" with "1" argument(s): "One or more errors occurred."	request-failure	0	0		http://time.no/	time.no			False	Exception calling "GetResult" with "0" argument(s): "An error occurred while sending the request."	request-failure	0	0		https://time.no/	time.no			False	Exception calling "GetResult" with "0" argument(s): "An error occurred while sending the request."	not-resolved	no-automatic-action
tj.cn	2026-07-21T18:03:58.5991813+00:00	failed			Exception calling "Wait" with "1" argument(s): "One or more errors occurred."	request-failure	0	0		http://tj.cn/	tj.cn			False	Exception calling "GetResult" with "0" argument(s): "An error occurred while sending the request."	request-failure	0	0		https://tj.cn/	tj.cn			False	Exception calling "GetResult" with "0" argument(s): "An error occurred while sending the request."	not-resolved	no-automatic-action
tm.dz	2026-07-21T18:03:59.6563075+00:00	failed			Exception calling "Wait" with "1" argument(s): "One or more errors occurred."	request-failure	0	0		http://tm.dz/	tm.dz			False	Exception calling "GetResult" with "0" argument(s): "An error occurred while sending the request."	request-failure	0	0		https://tm.dz/	tm.dz			False	Exception calling "GetResult" with "0" argument(s): "An error occurred while sending the request."	not-resolved	no-automatic-action
tm.fr	2026-07-21T18:04:02.2464623+00:00	failed			Exception calling "Wait" with "1" argument(s): "One or more errors occurred."	request-failure	0	0		http://tm.fr/	tm.fr			False	Exception calling "GetResult" with "0" argument(s): "An error occurred while sending the request."	request-failure	0	0		https://tm.fr/	tm.fr			False	Exception calling "GetResult" with "0" argument(s): "An error occurred while sending the request."	not-resolved	no-automatic-action
tm.pl	2026-07-21T18:04:03.2895740+00:00	failed			Exception calling "Wait" with "1" argument(s): "One or more errors occurred."	request-failure	0	0		http://tm.pl/	tm.pl			False	Exception calling "GetResult" with "0" argument(s): "An error occurred while sending the request."	request-failure	0	0		https://tm.pl/	tm.pl			False	Exception calling "GetResult" with "0" argument(s): "An error occurred while sending the request."	not-resolved	no-automatic-action
tm.ro	2026-07-21T18:04:04.3434586+00:00	failed			Exception calling "Wait" with "1" argument(s): "One or more errors occurred."	request-failure	0	0		http://tm.ro/	tm.ro			False	Exception calling "GetResult" with "0" argument(s): "An error occurred while sending the request."	request-failure	0	0		https://tm.ro/	tm.ro			False	Exception calling "GetResult" with "0" argument(s): "An error occurred while sending the request."	not-resolved	no-automatic-action
tm.se	2026-07-21T18:04:05.3808718+00:00	failed			Exception calling "Wait" with "1" argument(s): "One or more errors occurred."	request-failure	0	0		http://tm.se/	tm.se			False	Exception calling "GetResult" with "0" argument(s): "An error occurred while sending the request."	request-failure	0	0		https://tm.se/	tm.se			False	Exception calling "GetResult" with "0" argument(s): "An error occurred while sending the request."	not-resolved	no-automatic-action
tmp.br	2026-07-21T18:04:06.4543594+00:00	failed			Exception calling "Wait" with "1" argument(s): "One or more errors occurred."	request-failure	0	0		http://tmp.br/	tmp.br			False	Exception calling "GetResult" with "0" argument(s): "An error occurred while sending the request."	request-failure	0	0		https://tmp.br/	tmp.br			False	Exception calling "GetResult" with "0" argument(s): "An error occurred while sending the request."	not-resolved	no-automatic-action
tn.it	2026-07-21T18:04:07.5236935+00:00	failed			Exception calling "Wait" with "1" argument(s): "One or more errors occurred."	request-failure	0	0		http://tn.it/	tn.it			False	Exception calling "GetResult" with "0" argument(s): "An error occurred while sending the request."	request-failure	0	0		https://tn.it/	tn.it			False	Exception calling "GetResult" with "0" argument(s): "An error occurred while sending the request."	not-resolved	no-automatic-action
tn.us	2026-07-21T18:04:08.6128489+00:00	failed			Exception calling "Wait" with "1" argument(s): "One or more errors occurred."	request-failure	0	0		http://tn.us/	tn.us			False	Exception calling "GetResult" with "0" argument(s): "An error occurred while sending the request."	request-failure	0	0		https://tn.us/	tn.us			False	Exception calling "GetResult" with "0" argument(s): "An error occurred while sending the request."	not-resolved	no-automatic-action
to.gov.br	2026-07-21T18:04:09.6534699+00:00	resolved	128.201.17.196,131.72.217.196,191.223.64.196			timeout	0	0		http://to.gov.br/	to.gov.br			False	Exception calling "GetResult" with "0" argument(s): "A task was canceled."	timeout	0	0		https://to.gov.br/	to.gov.br			False	Exception calling "GetResult" with "0" argument(s): "A task was canceled."	temporarily-inconclusive	retest-later
to.it	2026-07-21T18:04:51.5512609+00:00	failed			Exception calling "Wait" with "1" argument(s): "One or more errors occurred."	request-failure	0	0		http://to.it/	to.it			False	Exception calling "GetResult" with "0" argument(s): "An error occurred while sending the request."	request-failure	0	0		https://to.it/	to.it			False	Exception calling "GetResult" with "0" argument(s): "An error occurred while sending the request."	not-resolved	no-automatic-action
to.leg.br	2026-07-21T18:04:52.6229171+00:00	failed			Exception calling "Wait" with "1" argument(s): "One or more errors occurred."	request-failure	0	0		http://to.leg.br/	to.leg.br			False	Exception calling "GetResult" with "0" argument(s): "An error occurred while sending the request."	request-failure	0	0		https://to.leg.br/	to.leg.br			False	Exception calling "GetResult" with "0" argument(s): "An error occurred while sending the request."	not-resolved	no-automatic-action
tochigi.jp	2026-07-21T18:04:54.0250788+00:00	failed			Exception calling "Wait" with "1" argument(s): "One or more errors occurred."	request-failure	0	0		http://tochigi.jp/	tochigi.jp			False	Exception calling "GetResult" with "0" argument(s): "An error occurred while sending the request."	request-failure	0	0		https://tochigi.jp/	tochigi.jp			False	Exception calling "GetResult" with "0" argument(s): "An error occurred while sending the request."	not-resolved	no-automatic-action
tokushima.jp	2026-07-21T18:04:55.0788104+00:00	failed			Exception calling "Wait" with "1" argument(s): "One or more errors occurred."	request-failure	0	0		http://tokushima.jp/	tokushima.jp			False	Exception calling "GetResult" with "0" argument(s): "An error occurred while sending the request."	request-failure	0	0		https://tokushima.jp/	tokushima.jp			False	Exception calling "GetResult" with "0" argument(s): "An error occurred while sending the request."	not-resolved	no-automatic-action
tokyo.jp	2026-07-21T18:04:56.1395286+00:00	failed			Exception calling "Wait" with "1" argument(s): "One or more errors occurred."	request-failure	0	0		http://tokyo.jp/	tokyo.jp			False	Exception calling "GetResult" with "0" argument(s): "An error occurred while sending the request."	request-failure	0	0		https://tokyo.jp/	tokyo.jp			False	Exception calling "GetResult" with "0" argument(s): "An error occurred while sending the request."	not-resolved	no-automatic-action
topaz.ne.jp	2026-07-21T18:04:57.2085113+00:00	failed			Exception calling "Wait" with "1" argument(s): "One or more errors occurred."	request-failure	0	0		http://topaz.ne.jp/	topaz.ne.jp			False	Exception calling "GetResult" with "0" argument(s): "An error occurred while sending the request."	request-failure	0	0		https://topaz.ne.jp/	topaz.ne.jp			False	Exception calling "GetResult" with "0" argument(s): "An error occurred while sending the request."	not-resolved	no-automatic-action
torino.it	2026-07-21T18:04:58.9200398+00:00	failed			Exception calling "Wait" with "1" argument(s): "One or more errors occurred."	request-failure	0	0		http://torino.it/	torino.it			False	Exception calling "GetResult" with "0" argument(s): "An error occurred while sending the request."	request-failure	0	0		https://torino.it/	torino.it			False	Exception calling "GetResult" with "0" argument(s): "An error occurred while sending the request."	not-resolved	no-automatic-action
toscana.it	2026-07-21T18:04:59.9624448+00:00	failed			Exception calling "Wait" with "1" argument(s): "One or more errors occurred."	request-failure	0	0		http://toscana.it/	toscana.it			False	Exception calling "GetResult" with "0" argument(s): "An error occurred while sending the request."	request-failure	0	0		https://toscana.it/	toscana.it			False	Exception calling "GetResult" with "0" argument(s): "An error occurred while sending the request."	not-resolved	no-automatic-action
tottori.jp	2026-07-21T18:05:00.9938768+00:00	failed			Exception calling "Wait" with "1" argument(s): "One or more errors occurred."	request-failure	0	0		http://tottori.jp/	tottori.jp			False	Exception calling "GetResult" with "0" argument(s): "An error occurred while sending the request."	request-failure	0	0		https://tottori.jp/	tottori.jp			False	Exception calling "GetResult" with "0" argument(s): "An error occurred while sending the request."	not-resolved	no-automatic-action
toyama.jp	2026-07-21T18:05:02.0445040+00:00	failed			Exception calling "Wait" with "1" argument(s): "One or more errors occurred."	request-failure	0	0		http://toyama.jp/	toyama.jp			False	Exception calling "GetResult" with "0" argument(s): "An error occurred while sending the request."	request-failure	0	0		https://toyama.jp/	toyama.jp			False	Exception calling "GetResult" with "0" argument(s): "An error occurred while sending the request."	not-resolved	no-automatic-action
tp.it	2026-07-21T18:05:03.1056648+00:00	failed			Exception calling "Wait" with "1" argument(s): "One or more errors occurred."	request-failure	0	0		http://tp.it/	tp.it			False	Exception calling "GetResult" with "0" argument(s): "An error occurred while sending the request."	request-failure	0	0		https://tp.it/	tp.it			False	Exception calling "GetResult" with "0" argument(s): "An error occurred while sending the request."	not-resolved	no-automatic-action
tr.it	2026-07-21T18:05:04.1308956+00:00	failed			Exception calling "Wait" with "1" argument(s): "One or more errors occurred."	request-failure	0	0		http://tr.it/	tr.it			False	Exception calling "GetResult" with "0" argument(s): "An error occurred while sending the request."	request-failure	0	0		https://tr.it/	tr.it			False	Exception calling "GetResult" with "0" argument(s): "An error occurred while sending the request."	not-resolved	no-automatic-action
trafficmanager.net	2026-07-21T18:05:05.1603233+00:00	failed			Exception calling "Wait" with "1" argument(s): "One or more errors occurred."	request-failure	0	0		http://trafficmanager.net/	trafficmanager.net			False	Exception calling "GetResult" with "0" argument(s): "An error occurred while sending the request."	request-failure	0	0		https://trafficmanager.net/	trafficmanager.net			False	Exception calling "GetResult" with "0" argument(s): "An error occurred while sending the request."	not-resolved	no-automatic-action
trapani.it	2026-07-21T18:05:06.2215162+00:00	failed			Exception calling "Wait" with "1" argument(s): "One or more errors occurred."	request-failure	0	0		http://trapani.it/	trapani.it			False	Exception calling "GetResult" with "0" argument(s): "An error occurred while sending the request."	request-failure	0	0		https://trapani.it/	trapani.it			False	Exception calling "GetResult" with "0" argument(s): "An error occurred while sending the request."	not-resolved	no-automatic-action
travel.pl	2026-07-21T18:05:07.2588982+00:00	failed			Exception calling "Wait" with "1" argument(s): "One or more errors occurred."	request-failure	0	0		http://travel.pl/	travel.pl			False	Exception calling "GetResult" with "0" argument(s): "An error occurred while sending the request."	request-failure	0	0		https://travel.pl/	travel.pl			False	Exception calling "GetResult" with "0" argument(s): "An error occurred while sending the request."	not-resolved	no-automatic-action
trd.br	2026-07-21T18:05:08.2973521+00:00	failed			Exception calling "Wait" with "1" argument(s): "One or more errors occurred."	request-failure	0	0		http://trd.br/	trd.br			False	Exception calling "GetResult" with "0" argument(s): "An error occurred while sending the request."	request-failure	0	0		https://trd.br/	trd.br			False	Exception calling "GetResult" with "0" argument(s): "An error occurred while sending the request."	not-resolved	no-automatic-action
trentino.it	2026-07-21T18:05:09.3541073+00:00	failed			Exception calling "Wait" with "1" argument(s): "One or more errors occurred."	request-failure	0	0		http://trentino.it/	trentino.it			False	Exception calling "GetResult" with "0" argument(s): "An error occurred while sending the request."	request-failure	0	0		https://trentino.it/	trentino.it			False	Exception calling "GetResult" with "0" argument(s): "An error occurred while sending the request."	not-resolved	no-automatic-action
trento.it	2026-07-21T18:05:10.3912465+00:00	failed			Exception calling "Wait" with "1" argument(s): "One or more errors occurred."	request-failure	0	0		http://trento.it/	trento.it			False	Exception calling "GetResult" with "0" argument(s): "An error occurred while sending the request."	request-failure	0	0		https://trento.it/	trento.it			False	Exception calling "GetResult" with "0" argument(s): "An error occurred while sending the request."	not-resolved	no-automatic-action
treviso.it	2026-07-21T18:05:11.4194970+00:00	failed			Exception calling "Wait" with "1" argument(s): "One or more errors occurred."	request-failure	0	0		http://treviso.it/	treviso.it			False	Exception calling "GetResult" with "0" argument(s): "An error occurred while sending the request."	request-failure	0	0		https://treviso.it/	treviso.it			False	Exception calling "GetResult" with "0" argument(s): "An error occurred while sending the request."	not-resolved	no-automatic-action
trieste.it	2026-07-21T18:05:12.4599079+00:00	failed			Exception calling "Wait" with "1" argument(s): "One or more errors occurred."	request-failure	0	0		http://trieste.it/	trieste.it			False	Exception calling "GetResult" with "0" argument(s): "An error occurred while sending the request."	request-failure	0	0		https://trieste.it/	trieste.it			False	Exception calling "GetResult" with "0" argument(s): "An error occurred while sending the request."	not-resolved	no-automatic-action
trondheim.no	2026-07-21T18:05:13.4997856+00:00	failed			Exception calling "Wait" with "1" argument(s): "One or more errors occurred."	request-failure	0	0		http://trondheim.no/	trondheim.no			False	Exception calling "GetResult" with "0" argument(s): "An error occurred while sending the request."	request-failure	0	0		https://trondheim.no/	trondheim.no			False	Exception calling "GetResult" with "0" argument(s): "An error occurred while sending the request."	not-resolved	no-automatic-action
trysil.no	2026-07-21T18:05:14.5661780+00:00	failed			Exception calling "Wait" with "1" argument(s): "One or more errors occurred."	request-failure	0	0		http://trysil.no/	trysil.no			False	Exception calling "GetResult" with "0" argument(s): "An error occurred while sending the request."	request-failure	0	0		https://trysil.no/	trysil.no			False	Exception calling "GetResult" with "0" argument(s): "An error occurred while sending the request."	not-resolved	no-automatic-action
ts.it	2026-07-21T18:05:15.6675197+00:00	failed			Exception calling "Wait" with "1" argument(s): "One or more errors occurred."	request-failure	0	0		http://ts.it/	ts.it			False	Exception calling "GetResult" with "0" argument(s): "An error occurred while sending the request."	request-failure	0	0		https://ts.it/	ts.it			False	Exception calling "GetResult" with "0" argument(s): "An error occurred while sending the request."	not-resolved	no-automatic-action
tsk.tr	2026-07-21T18:05:16.6919062+00:00	failed			Exception calling "Wait" with "1" argument(s): "One or more errors occurred."	request-failure	0	0		http://tsk.tr/	tsk.tr			False	Exception calling "GetResult" with "0" argument(s): "An error occurred while sending the request."	request-failure	0	0		https://tsk.tr/	tsk.tr			False	Exception calling "GetResult" with "0" argument(s): "An error occurred while sending the request."	not-resolved	no-automatic-action
tur.ar	2026-07-21T18:05:17.7526497+00:00	failed			Exception calling "Wait" with "1" argument(s): "One or more errors occurred."	request-failure	0	0		http://tur.ar/	tur.ar			False	Exception calling "GetResult" with "0" argument(s): "An error occurred while sending the request."	request-failure	0	0		https://tur.ar/	tur.ar			False	Exception calling "GetResult" with "0" argument(s): "An error occurred while sending the request."	not-resolved	no-automatic-action
tur.br	2026-07-21T18:05:18.8193862+00:00	failed			Exception calling "Wait" with "1" argument(s): "One or more errors occurred."	request-failure	0	0		http://tur.br/	tur.br			False	Exception calling "GetResult" with "0" argument(s): "An error occurred while sending the request."	request-failure	0	0		https://tur.br/	tur.br			False	Exception calling "GetResult" with "0" argument(s): "An error occurred while sending the request."	not-resolved	no-automatic-action
turek.pl	2026-07-21T18:05:19.8827106+00:00	failed			Exception calling "Wait" with "1" argument(s): "One or more errors occurred."	request-failure	0	0		http://turek.pl/	turek.pl			False	Exception calling "GetResult" with "0" argument(s): "An error occurred while sending the request."	request-failure	0	0		https://turek.pl/	turek.pl			False	Exception calling "GetResult" with "0" argument(s): "An error occurred while sending the request."	not-resolved	no-automatic-action
turystyka.pl	2026-07-21T18:05:20.9306077+00:00	failed			Exception calling "Wait" with "1" argument(s): "One or more errors occurred."	request-failure	0	0		http://turystyka.pl/	turystyka.pl			False	Exception calling "GetResult" with "0" argument(s): "An error occurred while sending the request."	request-failure	0	0		https://turystyka.pl/	turystyka.pl			False	Exception calling "GetResult" with "0" argument(s): "An error occurred while sending the request."	not-resolved	no-automatic-action
tv.bo	2026-07-21T18:05:21.9838290+00:00	failed			Exception calling "Wait" with "1" argument(s): "One or more errors occurred."	request-failure	0	0		http://tv.bo/	tv.bo			False	Exception calling "GetResult" with "0" argument(s): "An error occurred while sending the request."	request-failure	0	0		https://tv.bo/	tv.bo			False	Exception calling "GetResult" with "0" argument(s): "An error occurred while sending the request."	not-resolved	no-automatic-action
tv.br	2026-07-21T18:05:23.0315065+00:00	failed			Exception calling "Wait" with "1" argument(s): "One or more errors occurred."	request-failure	0	0		http://tv.br/	tv.br			False	Exception calling "GetResult" with "0" argument(s): "An error occurred while sending the request."	request-failure	0	0		https://tv.br/	tv.br			False	Exception calling "GetResult" with "0" argument(s): "An error occurred while sending the request."	not-resolved	no-automatic-action
tv.in	2026-07-21T18:05:24.0925797+00:00	failed			Exception calling "Wait" with "1" argument(s): "One or more errors occurred."	request-failure	0	0		http://tv.in/	tv.in			False	Exception calling "GetResult" with "0" argument(s): "An error occurred while sending the request."	request-failure	0	0		https://tv.in/	tv.in			False	Exception calling "GetResult" with "0" argument(s): "An error occurred while sending the request."	not-resolved	no-automatic-action
tv.it	2026-07-21T18:05:25.1518504+00:00	failed			Exception calling "Wait" with "1" argument(s): "One or more errors occurred."	request-failure	0	0		http://tv.it/	tv.it			False	Exception calling "GetResult" with "0" argument(s): "An error occurred while sending the request."	request-failure	0	0		https://tv.it/	tv.it			False	Exception calling "GetResult" with "0" argument(s): "An error occurred while sending the request."	not-resolved	no-automatic-action
tv.tr	2026-07-21T18:05:26.1857287+00:00	failed			Exception calling "Wait" with "1" argument(s): "One or more errors occurred."	request-failure	0	0		http://tv.tr/	tv.tr			False	Exception calling "GetResult" with "0" argument(s): "An error occurred while sending the request."	request-failure	0	0		https://tv.tr/	tv.tr			False	Exception calling "GetResult" with "0" argument(s): "An error occurred while sending the request."	not-resolved	no-automatic-action
tw.cn	2026-07-21T18:05:27.2438776+00:00	failed			Exception calling "Wait" with "1" argument(s): "One or more errors occurred."	request-failure	0	0		http://tw.cn/	tw.cn			False	Exception calling "GetResult" with "0" argument(s): "An error occurred while sending the request."	request-failure	0	0		https://tw.cn/	tw.cn			False	Exception calling "GetResult" with "0" argument(s): "An error occurred while sending the request."	not-resolved	no-automatic-action
tx.us	2026-07-21T18:05:28.4392049+00:00	failed			Exception calling "Wait" with "1" argument(s): "One or more errors occurred."	request-failure	0	0		http://tx.us/	tx.us			False	Exception calling "GetResult" with "0" argument(s): "An error occurred while sending the request."	request-failure	0	0		https://tx.us/	tx.us			False	Exception calling "GetResult" with "0" argument(s): "An error occurred while sending the request."	not-resolved	no-automatic-action
tychy.pl	2026-07-21T18:05:29.4861817+00:00	failed			Exception calling "Wait" with "1" argument(s): "One or more errors occurred."	request-failure	0	0		http://tychy.pl/	tychy.pl			False	Exception calling "GetResult" with "0" argument(s): "An error occurred while sending the request."	request-failure	0	0		https://tychy.pl/	tychy.pl			False	Exception calling "GetResult" with "0" argument(s): "An error occurred while sending the request."	not-resolved	no-automatic-action
typo3server.info	2026-07-21T18:05:30.5299835+00:00	resolved	188.94.248.53			timeout	0	0		http://typo3server.info/	typo3server.info			False	Exception calling "GetResult" with "0" argument(s): "A task was canceled."	timeout	0	0		https://typo3server.info/	typo3server.info			False	Exception calling "GetResult" with "0" argument(s): "A task was canceled."	temporarily-inconclusive	retest-later
ud.it	2026-07-21T18:06:11.6075091+00:00	failed			Exception calling "Wait" with "1" argument(s): "One or more errors occurred."	request-failure	0	0		http://ud.it/	ud.it			False	Exception calling "GetResult" with "0" argument(s): "An error occurred while sending the request."	request-failure	0	0		https://ud.it/	ud.it			False	Exception calling "GetResult" with "0" argument(s): "An error occurred while sending the request."	not-resolved	no-automatic-action
udi.br	2026-07-21T18:06:12.6401152+00:00	failed			Exception calling "Wait" with "1" argument(s): "One or more errors occurred."	request-failure	0	0		http://udi.br/	udi.br			False	Exception calling "GetResult" with "0" argument(s): "An error occurred while sending the request."	request-failure	0	0		https://udi.br/	udi.br			False	Exception calling "GetResult" with "0" argument(s): "An error occurred while sending the request."	not-resolved	no-automatic-action
udine.it	2026-07-21T18:06:13.7104768+00:00	failed			Exception calling "Wait" with "1" argument(s): "One or more errors occurred."	request-failure	0	0		http://udine.it/	udine.it			False	Exception calling "GetResult" with "0" argument(s): "An error occurred while sending the request."	request-failure	0	0		https://udine.it/	udine.it			False	Exception calling "GetResult" with "0" argument(s): "An error occurred while sending the request."	not-resolved	no-automatic-action
ug.gov.pl	2026-07-21T18:06:14.7427979+00:00	failed			Exception calling "Wait" with "1" argument(s): "One or more errors occurred."	request-failure	0	0		http://ug.gov.pl/	ug.gov.pl			False	Exception calling "GetResult" with "0" argument(s): "An error occurred while sending the request."	request-failure	0	0		https://ug.gov.pl/	ug.gov.pl			False	Exception calling "GetResult" with "0" argument(s): "An error occurred while sending the request."	not-resolved	no-automatic-action
uh-oh.jp	2026-07-21T18:06:15.7779474+00:00	failed			Exception calling "Wait" with "1" argument(s): "One or more errors occurred."	request-failure	0	0		http://uh-oh.jp/	uh-oh.jp			False	Exception calling "GetResult" with "0" argument(s): "An error occurred while sending the request."	request-failure	0	0		https://uh-oh.jp/	uh-oh.jp			False	Exception calling "GetResult" with "0" argument(s): "An error occurred while sending the request."	not-resolved	no-automatic-action
uk.in	2026-07-21T18:06:17.0995182+00:00	failed			Exception calling "Wait" with "1" argument(s): "One or more errors occurred."	request-failure	0	0		http://uk.in/	uk.in			False	Exception calling "GetResult" with "0" argument(s): "An error occurred while sending the request."	request-failure	0	0		https://uk.in/	uk.in			False	Exception calling "GetResult" with "0" argument(s): "An error occurred while sending the request."	not-resolved	no-automatic-action
ulsan.kr	2026-07-21T18:06:18.1672977+00:00	failed			Exception calling "Wait" with "1" argument(s): "One or more errors occurred."	request-failure	0	0		http://ulsan.kr/	ulsan.kr			False	Exception calling "GetResult" with "0" argument(s): "An error occurred while sending the request."	request-failure	0	0		https://ulsan.kr/	ulsan.kr			False	Exception calling "GetResult" with "0" argument(s): "An error occurred while sending the request."	not-resolved	no-automatic-action
um.gov.pl	2026-07-21T18:06:19.5074642+00:00	failed			Exception calling "Wait" with "1" argument(s): "One or more errors occurred."	request-failure	0	0		http://um.gov.pl/	um.gov.pl			False	Exception calling "GetResult" with "0" argument(s): "An error occurred while sending the request."	request-failure	0	0		https://um.gov.pl/	um.gov.pl			False	Exception calling "GetResult" with "0" argument(s): "An error occurred while sending the request."	not-resolved	no-automatic-action
umbria.it	2026-07-21T18:06:20.5604913+00:00	failed			Exception calling "Wait" with "1" argument(s): "One or more errors occurred."	request-failure	0	0		http://umbria.it/	umbria.it			False	Exception calling "GetResult" with "0" argument(s): "An error occurred while sending the request."	request-failure	0	0		https://umbria.it/	umbria.it			False	Exception calling "GetResult" with "0" argument(s): "An error occurred while sending the request."	not-resolved	no-automatic-action
undo.jp	2026-07-21T18:06:21.5998338+00:00	failed			Exception calling "Wait" with "1" argument(s): "One or more errors occurred."	request-failure	0	0		http://undo.jp/	undo.jp			False	Exception calling "GetResult" with "0" argument(s): "An error occurred while sending the request."	request-failure	0	0		https://undo.jp/	undo.jp			False	Exception calling "GetResult" with "0" argument(s): "An error occurred while sending the request."	not-resolved	no-automatic-action
unison-services.cloud	2026-07-21T18:06:22.9381958+00:00	failed			Exception calling "Wait" with "1" argument(s): "One or more errors occurred."	request-failure	0	0		http://unison-services.cloud/	unison-services.cloud			False	Exception calling "GetResult" with "0" argument(s): "An error occurred while sending the request."	request-failure	0	0		https://unison-services.cloud/	unison-services.cloud			False	Exception calling "GetResult" with "0" argument(s): "An error occurred while sending the request."	not-resolved	no-automatic-action
up.in	2026-07-21T18:06:23.9921475+00:00	failed			Exception calling "Wait" with "1" argument(s): "One or more errors occurred."	request-failure	0	0		http://up.in/	up.in			False	Exception calling "GetResult" with "0" argument(s): "An error occurred while sending the request."	request-failure	0	0		https://up.in/	up.in			False	Exception calling "GetResult" with "0" argument(s): "An error occurred while sending the request."	not-resolved	no-automatic-action
uri.arpa	2026-07-21T18:06:25.0473564+00:00	failed			Exception calling "Wait" with "1" argument(s): "One or more errors occurred."	request-failure	0	0		http://uri.arpa/	uri.arpa			False	Exception calling "GetResult" with "0" argument(s): "An error occurred while sending the request."	request-failure	0	0		https://uri.arpa/	uri.arpa			False	Exception calling "GetResult" with "0" argument(s): "An error occurred while sending the request."	not-resolved	no-automatic-action
urn.arpa	2026-07-21T18:06:26.2949684+00:00	failed			Exception calling "Wait" with "1" argument(s): "One or more errors occurred."	request-failure	0	0		http://urn.arpa/	urn.arpa			False	Exception calling "GetResult" with "0" argument(s): "An error occurred while sending the request."	request-failure	0	0		https://urn.arpa/	urn.arpa			False	Exception calling "GetResult" with "0" argument(s): "An error occurred while sending the request."	not-resolved	no-automatic-action
us.in	2026-07-21T18:06:27.5350094+00:00	failed			Exception calling "Wait" with "1" argument(s): "One or more errors occurred."	request-failure	0	0		http://us.in/	us.in			False	Exception calling "GetResult" with "0" argument(s): "An error occurred while sending the request."	request-failure	0	0		https://us.in/	us.in			False	Exception calling "GetResult" with "0" argument(s): "An error occurred while sending the request."	not-resolved	no-automatic-action
us.kg	2026-07-21T18:06:28.6040216+00:00	failed			Exception calling "Wait" with "1" argument(s): "One or more errors occurred."	request-failure	0	0		http://us.kg/	us.kg			False	Exception calling "GetResult" with "0" argument(s): "An error occurred while sending the request."	request-failure	0	0		https://us.kg/	us.kg			False	Exception calling "GetResult" with "0" argument(s): "An error occurred while sending the request."	not-resolved	no-automatic-action
usgovcloudapp.net	2026-07-21T18:06:29.7814890+00:00	failed			Exception calling "Wait" with "1" argument(s): "One or more errors occurred."	request-failure	0	0		http://usgovcloudapp.net/	usgovcloudapp.net			False	Exception calling "GetResult" with "0" argument(s): "An error occurred while sending the request."	request-failure	0	0		https://usgovcloudapp.net/	usgovcloudapp.net			False	Exception calling "GetResult" with "0" argument(s): "An error occurred while sending the request."	not-resolved	no-automatic-action
usgovtrafficmanager.net	2026-07-21T18:06:30.9165870+00:00	failed			Exception calling "Wait" with "1" argument(s): "One or more errors occurred."	request-failure	0	0		http://usgovtrafficmanager.net/	usgovtrafficmanager.net			False	Exception calling "GetResult" with "0" argument(s): "An error occurred while sending the request."	request-failure	0	0		https://usgovtrafficmanager.net/	usgovtrafficmanager.net			False	Exception calling "GetResult" with "0" argument(s): "An error occurred while sending the request."	not-resolved	no-automatic-action
ustka.pl	2026-07-21T18:06:32.0599894+00:00	failed			Exception calling "Wait" with "1" argument(s): "One or more errors occurred."	request-failure	0	0		http://ustka.pl/	ustka.pl			False	Exception calling "GetResult" with "0" argument(s): "An error occurred while sending the request."	request-failure	0	0		https://ustka.pl/	ustka.pl			False	Exception calling "GetResult" with "0" argument(s): "An error occurred while sending the request."	not-resolved	no-automatic-action
ut.us	2026-07-21T18:06:33.0844576+00:00	failed			Exception calling "Wait" with "1" argument(s): "One or more errors occurred."	request-failure	0	0		http://ut.us/	ut.us			False	Exception calling "GetResult" with "0" argument(s): "An error occurred while sending the request."	request-failure	0	0		https://ut.us/	ut.us			False	Exception calling "GetResult" with "0" argument(s): "An error occurred while sending the request."	not-resolved	no-automatic-action
utsira.no	2026-07-21T18:06:34.1343897+00:00	failed			Exception calling "Wait" with "1" argument(s): "One or more errors occurred."	request-failure	0	0		http://utsira.no/	utsira.no			False	Exception calling "GetResult" with "0" argument(s): "An error occurred while sending the request."	request-failure	0	0		https://utsira.no/	utsira.no			False	Exception calling "GetResult" with "0" argument(s): "An error occurred while sending the request."	not-resolved	no-automatic-action
uw.gov.pl	2026-07-21T18:06:35.2157608+00:00	failed			Exception calling "Wait" with "1" argument(s): "One or more errors occurred."	request-failure	0	0		http://uw.gov.pl/	uw.gov.pl			False	Exception calling "GetResult" with "0" argument(s): "An error occurred while sending the request."	request-failure	0	0		https://uw.gov.pl/	uw.gov.pl			False	Exception calling "GetResult" with "0" argument(s): "An error occurred while sending the request."	not-resolved	no-automatic-action
uwu.ai	2026-07-21T18:06:36.2535388+00:00	resolved	127.0.0.1			request-failure	0	0		http://uwu.ai/	uwu.ai			False	Exception calling "GetResult" with "0" argument(s): "An error occurred while sending the request."	request-failure	0	0		https://uwu.ai/	uwu.ai			False	Exception calling "GetResult" with "0" argument(s): "An error occurred while sending the request."	dns-only	retest-or-review-exact-host
uz.ua	2026-07-21T18:06:41.3713908+00:00	failed			Exception calling "Wait" with "1" argument(s): "One or more errors occurred."	request-failure	0	0		http://uz.ua/	uz.ua			False	Exception calling "GetResult" with "0" argument(s): "An error occurred while sending the request."	request-failure	0	0		https://uz.ua/	uz.ua			False	Exception calling "GetResult" with "0" argument(s): "An error occurred while sending the request."	not-resolved	no-automatic-action
uzhgorod.ua	2026-07-21T18:06:42.4014092+00:00	failed			Exception calling "Wait" with "1" argument(s): "One or more errors occurred."	request-failure	0	0		http://uzhgorod.ua/	uzhgorod.ua			False	Exception calling "GetResult" with "0" argument(s): "An error occurred while sending the request."	request-failure	0	0		https://uzhgorod.ua/	uzhgorod.ua			False	Exception calling "GetResult" with "0" argument(s): "An error occurred while sending the request."	not-resolved	no-automatic-action
va.it	2026-07-21T18:06:43.6077462+00:00	failed			Exception calling "Wait" with "1" argument(s): "One or more errors occurred."	request-failure	0	0		http://va.it/	va.it			False	Exception calling "GetResult" with "0" argument(s): "An error occurred while sending the request."	request-failure	0	0		https://va.it/	va.it			False	Exception calling "GetResult" with "0" argument(s): "An error occurred while sending the request."	not-resolved	no-automatic-action
va.us	2026-07-21T18:06:44.6703625+00:00	failed			Exception calling "Wait" with "1" argument(s): "One or more errors occurred."	request-failure	0	0		http://va.us/	va.us			False	Exception calling "GetResult" with "0" argument(s): "An error occurred while sending the request."	request-failure	0	0		https://va.us/	va.us			False	Exception calling "GetResult" with "0" argument(s): "An error occurred while sending the request."	not-resolved	no-automatic-action
vaksdal.no	2026-07-21T18:06:45.7156693+00:00	failed			Exception calling "Wait" with "1" argument(s): "One or more errors occurred."	request-failure	0	0		http://vaksdal.no/	vaksdal.no			False	Exception calling "GetResult" with "0" argument(s): "An error occurred while sending the request."	request-failure	0	0		https://vaksdal.no/	vaksdal.no			False	Exception calling "GetResult" with "0" argument(s): "An error occurred while sending the request."	not-resolved	no-automatic-action
vapor.cloud	2026-07-21T18:06:46.8113182+00:00	resolved	54.216.59.82	2a05:d018:630:a81e:5bf5:52a8:648b:c620		timeout	0	0		http://vapor.cloud/	vapor.cloud			False	Exception calling "GetResult" with "0" argument(s): "A task was canceled."	timeout	0	0		https://vapor.cloud/	vapor.cloud			False	Exception calling "GetResult" with "0" argument(s): "A task was canceled."	temporarily-inconclusive	retest-later
vaporcloud.io	2026-07-21T18:07:27.8934236+00:00	resolved	207.154.196.42,207.154.202.123			timeout	0	0		http://vaporcloud.io/	vaporcloud.io			False	Exception calling "GetResult" with "0" argument(s): "A task was canceled."	timeout	0	0		https://vaporcloud.io/	vaporcloud.io			False	Exception calling "GetResult" with "0" argument(s): "A task was canceled."	temporarily-inconclusive	retest-later
varese.it	2026-07-21T18:08:08.9636247+00:00	failed			Exception calling "Wait" with "1" argument(s): "One or more errors occurred."	request-failure	0	0		http://varese.it/	varese.it			False	Exception calling "GetResult" with "0" argument(s): "An error occurred while sending the request."	request-failure	0	0		https://varese.it/	varese.it			False	Exception calling "GetResult" with "0" argument(s): "An error occurred while sending the request."	not-resolved	no-automatic-action
vb.it	2026-07-21T18:08:09.9998987+00:00	failed			Exception calling "Wait" with "1" argument(s): "One or more errors occurred."	request-failure	0	0		http://vb.it/	vb.it			False	Exception calling "GetResult" with "0" argument(s): "An error occurred while sending the request."	request-failure	0	0		https://vb.it/	vb.it			False	Exception calling "GetResult" with "0" argument(s): "An error occurred while sending the request."	not-resolved	no-automatic-action
vc.it	2026-07-21T18:08:11.0262089+00:00	failed			Exception calling "Wait" with "1" argument(s): "One or more errors occurred."	request-failure	0	0		http://vc.it/	vc.it			False	Exception calling "GetResult" with "0" argument(s): "An error occurred while sending the request."	request-failure	0	0		https://vc.it/	vc.it			False	Exception calling "GetResult" with "0" argument(s): "An error occurred while sending the request."	not-resolved	no-automatic-action
vda.it	2026-07-21T18:08:12.0949982+00:00	failed			Exception calling "Wait" with "1" argument(s): "One or more errors occurred."	request-failure	0	0		http://vda.it/	vda.it			False	Exception calling "GetResult" with "0" argument(s): "An error occurred while sending the request."	request-failure	0	0		https://vda.it/	vda.it			False	Exception calling "GetResult" with "0" argument(s): "An error occurred while sending the request."	not-resolved	no-automatic-action
ve.it	2026-07-21T18:08:13.1351789+00:00	failed			Exception calling "Wait" with "1" argument(s): "One or more errors occurred."	request-failure	0	0		http://ve.it/	ve.it			False	Exception calling "GetResult" with "0" argument(s): "An error occurred while sending the request."	request-failure	0	0		https://ve.it/	ve.it			False	Exception calling "GetResult" with "0" argument(s): "An error occurred while sending the request."	not-resolved	no-automatic-action
veneto.it	2026-07-21T18:08:14.1813298+00:00	failed			Exception calling "Wait" with "1" argument(s): "One or more errors occurred."	request-failure	0	0		http://veneto.it/	veneto.it			False	Exception calling "GetResult" with "0" argument(s): "An error occurred while sending the request."	request-failure	0	0		https://veneto.it/	veneto.it			False	Exception calling "GetResult" with "0" argument(s): "An error occurred while sending the request."	not-resolved	no-automatic-action
venezia.it	2026-07-21T18:08:15.2151934+00:00	failed			Exception calling "Wait" with "1" argument(s): "One or more errors occurred."	request-failure	0	0		http://venezia.it/	venezia.it			False	Exception calling "GetResult" with "0" argument(s): "An error occurred while sending the request."	request-failure	0	0		https://venezia.it/	venezia.it			False	Exception calling "GetResult" with "0" argument(s): "An error occurred while sending the request."	not-resolved	no-automatic-action
venice.it	2026-07-21T18:08:16.2420999+00:00	failed			Exception calling "Wait" with "1" argument(s): "One or more errors occurred."	request-failure	0	0		http://venice.it/	venice.it			False	Exception calling "GetResult" with "0" argument(s): "An error occurred while sending the request."	request-failure	0	0		https://venice.it/	venice.it			False	Exception calling "GetResult" with "0" argument(s): "An error occurred while sending the request."	not-resolved	no-automatic-action
verbania.it	2026-07-21T18:08:17.2831995+00:00	failed			Exception calling "Wait" with "1" argument(s): "One or more errors occurred."	request-failure	0	0		http://verbania.it/	verbania.it			False	Exception calling "GetResult" with "0" argument(s): "An error occurred while sending the request."	request-failure	0	0		https://verbania.it/	verbania.it			False	Exception calling "GetResult" with "0" argument(s): "An error occurred while sending the request."	not-resolved	no-automatic-action
vercelli.it	2026-07-21T18:08:18.3423307+00:00	failed			Exception calling "Wait" with "1" argument(s): "One or more errors occurred."	request-failure	0	0		http://vercelli.it/	vercelli.it			False	Exception calling "GetResult" with "0" argument(s): "An error occurred while sending the request."	request-failure	0	0		https://vercelli.it/	vercelli.it			False	Exception calling "GetResult" with "0" argument(s): "An error occurred while sending the request."	not-resolved	no-automatic-action
verona.it	2026-07-21T18:08:19.3755336+00:00	failed			Exception calling "Wait" with "1" argument(s): "One or more errors occurred."	request-failure	0	0		http://verona.it/	verona.it			False	Exception calling "GetResult" with "0" argument(s): "An error occurred while sending the request."	request-failure	0	0		https://verona.it/	verona.it			False	Exception calling "GetResult" with "0" argument(s): "An error occurred while sending the request."	not-resolved	no-automatic-action
vet.br	2026-07-21T18:08:20.4176222+00:00	failed			Exception calling "Wait" with "1" argument(s): "One or more errors occurred."	request-failure	0	0		http://vet.br/	vet.br			False	Exception calling "GetResult" with "0" argument(s): "An error occurred while sending the request."	request-failure	0	0		https://vet.br/	vet.br			False	Exception calling "GetResult" with "0" argument(s): "An error occurred while sending the request."	not-resolved	no-automatic-action
vgs.no	2026-07-21T18:08:21.4847485+00:00	failed			Exception calling "Wait" with "1" argument(s): "One or more errors occurred."	request-failure	0	0		http://vgs.no/	vgs.no			False	Exception calling "GetResult" with "0" argument(s): "An error occurred while sending the request."	request-failure	0	0		https://vgs.no/	vgs.no			False	Exception calling "GetResult" with "0" argument(s): "An error occurred while sending the request."	not-resolved	no-automatic-action
vi.it	2026-07-21T18:08:22.5654954+00:00	failed			Exception calling "Wait" with "1" argument(s): "One or more errors occurred."	request-failure	0	0		http://vi.it/	vi.it			False	Exception calling "GetResult" with "0" argument(s): "An error occurred while sending the request."	request-failure	0	0		https://vi.it/	vi.it			False	Exception calling "GetResult" with "0" argument(s): "An error occurred while sending the request."	not-resolved	no-automatic-action
vic.au	2026-07-21T18:08:23.6353682+00:00	failed			Exception calling "Wait" with "1" argument(s): "One or more errors occurred."	request-failure	0	0		http://vic.au/	vic.au			False	Exception calling "GetResult" with "0" argument(s): "An error occurred while sending the request."	request-failure	0	0		https://vic.au/	vic.au			False	Exception calling "GetResult" with "0" argument(s): "An error occurred while sending the request."	not-resolved	no-automatic-action
vic.edu.au	2026-07-21T18:08:24.6841969+00:00	failed			Exception calling "Wait" with "1" argument(s): "One or more errors occurred."	request-failure	0	0		http://vic.edu.au/	vic.edu.au			False	Exception calling "GetResult" with "0" argument(s): "An error occurred while sending the request."	request-failure	0	0		https://vic.edu.au/	vic.edu.au			False	Exception calling "GetResult" with "0" argument(s): "An error occurred while sending the request."	not-resolved	no-automatic-action
vicenza.it	2026-07-21T18:08:25.7358799+00:00	failed			Exception calling "Wait" with "1" argument(s): "One or more errors occurred."	request-failure	0	0		http://vicenza.it/	vicenza.it			False	Exception calling "GetResult" with "0" argument(s): "An error occurred while sending the request."	request-failure	0	0		https://vicenza.it/	vicenza.it			False	Exception calling "GetResult" with "0" argument(s): "An error occurred while sending the request."	not-resolved	no-automatic-action
vik.no	2026-07-21T18:08:26.7693876+00:00	failed			Exception calling "Wait" with "1" argument(s): "One or more errors occurred."	request-failure	0	0		http://vik.no/	vik.no			False	Exception calling "GetResult" with "0" argument(s): "An error occurred while sending the request."	request-failure	0	0		https://vik.no/	vik.no			False	Exception calling "GetResult" with "0" argument(s): "An error occurred while sending the request."	not-resolved	no-automatic-action
v-info.info	2026-07-21T18:08:27.8417946+00:00	failed			Exception calling "Wait" with "1" argument(s): "One or more errors occurred."	request-failure	0	0		http://v-info.info/	v-info.info			False	Exception calling "GetResult" with "0" argument(s): "An error occurred while sending the request."	request-failure	0	0		https://v-info.info/	v-info.info			False	Exception calling "GetResult" with "0" argument(s): "An error occurred while sending the request."	not-resolved	no-automatic-action
vinhphuc.vn	2026-07-21T18:08:29.1417437+00:00	failed			Exception calling "Wait" with "1" argument(s): "One or more errors occurred."	request-failure	0	0		http://vinhphuc.vn/	vinhphuc.vn			False	Exception calling "GetResult" with "0" argument(s): "An error occurred while sending the request."	request-failure	0	0		https://vinhphuc.vn/	vinhphuc.vn			False	Exception calling "GetResult" with "0" argument(s): "An error occurred while sending the request."	not-resolved	no-automatic-action
vinnytsia.ua	2026-07-21T18:08:30.3878409+00:00	failed			Exception calling "Wait" with "1" argument(s): "One or more errors occurred."	request-failure	0	0		http://vinnytsia.ua/	vinnytsia.ua			False	Exception calling "GetResult" with "0" argument(s): "An error occurred while sending the request."	request-failure	0	0		https://vinnytsia.ua/	vinnytsia.ua			False	Exception calling "GetResult" with "0" argument(s): "An error occurred while sending the request."	not-resolved	no-automatic-action
virtualuser.de	2026-07-21T18:08:31.7452339+00:00	failed			Exception calling "Wait" with "1" argument(s): "One or more errors occurred."	request-failure	0	0		http://virtualuser.de/	virtualuser.de			False	Exception calling "GetResult" with "0" argument(s): "An error occurred while sending the request."	request-failure	0	0		https://virtualuser.de/	virtualuser.de			False	Exception calling "GetResult" with "0" argument(s): "An error occurred while sending the request."	not-resolved	no-automatic-action
viterbo.it	2026-07-21T18:08:32.7870775+00:00	failed			Exception calling "Wait" with "1" argument(s): "One or more errors occurred."	request-failure	0	0		http://viterbo.it/	viterbo.it			False	Exception calling "GetResult" with "0" argument(s): "An error occurred while sending the request."	request-failure	0	0		https://viterbo.it/	viterbo.it			False	Exception calling "GetResult" with "0" argument(s): "An error occurred while sending the request."	not-resolved	no-automatic-action
vivenushop.com	2026-07-21T18:08:33.8196670+00:00	failed			Exception calling "Wait" with "1" argument(s): "One or more errors occurred."	request-failure	0	0		http://vivenushop.com/	vivenushop.com			False	Exception calling "GetResult" with "0" argument(s): "An error occurred while sending the request."	request-failure	0	0		https://vivenushop.com/	vivenushop.com			False	Exception calling "GetResult" with "0" argument(s): "An error occurred while sending the request."	not-resolved	no-automatic-action
vix.br	2026-07-21T18:08:34.8667919+00:00	failed			Exception calling "Wait" with "1" argument(s): "One or more errors occurred."	request-failure	0	0		http://vix.br/	vix.br			False	Exception calling "GetResult" with "0" argument(s): "An error occurred while sending the request."	request-failure	0	0		https://vix.br/	vix.br			False	Exception calling "GetResult" with "0" argument(s): "An error occurred while sending the request."	not-resolved	no-automatic-action
vlog.br	2026-07-21T18:08:36.1084902+00:00	failed			Exception calling "Wait" with "1" argument(s): "One or more errors occurred."	request-failure	0	0		http://vlog.br/	vlog.br			False	Exception calling "GetResult" with "0" argument(s): "An error occurred while sending the request."	request-failure	0	0		https://vlog.br/	vlog.br			False	Exception calling "GetResult" with "0" argument(s): "An error occurred while sending the request."	not-resolved	no-automatic-action
vn.ua	2026-07-21T18:08:37.1703528+00:00	resolved	193.243.158.11			request-failure	301	1	https://vn.ua/	http://vn.ua/	vn.ua	text/html; charset=iso-8859-1	Apache	False	Exception calling "GetResult" with "0" argument(s): "An error occurred while sending the request."	request-failure	0	0		https://vn.ua/	vn.ua			False	Exception calling "GetResult" with "0" argument(s): "An error occurred while sending the request."	dns-only	retest-or-review-exact-host
volyn.ua	2026-07-21T18:08:38.7153482+00:00	failed			Exception calling "Wait" with "1" argument(s): "One or more errors occurred."	request-failure	0	0		http://volyn.ua/	volyn.ua			False	Exception calling "GetResult" with "0" argument(s): "An error occurred while sending the request."	request-failure	0	0		https://volyn.ua/	volyn.ua			False	Exception calling "GetResult" with "0" argument(s): "An error occurred while sending the request."	not-resolved	no-automatic-action
vpndns.net	2026-07-21T18:08:39.8037966+00:00	resolved	158.69.201.22			timeout	0	0		http://vpndns.net/	vpndns.net			False	Exception calling "GetResult" with "0" argument(s): "A task was canceled."	timeout	0	0		https://vpndns.net/	vpndns.net			False	Exception calling "GetResult" with "0" argument(s): "A task was canceled."	temporarily-inconclusive	retest-later
vpnplus.to	2026-07-21T18:09:21.0703426+00:00	failed			Exception calling "Wait" with "1" argument(s): "One or more errors occurred."	request-failure	0	0		http://vpnplus.to/	vpnplus.to			False	Exception calling "GetResult" with "0" argument(s): "An error occurred while sending the request."	request-failure	0	0		https://vpnplus.to/	vpnplus.to			False	Exception calling "GetResult" with "0" argument(s): "An error occurred while sending the request."	not-resolved	no-automatic-action
vps-host.net	2026-07-21T18:09:22.2725513+00:00	resolved	151.139.242.25			timeout	0	0		http://vps-host.net/	vps-host.net			False	Exception calling "GetResult" with "0" argument(s): "A task was canceled."	timeout	0	0		https://vps-host.net/	vps-host.net			False	Exception calling "GetResult" with "0" argument(s): "A task was canceled."	temporarily-inconclusive	retest-later
vr.it	2026-07-21T18:10:03.5264329+00:00	failed			Exception calling "Wait" with "1" argument(s): "One or more errors occurred."	request-failure	0	0		http://vr.it/	vr.it			False	Exception calling "GetResult" with "0" argument(s): "An error occurred while sending the request."	request-failure	0	0		https://vr.it/	vr.it			False	Exception calling "GetResult" with "0" argument(s): "An error occurred while sending the request."	not-resolved	no-automatic-action
vs.it	2026-07-21T18:10:04.5656184+00:00	failed			Exception calling "Wait" with "1" argument(s): "One or more errors occurred."	request-failure	0	0		http://vs.it/	vs.it			False	Exception calling "GetResult" with "0" argument(s): "An error occurred while sending the request."	request-failure	0	0		https://vs.it/	vs.it			False	Exception calling "GetResult" with "0" argument(s): "An error occurred while sending the request."	not-resolved	no-automatic-action
vt.it	2026-07-21T18:10:05.5950615+00:00	failed			Exception calling "Wait" with "1" argument(s): "One or more errors occurred."	request-failure	0	0		http://vt.it/	vt.it			False	Exception calling "GetResult" with "0" argument(s): "An error occurred while sending the request."	request-failure	0	0		https://vt.it/	vt.it			False	Exception calling "GetResult" with "0" argument(s): "An error occurred while sending the request."	not-resolved	no-automatic-action
vt.us	2026-07-21T18:10:06.6236955+00:00	failed			Exception calling "Wait" with "1" argument(s): "One or more errors occurred."	request-failure	0	0		http://vt.us/	vt.us			False	Exception calling "GetResult" with "0" argument(s): "An error occurred while sending the request."	request-failure	0	0		https://vt.us/	vt.us			False	Exception calling "GetResult" with "0" argument(s): "An error occurred while sending the request."	not-resolved	no-automatic-action
vv.it	2026-07-21T18:10:07.6793399+00:00	failed			Exception calling "Wait" with "1" argument(s): "One or more errors occurred."	request-failure	0	0		http://vv.it/	vv.it			False	Exception calling "GetResult" with "0" argument(s): "An error occurred while sending the request."	request-failure	0	0		https://vv.it/	vv.it			False	Exception calling "GetResult" with "0" argument(s): "An error occurred while sending the request."	not-resolved	no-automatic-action
w.se	2026-07-21T18:10:08.7085175+00:00	failed			Exception calling "Wait" with "1" argument(s): "One or more errors occurred."	request-failure	0	0		http://w.se/	w.se			False	Exception calling "GetResult" with "0" argument(s): "An error occurred while sending the request."	request-failure	0	0		https://w.se/	w.se			False	Exception calling "GetResult" with "0" argument(s): "An error occurred while sending the request."	not-resolved	no-automatic-action
wa.edu.au	2026-07-21T18:10:09.7836546+00:00	failed			Exception calling "Wait" with "1" argument(s): "One or more errors occurred."	request-failure	0	0		http://wa.edu.au/	wa.edu.au			False	Exception calling "GetResult" with "0" argument(s): "An error occurred while sending the request."	request-failure	0	0		https://wa.edu.au/	wa.edu.au			False	Exception calling "GetResult" with "0" argument(s): "An error occurred while sending the request."	not-resolved	no-automatic-action
wa.us	2026-07-21T18:10:11.1428152+00:00	failed			Exception calling "Wait" with "1" argument(s): "One or more errors occurred."	request-failure	0	0		http://wa.us/	wa.us			False	Exception calling "GetResult" with "0" argument(s): "An error occurred while sending the request."	request-failure	0	0		https://wa.us/	wa.us			False	Exception calling "GetResult" with "0" argument(s): "An error occurred while sending the request."	not-resolved	no-automatic-action
wafflecell.com	2026-07-21T18:10:12.1962027+00:00	failed			Exception calling "Wait" with "1" argument(s): "One or more errors occurred."	request-failure	0	0		http://wafflecell.com/	wafflecell.com			False	Exception calling "GetResult" with "0" argument(s): "An error occurred while sending the request."	request-failure	0	0		https://wafflecell.com/	wafflecell.com			False	Exception calling "GetResult" with "0" argument(s): "An error occurred while sending the request."	not-resolved	no-automatic-action
wakayama.jp	2026-07-21T18:10:17.3353458+00:00	failed			Exception calling "Wait" with "1" argument(s): "One or more errors occurred."	request-failure	0	0		http://wakayama.jp/	wakayama.jp			False	Exception calling "GetResult" with "0" argument(s): "An error occurred while sending the request."	request-failure	0	0		https://wakayama.jp/	wakayama.jp			False	Exception calling "GetResult" with "0" argument(s): "An error occurred while sending the request."	not-resolved	no-automatic-action
walbrzych.pl	2026-07-21T18:10:18.3762637+00:00	failed			Exception calling "Wait" with "1" argument(s): "One or more errors occurred."	request-failure	0	0		http://walbrzych.pl/	walbrzych.pl			False	Exception calling "GetResult" with "0" argument(s): "An error occurred while sending the request."	request-failure	0	0		https://walbrzych.pl/	walbrzych.pl			False	Exception calling "GetResult" with "0" argument(s): "An error occurred while sending the request."	not-resolved	no-automatic-action
warmia.pl	2026-07-21T18:10:19.4302859+00:00	failed			Exception calling "Wait" with "1" argument(s): "One or more errors occurred."	request-failure	0	0		http://warmia.pl/	warmia.pl			False	Exception calling "GetResult" with "0" argument(s): "An error occurred while sending the request."	request-failure	0	0		https://warmia.pl/	warmia.pl			False	Exception calling "GetResult" with "0" argument(s): "An error occurred while sending the request."	not-resolved	no-automatic-action
warszawa.pl	2026-07-21T18:10:20.4914823+00:00	failed			Exception calling "Wait" with "1" argument(s): "One or more errors occurred."	request-failure	0	0		http://warszawa.pl/	warszawa.pl			False	Exception calling "GetResult" with "0" argument(s): "An error occurred while sending the request."	request-failure	0	0		https://warszawa.pl/	warszawa.pl			False	Exception calling "GetResult" with "0" argument(s): "An error occurred while sending the request."	not-resolved	no-automatic-action
waw.pl	2026-07-21T18:10:21.5259296+00:00	failed			Exception calling "Wait" with "1" argument(s): "One or more errors occurred."	request-failure	0	0		http://waw.pl/	waw.pl			False	Exception calling "GetResult" with "0" argument(s): "An error occurred while sending the request."	request-failure	0	0		https://waw.pl/	waw.pl			False	Exception calling "GetResult" with "0" argument(s): "An error occurred while sending the request."	not-resolved	no-automatic-action
we.bs	2026-07-21T18:10:22.5760934+00:00	failed			Exception calling "Wait" with "1" argument(s): "One or more errors occurred."	request-failure	0	0		http://we.bs/	we.bs			False	Exception calling "GetResult" with "0" argument(s): "An error occurred while sending the request."	request-failure	0	0		https://we.bs/	we.bs			False	Exception calling "GetResult" with "0" argument(s): "An error occurred while sending the request."	not-resolved	no-automatic-action
web.id	2026-07-21T18:10:23.7309428+00:00	failed			Exception calling "Wait" with "1" argument(s): "One or more errors occurred."	request-failure	0	0		http://web.id/	web.id			False	Exception calling "GetResult" with "0" argument(s): "An error occurred while sending the request."	request-failure	0	0		https://web.id/	web.id			False	Exception calling "GetResult" with "0" argument(s): "An error occurred while sending the request."	not-resolved	no-automatic-action
web.in	2026-07-21T18:10:25.8642633+00:00	failed			Exception calling "Wait" with "1" argument(s): "One or more errors occurred."	request-failure	0	0		http://web.in/	web.in			False	Exception calling "GetResult" with "0" argument(s): "An error occurred while sending the request."	request-failure	0	0		https://web.in/	web.in			False	Exception calling "GetResult" with "0" argument(s): "An error occurred while sending the request."	not-resolved	no-automatic-action
web.lk	2026-07-21T18:10:26.9210118+00:00	failed			Exception calling "Wait" with "1" argument(s): "One or more errors occurred."	request-failure	0	0		http://web.lk/	web.lk			False	Exception calling "GetResult" with "0" argument(s): "An error occurred while sending the request."	request-failure	0	0		https://web.lk/	web.lk			False	Exception calling "GetResult" with "0" argument(s): "An error occurred while sending the request."	not-resolved	no-automatic-action
web.pk	2026-07-21T18:10:28.0274514+00:00	resolved	10.0.0.1			timeout	0	0		http://web.pk/	web.pk			False	Exception calling "GetResult" with "0" argument(s): "A task was canceled."	timeout	0	0		https://web.pk/	web.pk			False	Exception calling "GetResult" with "0" argument(s): "A task was canceled."	temporarily-inconclusive	retest-later
web.tr	2026-07-21T18:11:09.1572742+00:00	failed			Exception calling "Wait" with "1" argument(s): "One or more errors occurred."	request-failure	0	0		http://web.tr/	web.tr			False	Exception calling "GetResult" with "0" argument(s): "An error occurred while sending the request."	request-failure	0	0		https://web.tr/	web.tr			False	Exception calling "GetResult" with "0" argument(s): "An error occurred while sending the request."	not-resolved	no-automatic-action
web.ve	2026-07-21T18:11:10.2364064+00:00	failed			Exception calling "Wait" with "1" argument(s): "One or more errors occurred."	request-failure	0	0		http://web.ve/	web.ve			False	Exception calling "GetResult" with "0" argument(s): "An error occurred while sending the request."	request-failure	0	0		https://web.ve/	web.ve			False	Exception calling "GetResult" with "0" argument(s): "An error occurred while sending the request."	not-resolved	no-automatic-action
web.za	2026-07-21T18:11:11.4445682+00:00	failed			Exception calling "Wait" with "1" argument(s): "One or more errors occurred."	request-failure	0	0		http://web.za/	web.za			False	Exception calling "GetResult" with "0" argument(s): "An error occurred while sending the request."	request-failure	0	0		https://web.za/	web.za			False	Exception calling "GetResult" with "0" argument(s): "An error occurred while sending the request."	not-resolved	no-automatic-action
webhosting.be	2026-07-21T18:11:12.6754207+00:00	failed			Exception calling "Wait" with "1" argument(s): "One or more errors occurred."	request-failure	0	0		http://webhosting.be/	webhosting.be			False	Exception calling "GetResult" with "0" argument(s): "An error occurred while sending the request."	request-failure	0	0		https://webhosting.be/	webhosting.be			False	Exception calling "GetResult" with "0" argument(s): "An error occurred while sending the request."	not-resolved	no-automatic-action
website.one	2026-07-21T18:11:13.7294495+00:00	failed			Exception calling "Wait" with "1" argument(s): "One or more errors occurred."	request-failure	0	0		http://website.one/	website.one			False	Exception calling "GetResult" with "0" argument(s): "An error occurred while sending the request."	request-failure	0	0		https://website.one/	website.one			False	Exception calling "GetResult" with "0" argument(s): "An error occurred while sending the request."	not-resolved	no-automatic-action
websitebuilder.online	2026-07-21T18:11:14.8153334+00:00	failed			Exception calling "Wait" with "1" argument(s): "One or more errors occurred."	request-failure	0	0		http://websitebuilder.online/	websitebuilder.online			False	Exception calling "GetResult" with "0" argument(s): "An error occurred while sending the request."	request-failure	0	0		https://websitebuilder.online/	websitebuilder.online			False	Exception calling "GetResult" with "0" argument(s): "An error occurred while sending the request."	not-resolved	no-automatic-action
websozai.jp	2026-07-21T18:11:15.9222669+00:00	failed			Exception calling "Wait" with "1" argument(s): "One or more errors occurred."	request-failure	0	0		http://websozai.jp/	websozai.jp			False	Exception calling "GetResult" with "0" argument(s): "An error occurred while sending the request."	request-failure	0	0		https://websozai.jp/	websozai.jp			False	Exception calling "GetResult" with "0" argument(s): "An error occurred while sending the request."	not-resolved	no-automatic-action
webspace-host.com	2026-07-21T18:11:17.2337070+00:00	failed			Exception calling "Wait" with "1" argument(s): "One or more errors occurred."	request-failure	0	0		http://webspace-host.com/	webspace-host.com			False	Exception calling "GetResult" with "0" argument(s): "An error occurred while sending the request."	request-failure	0	0		https://webspace-host.com/	webspace-host.com			False	Exception calling "GetResult" with "0" argument(s): "An error occurred while sending the request."	not-resolved	no-automatic-action
weeklylottery.org.uk	2026-07-21T18:11:18.2876206+00:00	resolved	51.104.28.64			request-failure	301	1	https://weeklylottery.org.uk/	http://weeklylottery.org.uk/	weeklylottery.org.uk			False	Exception calling "GetResult" with "0" argument(s): "An error occurred while sending the request."	request-failure	0	0		https://weeklylottery.org.uk/	weeklylottery.org.uk			False	Exception calling "GetResult" with "0" argument(s): "An error occurred while sending the request."	dns-only	retest-or-review-exact-host
wegrow.pl	2026-07-21T18:11:19.6998800+00:00	failed			Exception calling "Wait" with "1" argument(s): "One or more errors occurred."	request-failure	0	0		http://wegrow.pl/	wegrow.pl			False	Exception calling "GetResult" with "0" argument(s): "An error occurred while sending the request."	request-failure	0	0		https://wegrow.pl/	wegrow.pl			False	Exception calling "GetResult" with "0" argument(s): "An error occurred while sending the request."	not-resolved	no-automatic-action
wi.us	2026-07-21T18:11:20.7506739+00:00	failed			Exception calling "Wait" with "1" argument(s): "One or more errors occurred."	request-failure	0	0		http://wi.us/	wi.us			False	Exception calling "GetResult" with "0" argument(s): "An error occurred while sending the request."	request-failure	0	0		https://wi.us/	wi.us			False	Exception calling "GetResult" with "0" argument(s): "An error occurred while sending the request."	not-resolved	no-automatic-action
wielun.pl	2026-07-21T18:11:21.8002621+00:00	failed			Exception calling "Wait" with "1" argument(s): "One or more errors occurred."	request-failure	0	0		http://wielun.pl/	wielun.pl			False	Exception calling "GetResult" with "0" argument(s): "An error occurred while sending the request."	request-failure	0	0		https://wielun.pl/	wielun.pl			False	Exception calling "GetResult" with "0" argument(s): "An error occurred while sending the request."	not-resolved	no-automatic-action
wiih.gov.pl	2026-07-21T18:11:22.8441591+00:00	failed			Exception calling "Wait" with "1" argument(s): "One or more errors occurred."	request-failure	0	0		http://wiih.gov.pl/	wiih.gov.pl			False	Exception calling "GetResult" with "0" argument(s): "An error occurred while sending the request."	request-failure	0	0		https://wiih.gov.pl/	wiih.gov.pl			False	Exception calling "GetResult" with "0" argument(s): "An error occurred while sending the request."	not-resolved	no-automatic-action
wiki.br	2026-07-21T18:11:23.8832752+00:00	failed			Exception calling "Wait" with "1" argument(s): "One or more errors occurred."	request-failure	0	0		http://wiki.br/	wiki.br			False	Exception calling "GetResult" with "0" argument(s): "An error occurred while sending the request."	request-failure	0	0		https://wiki.br/	wiki.br			False	Exception calling "GetResult" with "0" argument(s): "An error occurred while sending the request."	not-resolved	no-automatic-action
wios.gov.pl	2026-07-21T18:11:24.9419942+00:00	failed			Exception calling "Wait" with "1" argument(s): "One or more errors occurred."	request-failure	0	0		http://wios.gov.pl/	wios.gov.pl			False	Exception calling "GetResult" with "0" argument(s): "An error occurred while sending the request."	request-failure	0	0		https://wios.gov.pl/	wios.gov.pl			False	Exception calling "GetResult" with "0" argument(s): "An error occurred while sending the request."	not-resolved	no-automatic-action
wiw.gov.pl	2026-07-21T18:11:25.9755479+00:00	failed			Exception calling "Wait" with "1" argument(s): "One or more errors occurred."	request-failure	0	0		http://wiw.gov.pl/	wiw.gov.pl			False	Exception calling "GetResult" with "0" argument(s): "An error occurred while sending the request."	request-failure	0	0		https://wiw.gov.pl/	wiw.gov.pl			False	Exception calling "GetResult" with "0" argument(s): "An error occurred while sending the request."	not-resolved	no-automatic-action
wixsite.com	2026-07-21T18:11:27.0106576+00:00	failed			Exception calling "Wait" with "1" argument(s): "One or more errors occurred."	request-failure	0	0		http://wixsite.com/	wixsite.com			False	Exception calling "GetResult" with "0" argument(s): "An error occurred while sending the request."	request-failure	0	0		https://wixsite.com/	wixsite.com			False	Exception calling "GetResult" with "0" argument(s): "An error occurred while sending the request."	not-resolved	no-automatic-action
wixstudio.io	2026-07-21T18:11:28.0603083+00:00	failed			Exception calling "Wait" with "1" argument(s): "One or more errors occurred."	request-failure	0	0		http://wixstudio.io/	wixstudio.io			False	Exception calling "GetResult" with "0" argument(s): "An error occurred while sending the request."	request-failure	0	0		https://wixstudio.io/	wixstudio.io			False	Exception calling "GetResult" with "0" argument(s): "An error occurred while sending the request."	not-resolved	no-automatic-action
wjg.jp	2026-07-21T18:11:29.1291720+00:00	failed			Exception calling "Wait" with "1" argument(s): "One or more errors occurred."	request-failure	0	0		http://wjg.jp/	wjg.jp			False	Exception calling "GetResult" with "0" argument(s): "An error occurred while sending the request."	request-failure	0	0		https://wjg.jp/	wjg.jp			False	Exception calling "GetResult" with "0" argument(s): "An error occurred while sending the request."	not-resolved	no-automatic-action
wkz.gov.pl	2026-07-21T18:11:30.4602737+00:00	failed			Exception calling "Wait" with "1" argument(s): "One or more errors occurred."	request-failure	0	0		http://wkz.gov.pl/	wkz.gov.pl			False	Exception calling "GetResult" with "0" argument(s): "An error occurred while sending the request."	request-failure	0	0		https://wkz.gov.pl/	wkz.gov.pl			False	Exception calling "GetResult" with "0" argument(s): "An error occurred while sending the request."	not-resolved	no-automatic-action
wlocl.pl	2026-07-21T18:11:31.5026571+00:00	failed			Exception calling "Wait" with "1" argument(s): "One or more errors occurred."	request-failure	0	0		http://wlocl.pl/	wlocl.pl			False	Exception calling "GetResult" with "0" argument(s): "An error occurred while sending the request."	request-failure	0	0		https://wlocl.pl/	wlocl.pl			False	Exception calling "GetResult" with "0" argument(s): "An error occurred while sending the request."	not-resolved	no-automatic-action
wloclawek.pl	2026-07-21T18:11:32.5694713+00:00	failed			Exception calling "Wait" with "1" argument(s): "One or more errors occurred."	request-failure	0	0		http://wloclawek.pl/	wloclawek.pl			False	Exception calling "GetResult" with "0" argument(s): "An error occurred while sending the request."	request-failure	0	0		https://wloclawek.pl/	wloclawek.pl			False	Exception calling "GetResult" with "0" argument(s): "An error occurred while sending the request."	not-resolved	no-automatic-action
wodzislaw.pl	2026-07-21T18:11:33.6064917+00:00	failed			Exception calling "Wait" with "1" argument(s): "One or more errors occurred."	request-failure	0	0		http://wodzislaw.pl/	wodzislaw.pl			False	Exception calling "GetResult" with "0" argument(s): "An error occurred while sending the request."	request-failure	0	0		https://wodzislaw.pl/	wodzislaw.pl			False	Exception calling "GetResult" with "0" argument(s): "An error occurred while sending the request."	not-resolved	no-automatic-action
wolomin.pl	2026-07-21T18:11:34.6506705+00:00	failed			Exception calling "Wait" with "1" argument(s): "One or more errors occurred."	request-failure	0	0		http://wolomin.pl/	wolomin.pl			False	Exception calling "GetResult" with "0" argument(s): "An error occurred while sending the request."	request-failure	0	0		https://wolomin.pl/	wolomin.pl			False	Exception calling "GetResult" with "0" argument(s): "An error occurred while sending the request."	not-resolved	no-automatic-action
wpsquared.site	2026-07-21T18:11:35.6854988+00:00	failed			Exception calling "Wait" with "1" argument(s): "One or more errors occurred."	request-failure	0	0		http://wpsquared.site/	wpsquared.site			False	Exception calling "GetResult" with "0" argument(s): "An error occurred while sending the request."	request-failure	0	0		https://wpsquared.site/	wpsquared.site			False	Exception calling "GetResult" with "0" argument(s): "An error occurred while sending the request."	not-resolved	no-automatic-action
wroc.pl	2026-07-21T18:11:36.8704786+00:00	failed			Exception calling "Wait" with "1" argument(s): "One or more errors occurred."	request-failure	0	0		http://wroc.pl/	wroc.pl			False	Exception calling "GetResult" with "0" argument(s): "An error occurred while sending the request."	request-failure	0	0		https://wroc.pl/	wroc.pl			False	Exception calling "GetResult" with "0" argument(s): "An error occurred while sending the request."	not-resolved	no-automatic-action
wroclaw.pl	2026-07-21T18:11:37.9336761+00:00	failed			Exception calling "Wait" with "1" argument(s): "One or more errors occurred."	request-failure	0	0		http://wroclaw.pl/	wroclaw.pl			False	Exception calling "GetResult" with "0" argument(s): "An error occurred while sending the request."	request-failure	0	0		https://wroclaw.pl/	wroclaw.pl			False	Exception calling "GetResult" with "0" argument(s): "An error occurred while sending the request."	not-resolved	no-automatic-action
wv.us	2026-07-21T18:11:38.9971048+00:00	failed			Exception calling "Wait" with "1" argument(s): "One or more errors occurred."	request-failure	0	0		http://wv.us/	wv.us			False	Exception calling "GetResult" with "0" argument(s): "An error occurred while sending the request."	request-failure	0	0		https://wv.us/	wv.us			False	Exception calling "GetResult" with "0" argument(s): "An error occurred while sending the request."	not-resolved	no-automatic-action
wy.us	2026-07-21T18:11:40.0477762+00:00	failed			Exception calling "Wait" with "1" argument(s): "One or more errors occurred."	request-failure	0	0		http://wy.us/	wy.us			False	Exception calling "GetResult" with "0" argument(s): "An error occurred while sending the request."	request-failure	0	0		https://wy.us/	wy.us			False	Exception calling "GetResult" with "0" argument(s): "An error occurred while sending the request."	not-resolved	no-automatic-action
x.se	2026-07-21T18:11:41.1007148+00:00	failed			Exception calling "Wait" with "1" argument(s): "One or more errors occurred."	request-failure	0	0		http://x.se/	x.se			False	Exception calling "GetResult" with "0" argument(s): "An error occurred while sending the request."	request-failure	0	0		https://x.se/	x.se			False	Exception calling "GetResult" with "0" argument(s): "An error occurred while sending the request."	not-resolved	no-automatic-action
x0.com	2026-07-21T18:11:42.2231897+00:00	failed			Exception calling "Wait" with "1" argument(s): "One or more errors occurred."	request-failure	0	0		http://x0.com/	x0.com			False	Exception calling "GetResult" with "0" argument(s): "An error occurred while sending the request."	request-failure	0	0		https://x0.com/	x0.com			False	Exception calling "GetResult" with "0" argument(s): "An error occurred while sending the request."	not-resolved	no-automatic-action
x0.to	2026-07-21T18:11:43.5140316+00:00	failed			Exception calling "Wait" with "1" argument(s): "One or more errors occurred."	request-failure	0	0		http://x0.to/	x0.to			False	Exception calling "GetResult" with "0" argument(s): "An error occurred while sending the request."	request-failure	0	0		https://x0.to/	x0.to			False	Exception calling "GetResult" with "0" argument(s): "An error occurred while sending the request."	not-resolved	no-automatic-action
x443.pw	2026-07-21T18:11:44.8478187+00:00	resolved	158.69.201.22			timeout	0	0		http://x443.pw/	x443.pw			False	Exception calling "GetResult" with "0" argument(s): "A task was canceled."	timeout	0	0		https://x443.pw/	x443.pw			False	Exception calling "GetResult" with "0" argument(s): "A task was canceled."	temporarily-inconclusive	retest-later
xii.jp	2026-07-21T18:12:26.0813826+00:00	failed			Exception calling "Wait" with "1" argument(s): "One or more errors occurred."	request-failure	0	0		http://xii.jp/	xii.jp			False	Exception calling "GetResult" with "0" argument(s): "An error occurred while sending the request."	request-failure	0	0		https://xii.jp/	xii.jp			False	Exception calling "GetResult" with "0" argument(s): "An error occurred while sending the request."	not-resolved	no-automatic-action
xj.cn	2026-07-21T18:12:27.3891805+00:00	failed			Exception calling "Wait" with "1" argument(s): "One or more errors occurred."	request-failure	0	0		http://xj.cn/	xj.cn			False	Exception calling "GetResult" with "0" argument(s): "An error occurred while sending the request."	request-failure	0	0		https://xj.cn/	xj.cn			False	Exception calling "GetResult" with "0" argument(s): "An error occurred while sending the request."	not-resolved	no-automatic-action
xnbay.com	2026-07-21T18:12:28.6123865+00:00	failed			Exception calling "Wait" with "1" argument(s): "One or more errors occurred."	request-failure	0	0		http://xnbay.com/	xnbay.com			False	Exception calling "GetResult" with "0" argument(s): "An error occurred while sending the request."	request-failure	0	0		https://xnbay.com/	xnbay.com			False	Exception calling "GetResult" with "0" argument(s): "An error occurred while sending the request."	not-resolved	no-automatic-action
xx.kg	2026-07-21T18:12:29.6517904+00:00	resolved	142.171.123.133			timeout	0	0		http://xx.kg/	xx.kg			False	Exception calling "GetResult" with "0" argument(s): "A task was canceled."	timeout	0	0		https://xx.kg/	xx.kg			False	Exception calling "GetResult" with "0" argument(s): "A task was canceled."	temporarily-inconclusive	retest-later
xyz.br	2026-07-21T18:13:11.0293086+00:00	failed			Exception calling "Wait" with "1" argument(s): "One or more errors occurred."	request-failure	0	0		http://xyz.br/	xyz.br			False	Exception calling "GetResult" with "0" argument(s): "An error occurred while sending the request."	request-failure	0	0		https://xyz.br/	xyz.br			False	Exception calling "GetResult" with "0" argument(s): "An error occurred while sending the request."	not-resolved	no-automatic-action
xz.cn	2026-07-21T18:13:12.1416002+00:00	failed			Exception calling "Wait" with "1" argument(s): "One or more errors occurred."	request-failure	0	0		http://xz.cn/	xz.cn			False	Exception calling "GetResult" with "0" argument(s): "An error occurred while sending the request."	request-failure	0	0		https://xz.cn/	xz.cn			False	Exception calling "GetResult" with "0" argument(s): "An error occurred while sending the request."	not-resolved	no-automatic-action
yamagata.jp	2026-07-21T18:13:13.2037854+00:00	failed			Exception calling "Wait" with "1" argument(s): "One or more errors occurred."	request-failure	0	0		http://yamagata.jp/	yamagata.jp			False	Exception calling "GetResult" with "0" argument(s): "An error occurred while sending the request."	request-failure	0	0		https://yamagata.jp/	yamagata.jp			False	Exception calling "GetResult" with "0" argument(s): "An error occurred while sending the request."	not-resolved	no-automatic-action
yamaguchi.jp	2026-07-21T18:13:14.5122475+00:00	failed			Exception calling "Wait" with "1" argument(s): "One or more errors occurred."	request-failure	0	0		http://yamaguchi.jp/	yamaguchi.jp			False	Exception calling "GetResult" with "0" argument(s): "An error occurred while sending the request."	request-failure	0	0		https://yamaguchi.jp/	yamaguchi.jp			False	Exception calling "GetResult" with "0" argument(s): "An error occurred while sending the request."	not-resolved	no-automatic-action
yamanashi.jp	2026-07-21T18:13:15.5991991+00:00	failed			Exception calling "Wait" with "1" argument(s): "One or more errors occurred."	request-failure	0	0		http://yamanashi.jp/	yamanashi.jp			False	Exception calling "GetResult" with "0" argument(s): "An error occurred while sending the request."	request-failure	0	0		https://yamanashi.jp/	yamanashi.jp			False	Exception calling "GetResult" with "0" argument(s): "An error occurred while sending the request."	not-resolved	no-automatic-action
yandexcloud.net	2026-07-21T18:13:16.6429485+00:00	failed			Exception calling "Wait" with "1" argument(s): "One or more errors occurred."	request-failure	0	0		http://yandexcloud.net/	yandexcloud.net			False	Exception calling "GetResult" with "0" argument(s): "An error occurred while sending the request."	request-failure	0	0		https://yandexcloud.net/	yandexcloud.net			False	Exception calling "GetResult" with "0" argument(s): "An error occurred while sending the request."	not-resolved	no-automatic-action
yarrow-point.wa.us	2026-07-21T18:13:17.7379455+00:00	failed			Exception calling "Wait" with "1" argument(s): "One or more errors occurred."	request-failure	0	0		http://yarrow-point.wa.us/	yarrow-point.wa.us			False	Exception calling "GetResult" with "0" argument(s): "An error occurred while sending the request."	request-failure	0	0		https://yarrow-point.wa.us/	yarrow-point.wa.us			False	Exception calling "GetResult" with "0" argument(s): "An error occurred while sending the request."	not-resolved	no-automatic-action
yk.ca	2026-07-21T18:13:19.1625652+00:00	failed			Exception calling "Wait" with "1" argument(s): "One or more errors occurred."	request-failure	0	0		http://yk.ca/	yk.ca			False	Exception calling "GetResult" with "0" argument(s): "An error occurred while sending the request."	request-failure	0	0		https://yk.ca/	yk.ca			False	Exception calling "GetResult" with "0" argument(s): "An error occurred while sending the request."	not-resolved	no-automatic-action
yn.cn	2026-07-21T18:13:20.2010353+00:00	failed			Exception calling "Wait" with "1" argument(s): "One or more errors occurred."	request-failure	0	0		http://yn.cn/	yn.cn			False	Exception calling "GetResult" with "0" argument(s): "An error occurred while sending the request."	request-failure	0	0		https://yn.cn/	yn.cn			False	Exception calling "GetResult" with "0" argument(s): "An error occurred while sending the request."	not-resolved	no-automatic-action
ynh.fr	2026-07-21T18:13:21.3016884+00:00	failed			Exception calling "Wait" with "1" argument(s): "One or more errors occurred."	request-failure	0	0		http://ynh.fr/	ynh.fr			False	Exception calling "GetResult" with "0" argument(s): "An error occurred while sending the request."	request-failure	0	0		https://ynh.fr/	ynh.fr			False	Exception calling "GetResult" with "0" argument(s): "An error occurred while sending the request."	not-resolved	no-automatic-action
za.bz	2026-07-21T18:13:22.3639900+00:00	resolved	197.81.192.86			timeout	0	0		http://za.bz/	za.bz			False	Exception calling "GetResult" with "0" argument(s): "A task was canceled."	timeout	0	0		https://za.bz/	za.bz			False	Exception calling "GetResult" with "0" argument(s): "A task was canceled."	temporarily-inconclusive	retest-later
za.com	2026-07-21T18:14:03.4488992+00:00	failed			Exception calling "Wait" with "1" argument(s): "One or more errors occurred."	request-failure	0	0		http://za.com/	za.com			False	Exception calling "GetResult" with "0" argument(s): "An error occurred while sending the request."	request-failure	0	0		https://za.com/	za.com			False	Exception calling "GetResult" with "0" argument(s): "An error occurred while sending the request."	not-resolved	no-automatic-action
za.net	2026-07-21T18:14:04.4954161+00:00	failed			Exception calling "Wait" with "1" argument(s): "One or more errors occurred."	request-failure	0	0		http://za.net/	za.net			False	Exception calling "GetResult" with "0" argument(s): "An error occurred while sending the request."	request-failure	0	0		https://za.net/	za.net			False	Exception calling "GetResult" with "0" argument(s): "An error occurred while sending the request."	not-resolved	no-automatic-action
za.org	2026-07-21T18:14:05.6228879+00:00	failed			Exception calling "Wait" with "1" argument(s): "One or more errors occurred."	request-failure	0	0		http://za.org/	za.org			False	Exception calling "GetResult" with "0" argument(s): "An error occurred while sending the request."	request-failure	0	0		https://za.org/	za.org			False	Exception calling "GetResult" with "0" argument(s): "An error occurred while sending the request."	not-resolved	no-automatic-action
zachpomor.pl	2026-07-21T18:14:06.7557791+00:00	failed			Exception calling "Wait" with "1" argument(s): "One or more errors occurred."	request-failure	0	0		http://zachpomor.pl/	zachpomor.pl			False	Exception calling "GetResult" with "0" argument(s): "An error occurred while sending the request."	request-failure	0	0		https://zachpomor.pl/	zachpomor.pl			False	Exception calling "GetResult" with "0" argument(s): "An error occurred while sending the request."	not-resolved	no-automatic-action
zagan.pl	2026-07-21T18:14:07.8146903+00:00	failed			Exception calling "Wait" with "1" argument(s): "One or more errors occurred."	request-failure	0	0		http://zagan.pl/	zagan.pl			False	Exception calling "GetResult" with "0" argument(s): "An error occurred while sending the request."	request-failure	0	0		https://zagan.pl/	zagan.pl			False	Exception calling "GetResult" with "0" argument(s): "An error occurred while sending the request."	not-resolved	no-automatic-action
zarow.pl	2026-07-21T18:14:08.8722393+00:00	failed			Exception calling "Wait" with "1" argument(s): "One or more errors occurred."	request-failure	0	0		http://zarow.pl/	zarow.pl			False	Exception calling "GetResult" with "0" argument(s): "An error occurred while sending the request."	request-failure	0	0		https://zarow.pl/	zarow.pl			False	Exception calling "GetResult" with "0" argument(s): "An error occurred while sending the request."	not-resolved	no-automatic-action
zgora.pl	2026-07-21T18:14:09.9087769+00:00	failed			Exception calling "Wait" with "1" argument(s): "One or more errors occurred."	request-failure	0	0		http://zgora.pl/	zgora.pl			False	Exception calling "GetResult" with "0" argument(s): "An error occurred while sending the request."	request-failure	0	0		https://zgora.pl/	zgora.pl			False	Exception calling "GetResult" with "0" argument(s): "An error occurred while sending the request."	not-resolved	no-automatic-action
zgorzelec.pl	2026-07-21T18:14:10.9377966+00:00	failed			Exception calling "Wait" with "1" argument(s): "One or more errors occurred."	request-failure	0	0		http://zgorzelec.pl/	zgorzelec.pl			False	Exception calling "GetResult" with "0" argument(s): "An error occurred while sending the request."	request-failure	0	0		https://zgorzelec.pl/	zgorzelec.pl			False	Exception calling "GetResult" with "0" argument(s): "An error occurred while sending the request."	not-resolved	no-automatic-action
zj.cn	2026-07-21T18:14:11.9792240+00:00	failed			Exception calling "Wait" with "1" argument(s): "One or more errors occurred."	request-failure	0	0		http://zj.cn/	zj.cn			False	Exception calling "GetResult" with "0" argument(s): "An error occurred while sending the request."	request-failure	0	0		https://zj.cn/	zj.cn			False	Exception calling "GetResult" with "0" argument(s): "An error occurred while sending the request."	not-resolved	no-automatic-action
